file,chuffed_runtime,chuffed_status,chuffed_totalTime,chuffed_initTime,chuffed_solveTime,chuffed_propagations,chuffed_failures,chuffed_nodes
CABPdatasize=4_infinitely_often_receive_for_all_d.dzn,0.07285094261169434,UNSAT,0.053,0.053,0.0,1.0,1.0,1.0
SWPdatasize=2_windowsize=1_infinitely_often_enabled_then_infinitely_often_taken.dzn,0.06503105163574219,SAT,0.051,0.042,0.009,1754.0,0.0,1754.0
Leadernparticipants=3_eventually-stable.dzn,0.11235499382019043,SAT,0.097,0.071,0.026,2633.0,0.0,2633.0
Lift_(Incorrect)nlifts=3_safety_2_2.dzn,0.19788074493408203,SAT,0.182,0.149,0.033,2827.0,0.0,2827.0
CABPdatasize=8_no_duplication_of_messages.dzn,0.38844895362854004,SAT,0.369,0.331,0.038,1647.0,0.0,1647.0
Lift_(Incorrect)nlifts=4_safety_2_1.dzn,22.14827585220337,SAT,22.049,5.878,16.171,42469.0,0.0,42469.0
CABPdatasize=8_infinitely_often_receive_d1.dzn,0.05867791175842285,UNSAT,0.039,0.039,0.0,1.0,1.0,1.0
Pardatasize=8_infinitely_often_enabled_then_infinitely_often_taken.dzn,0.4674408435821533,SAT,0.446,0.222,0.224,8757.0,0.0,8757.0
SWPdatasize=2_windowsize=3_infinitely_often_read_write.dzn,133.7525339126587,SAT,133.558,13.469,120.089,208135.0,0.0,208135.0
SWPdatasize=4_windowsize=1_infinitely_often_enabled_then_infinitely_often_taken.dzn,0.9368159770965576,SAT,0.912,0.416,0.496,11112.0,0.0,11112.0
Lift_(Incorrect)nlifts=2_safety_1.dzn,0.026180028915405273,SAT,0.01,0.009,0.001,210.0,0.0,210.0
Lift_(Correct)nlifts=2_liveness_1_1.dzn,0.025907039642333984,SAT,0.009,0.007,0.002,226.0,0.0,226.0
Elevatorpolicy=LIFO_storeys=3_always_if_max_floor_requested_eventually_at_max_floor.dzn,0.019893884658813477,SAT,0.0,0.0,0.0,11.0,0.0,11.0
Onebitdatasize=3_message_can_be_lost_infinitely_often.dzn,13.450473308563232,UNSAT,13.243,13.243,0.0,1.0,1.0,1.0
ABP(BW)datasize=2_infinitely_often_receive_d1.dzn,0.018977880477905273,SAT,0.002,0.001,0.001,42.0,0.0,42.0
Lift_(Correct)nlifts=3_liveness_2_1.dzn,0.18854284286499023,SAT,0.165,0.106,0.059,2173.0,0.0,2173.0
Pardatasize=2_invariantly_infinitely_many_reachable_taus.dzn,0.020094871520996094,SAT,0.004,0.004,0.0,181.0,0.0,181.0
SWPdatasize=4_windowsize=1_infinitely_often_read_write.dzn,0.06594705581665039,SAT,0.045,0.039,0.006,1306.0,0.0,1306.0
Lift_(Incorrect)nlifts=3_safety_2_1.dzn,0.2831430435180664,SAT,0.264,0.21,0.054,2827.0,0.0,2827.0
Lift_(Incorrect)nlifts=4_safety_2_2.dzn,23.175031900405884,SAT,23.073,6.045,17.028,42469.0,0.0,42469.0
SWPdatasize=2_windowsize=1_invariantly_infinitely_many_reachable_taus.dzn,0.039095163345336914,SAT,0.022,0.021,0.001,544.0,0.0,544.0
CABPdatasize=4_invariantly_infinitely_many_reachable_taus.dzn,0.07141780853271484,SAT,0.053,0.045,0.008,1287.0,0.0,1287.0
Pardatasize=8_nodeadlock.dzn,0.020448684692382812,SAT,0.004,0.004,0.0,165.0,0.0,165.0
SWPdatasize=2_windowsize=3_read_then_eventually_send.dzn,21.857910871505737,UNSAT,21.578,21.578,0.0,1.0,1.0,1.0
CABPdatasize=4_no_duplication_of_messages.dzn,0.10224413871765137,SAT,0.084,0.079,0.005,515.0,0.0,515.0
Snakewidth=4_height=4_white_has_winning_strategy.dzn,0.15569710731506348,SAT,0.138,0.078,0.06,5202.0,0.0,5202.0
Lift_(Correct)nlifts=2_nodeadlock.dzn,0.021733999252319336,SAT,0.004,0.004,0.0,75.0,0.0,75.0
CABPdatasize=2_nodeadlock.dzn,0.023682117462158203,SAT,0.005,0.005,0.0,93.0,0.0,93.0
Lift_(Correct)nlifts=2_liveness_1_2.dzn,0.0245668888092041,SAT,0.008,0.007,0.001,226.0,0.0,226.0
SWPdatasize=2_windowsize=3_infinitely_often_receive_for_all_d.dzn,13.801615715026855,UNSAT,13.606,13.606,0.0,1.0,1.0,1.0
CABPdatasize=8_infinitely_often_enabled_then_infinitely_often_taken.dzn,7.6382222175598145,SAT,7.595,1.76,5.835,38648.0,0.0,38648.0
Lift_(Correct)nlifts=3_liveness_2_2.dzn,0.1708221435546875,SAT,0.153,0.102,0.051,2173.0,0.0,2173.0
ABPdatasize=4_infinitely_often_read_write.dzn,0.01883697509765625,SAT,0.002,0.002,0.0,65.0,0.0,65.0
ABP(BW)datasize=4_read_then_eventually_send.dzn,0.03218793869018555,SAT,0.015,0.014,0.001,149.0,0.0,149.0
SWPdatasize=4_windowsize=1_infinitely_often_lost.dzn,0.06580495834350586,UNSAT,0.048,0.048,0.0,1.0,1.0,1.0
Snakewidth=4_height=4_black_has_winning_strategy.dzn,0.08990597724914551,UNSAT,0.073,0.073,0.0,1.0,1.0,1.0
ABP(BW)datasize=2_no_generation_of_messages.dzn,0.017361879348754883,SAT,0.001,0.001,0.0,25.0,0.0,25.0
SWPdatasize=2_windowsize=1_no_duplication_of_messages.dzn,0.030882835388183594,SAT,0.014,0.014,0.0,183.0,0.0,183.0
CABPdatasize=2_no_duplication_of_messages.dzn,0.0328218936920166,SAT,0.015,0.014,0.001,189.0,0.0,189.0
Lift_(Incorrect)nlifts=4_safety_1.dzn,158.1167643070221,SAT,157.838,18.108,139.73,85625.0,0.0,85625.0
SWPdatasize=8_windowsize=1_no_duplication_of_messages.dzn,1.0859341621398926,SAT,1.052,0.795,0.257,3909.0,0.0,3909.0
ABPdatasize=2_infinitely_often_receive_d1.dzn,0.01906108856201172,SAT,0.002,0.002,0.0,45.0,0.0,45.0
Lift_(Incorrect)nlifts=3_safety_1.dzn,0.8420910835266113,SAT,0.815,0.543,0.272,5286.0,0.0,5286.0
Pardatasize=8_infinitely_often_receive_for_all_d.dzn,0.06395387649536133,UNSAT,0.046,0.046,0.0,1.0,1.0,1.0
ABPdatasize=4_infinitely_often_lost.dzn,0.01914191246032715,UNSAT,0.003,0.003,0.0,1.0,1.0,1.0
CABPdatasize=4_infinitely_often_enabled_then_infinitely_often_taken.dzn,0.5837912559509277,SAT,0.558,0.306,0.252,7797.0,0.0,7797.0
SWPdatasize=2_windowsize=1_infinitely_often_lost.dzn,0.03076767921447754,UNSAT,0.014,0.014,0.0,1.0,1.0,1.0
Lift_(Incorrect)nlifts=2_safety_2_1.dzn,0.02176833152770996,SAT,0.005,0.005,0.0,147.0,0.0,147.0
Lift_(Incorrect)nlifts=4_liveness_2_2.dzn,25.425518035888672,SAT,25.37,2.923,22.447,89233.0,0.0,89233.0
Onebitdatasize=2_messages_can_be_overtaken.dzn,3.5900678634643555,UNSAT,3.526,3.526,0.0,1.0,1.0,1.0
Onebitdatasize=3_infinitely_often_receive_d1.dzn,6.998232841491699,UNSAT,6.899,6.899,0.0,1.0,1.0,1.0
CABPdatasize=8_no_generation_of_messages.dzn,0.23857617378234863,SAT,0.221,0.202,0.019,1276.0,0.0,1276.0
Lift_(Correct)nlifts=3_nodeadlock.dzn,0.12967205047607422,SAT,0.112,0.063,0.049,1207.0,0.0,1207.0
Pardatasize=8_infinitely_often_receive_d1.dzn,0.01916193962097168,UNSAT,0.004,0.004,0.0,1.0,1.0,1.0
SWPdatasize=2_windowsize=4_invariantly_infinitely_many_reachable_taus.dzn,180.0,TIMEOUT,,,,,,
Onebitdatasize=2_no_duplication_of_messages.dzn,23.515373945236206,SAT,23.413,5.628,17.785,43351.0,0.0,43351.0
CABPdatasize=2_infinitely_often_receive_for_all_d.dzn,0.030329227447509766,UNSAT,0.013,0.013,0.0,1.0,1.0,1.0
ABPdatasize=8_nodeadlock.dzn,0.02007603645324707,SAT,0.004,0.003,0.001,141.0,0.0,141.0
Pardatasize=2_read_then_eventually_send.dzn,0.022757768630981445,UNSAT,0.003,0.003,0.0,1.0,1.0,1.0
ABP(BW)datasize=4_infinitely_often_read_write.dzn,0.02054595947265625,SAT,0.002,0.002,0.0,61.0,0.0,61.0
SWPdatasize=2_windowsize=2_no_generation_of_messages.dzn,0.08821892738342285,SAT,0.071,0.069,0.002,355.0,0.0,355.0
ABPdatasize=8_read_then_eventually_send.dzn,0.05410003662109375,SAT,0.036,0.034,0.002,261.0,0.0,261.0
SWPdatasize=2_windowsize=4_read_then_eventually_send.dzn,180.0,TIMEOUT,,,,,,
Pardatasize=4_no_generation_of_messages.dzn,0.026131153106689453,SAT,0.006,0.005,0.001,255.0,0.0,255.0
Pardatasize=4_infinitely_often_enabled_then_infinitely_often_taken.dzn,0.08154439926147461,SAT,0.063,0.045,0.018,2205.0,0.0,2205.0
Lift_(Incorrect)nlifts=4_liveness_2_1.dzn,24.528827905654907,SAT,24.476,2.774,21.702,89535.0,0.0,89535.0
SWPdatasize=4_windowsize=1_no_generation_of_messages.dzn,0.07268977165222168,SAT,0.053,0.052,0.001,352.0,0.0,352.0
Lift_(Incorrect)nlifts=2_safety_2_2.dzn,0.024110078811645508,SAT,0.006,0.006,0.0,147.0,0.0,147.0
SWPdatasize=4_windowsize=2_infinitely_often_receive_d1.dzn,3.5715818405151367,UNSAT,3.511,3.511,0.0,1.0,1.0,1.0
SWPdatasize=4_windowsize=1_nodeadlock.dzn,0.03510427474975586,SAT,0.017,0.017,0.0,155.0,0.0,155.0
Lift_(Correct)nlifts=4_nodeadlock.dzn,1.634774923324585,SAT,1.604,1.015,0.589,6778.0,0.0,6778.0
ABP(BW)datasize=8_invariantly_infinitely_many_reachable_taus.dzn,0.03439211845397949,SAT,0.017,0.014,0.003,523.0,0.0,523.0
Elevatorpolicy=LIFO_storeys=2_always_if_max_floor_requested_eventually_at_max_floor.dzn,0.013283014297485352,SAT,0.0,0.0,0.0,6.0,0.0,6.0
ABPdatasize=8_invariantly_infinitely_many_reachable_taus.dzn,0.026765823364257812,SAT,0.01,0.009,0.001,432.0,0.0,432.0
CABPdatasize=4_nodeadlock.dzn,0.026457786560058594,SAT,0.011,0.011,0.0,163.0,0.0,163.0
SWPdatasize=4_windowsize=1_read_then_eventually_send.dzn,0.15418195724487305,UNSAT,0.135,0.135,0.0,1.0,1.0,1.0
ABP(BW)datasize=2_infinitely_often_read_write.dzn,0.015153884887695312,SAT,0.001,0.001,0.0,37.0,0.0,37.0
Lift_(Correct)nlifts=2_liveness_2_1.dzn,0.02486586570739746,SAT,0.008,0.007,0.001,240.0,0.0,240.0
Pardatasize=4_nodeadlock.dzn,0.018712282180786133,SAT,0.002,0.002,0.0,90.0,0.0,90.0
SWPdatasize=4_windowsize=1_read_then_eventually_send_if_fair.dzn,0.056719064712524414,SAT,0.039,0.031,0.008,1132.0,0.0,1132.0
Lift_(Correct)nlifts=3_liveness_1_1.dzn,0.3479890823364258,SAT,0.331,0.136,0.195,3988.0,0.0,3988.0
BRPdatasize=2_nodeadlock.dzn,0.24130511283874512,SAT,0.221,0.155,0.066,2931.0,0.0,2931.0
SWPdatasize=4_windowsize=3_read_then_eventually_send_if_fair.dzn,180.0,TIMEOUT,,,,,,
Pardatasize=8_invariantly_infinitely_many_reachable_taus.dzn,0.03800606727600098,SAT,0.014,0.009,0.005,691.0,0.0,691.0
CABPdatasize=8_infinitely_often_read_write.dzn,0.0863349437713623,SAT,0.066,0.059,0.007,1864.0,0.0,1864.0
Lift_(Correct)nlifts=2_safety_2_1.dzn,0.018616914749145508,SAT,0.002,0.002,0.0,74.0,0.0,74.0
SWPdatasize=4_windowsize=3_nodeadlock.dzn,180.0,TIMEOUT,,,,,,
ABPdatasize=2_nodeadlock.dzn,0.013955116271972656,SAT,0.001,0.001,0.0,45.0,0.0,45.0
ABPdatasize=8_no_generation_of_messages.dzn,0.04224586486816406,SAT,0.026,0.025,0.001,132.0,0.0,132.0
Hesselinkdatasize=2_property2.dzn,180.0,TIMEOUT,,,,,,
Pardatasize=4_read_then_eventually_send.dzn,0.02819681167602539,UNSAT,0.01,0.01,0.0,1.0,1.0,1.0
SWPdatasize=4_windowsize=2_read_then_eventually_send_if_fair.dzn,156.48305416107178,SAT,156.334,8.402,147.932,180797.0,0.0,180797.0
Pardatasize=4_infinitely_often_receive_for_all_d.dzn,0.03151512145996094,UNSAT,0.008,0.008,0.0,1.0,1.0,1.0
Pardatasize=8_no_duplication_of_messages.dzn,0.07814502716064453,SAT,0.063,0.044,0.019,1534.0,0.0,1534.0
SWPdatasize=2_windowsize=4_no_generation_of_messages.dzn,2.774171829223633,SAT,2.732,1.928,0.804,5075.0,0.0,5075.0
Lift_(Incorrect)nlifts=3_nodeadlock.dzn,0.6059882640838623,UNSAT,0.576,0.576,0.0,1.0,1.0,1.0
SWPdatasize=2_windowsize=3_infinitely_often_receive_d1.dzn,6.431190013885498,UNSAT,6.334,6.334,0.0,1.0,1.0,1.0
SWPdatasize=2_windowsize=2_read_then_eventually_send.dzn,1.0969188213348389,UNSAT,1.068,1.068,0.0,1.0,1.0,1.0
ABPdatasize=8_read_then_eventually_send_if_fair.dzn,0.02058887481689453,SAT,0.006,0.005,0.001,206.0,0.0,206.0
Pardatasize=2_no_generation_of_messages.dzn,0.016846179962158203,SAT,0.001,0.001,0.0,49.0,0.0,49.0
Pardatasize=2_no_duplication_of_messages.dzn,0.024435997009277344,SAT,0.003,0.003,0.0,136.0,0.0,136.0
Hesselinkdatasize=2_nodeadlock.dzn,80.12099885940552,SAT,79.936,11.883,68.053,98200.0,0.0,98200.0
Lift_(Correct)nlifts=2_liveness_2_2.dzn,0.024985074996948242,SAT,0.008,0.007,0.001,240.0,0.0,240.0
SWPdatasize=4_windowsize=2_invariantly_infinitely_many_reachable_taus.dzn,112.39999294281006,SAT,112.261,9.243,103.018,159779.0,0.0,159779.0
CABPdatasize=8_read_then_eventually_send.dzn,0.47589921951293945,UNSAT,0.453,0.453,0.0,1.0,1.0,1.0
SWPdatasize=2_windowsize=4_infinitely_often_lost.dzn,180.0,TIMEOUT,,,,,,
ABPdatasize=4_infinitely_often_receive_d1.dzn,0.025266170501708984,SAT,0.002,0.002,0.0,77.0,0.0,77.0
Onebitdatasize=3_nodeadlock.dzn,25.76117181777954,SAT,25.658,6.114,19.544,48071.0,0.0,48071.0
Lift_(Correct)nlifts=3_liveness_1_2.dzn,0.34135985374450684,SAT,0.324,0.146,0.178,3988.0,0.0,3988.0
Domineeringwidth=4_height=4_player2_has_winning_strategy.dzn,0.047299861907958984,UNSAT,0.031,0.031,0.0,1.0,1.0,1.0
Elevatorpolicy=FIFO_storeys=2_always_if_max_floor_requested_eventually_at_max_floor.dzn,0.018184185028076172,SAT,0.0,0.0,0.0,6.0,0.0,6.0
SWPdatasize=4_windowsize=1_infinitely_often_receive_d1.dzn,0.03512716293334961,UNSAT,0.015,0.015,0.0,1.0,1.0,1.0
Lift_(Correct)nlifts=2_safety_2_2.dzn,0.022211074829101562,SAT,0.002,0.002,0.0,74.0,0.0,74.0
Pardatasize=4_no_duplication_of_messages.dzn,0.027448177337646484,SAT,0.009,0.009,0.0,434.0,0.0,434.0
Hesselinkdatasize=2_property1.dzn,180.0,TIMEOUT,,,,,,
Lift_(Incorrect)nlifts=4_nodeadlock.dzn,22.255999088287354,UNSAT,21.95,21.95,0.0,1.0,1.0,1.0
CABPdatasize=2_infinitely_often_enabled_then_infinitely_often_taken.dzn,0.08932900428771973,SAT,0.067,0.051,0.016,1795.0,0.0,1795.0
Lift_(Correct)nlifts=3_safety_2_2.dzn,0.060092926025390625,SAT,0.043,0.027,0.016,659.0,0.0,659.0
Lift_(Incorrect)nlifts=4_liveness_1_2.dzn,47.256261110305786,UNSAT,46.675,46.675,0.0,1.0,1.0,1.0
Onebitdatasize=3_infinitely_often_read_write.dzn,180.0,TIMEOUT,,,,,,
Lift_(Correct)nlifts=4_safety_2_1.dzn,0.5207102298736572,SAT,0.495,0.341,0.154,2833.0,0.0,2833.0
Onebitdatasize=3_infinitely_often_receive_for_all_d.dzn,21.098393201828003,UNSAT,20.823,20.823,0.0,1.0,1.0,1.0
ABPdatasize=4_nodeadlock.dzn,0.021320104598999023,SAT,0.002,0.002,0.0,77.0,0.0,77.0
SWPdatasize=4_windowsize=1_no_duplication_of_messages.dzn,0.13171601295471191,SAT,0.112,0.107,0.005,721.0,0.0,721.0
ABP(BW)datasize=2_read_then_eventually_send.dzn,0.020318269729614258,SAT,0.004,0.004,0.0,79.0,0.0,79.0
ABP(BW)datasize=4_no_generation_of_messages.dzn,0.02541804313659668,SAT,0.005,0.005,0.0,61.0,0.0,61.0
Pardatasize=8_infinitely_often_read_write.dzn,0.019781827926635742,SAT,0.004,0.004,0.0,179.0,0.0,179.0
CABPdatasize=8_infinitely_often_receive_for_all_d.dzn,0.4215259552001953,UNSAT,0.396,0.396,0.0,1.0,1.0,1.0
Hesselinkdatasize=3_nodeadlock.dzn,180.0,TIMEOUT,,,,,,
SWPdatasize=2_windowsize=3_no_generation_of_messages.dzn,0.48943495750427246,SAT,0.466,0.41,0.056,1389.0,0.0,1389.0
Pardatasize=2_nodeadlock.dzn,0.017420053482055664,SAT,0.001,0.001,0.0,48.0,0.0,48.0
ABPdatasize=2_infinitely_often_read_write.dzn,0.017283201217651367,SAT,0.001,0.001,0.0,41.0,0.0,41.0
SWPdatasize=2_windowsize=3_infinitely_often_lost.dzn,16.28890609741211,UNSAT,16.09,16.09,0.0,1.0,1.0,1.0
Onebitdatasize=2_nodeadlock.dzn,2.9658901691436768,SAT,2.924,1.554,1.37,12488.0,0.0,12488.0
CABPdatasize=8_nodeadlock.dzn,0.04414010047912598,SAT,0.027,0.026,0.001,303.0,0.0,303.0
Elevatorpolicy=FIFO_storeys=3_always_if_max_floor_requested_eventually_at_max_floor.dzn,0.01710224151611328,SAT,0.0,0.0,0.0,10.0,0.0,10.0
BRPdatasize=4_nodeadlock.dzn,1.6634480953216553,SAT,1.628,0.588,1.04,15070.0,0.0,15070.0
SWPdatasize=4_windowsize=2_nodeadlock.dzn,5.181309938430786,SAT,5.122,2.877,2.245,9748.0,0.0,9748.0
Lift_(Correct)nlifts=3_safety_2_1.dzn,0.06560993194580078,SAT,0.046,0.028,0.018,659.0,0.0,659.0
Lift_(Incorrect)nlifts=4_liveness_1_1.dzn,47.48121213912964,UNSAT,46.89,46.89,0.0,1.0,1.0,1.0
Lift_(Correct)nlifts=4_safety_2_2.dzn,0.5270230770111084,SAT,0.501,0.357,0.144,2833.0,0.0,2833.0
SWPdatasize=4_windowsize=2_infinitely_often_read_write.dzn,53.289254903793335,SAT,53.168,7.622,45.546,130375.0,0.0,130375.0
SWPdatasize=8_windowsize=1_infinitely_often_lost.dzn,0.17554879188537598,UNSAT,0.154,0.154,0.0,1.0,1.0,1.0
Lift_(Incorrect)nlifts=2_nodeadlock.dzn,0.024242877960205078,UNSAT,0.009,0.009,0.0,1.0,1.0,1.0
BRPdatasize=2_counting.dzn,180.0,TIMEOUT,,,,,,
SWPdatasize=2_windowsize=3_invariantly_infinitely_many_reachable_taus.dzn,180.0,TIMEOUT,,,,,,
Onebitdatasize=3_messages_can_be_overtaken.dzn,14.233153581619263,UNSAT,14.036,14.036,0.0,1.0,1.0,1.0
Pardatasize=2_infinitely_often_receive_for_all_d.dzn,0.018784046173095703,UNSAT,0.002,0.002,0.0,1.0,1.0,1.0
Onebitdatasize=3_no_duplication_of_messages.dzn,180.0,TIMEOUT,,,,,,
ABPdatasize=2_invariantly_infinitely_many_reachable_taus.dzn,0.01789712905883789,SAT,0.003,0.003,0.0,120.0,0.0,120.0
ABP(BW)datasize=2_invariantly_infinitely_many_reachable_taus.dzn,0.021624088287353516,SAT,0.003,0.003,0.0,139.0,0.0,139.0
Onebitdatasize=3_invariantly_infinitely_many_reachable_taus.dzn,180.0,TIMEOUT,,,,,,
ABP(BW)datasize=4_infinitely_often_receive_d1.dzn,0.019510984420776367,SAT,0.003,0.003,0.0,76.0,0.0,76.0
Pardatasize=2_infinitely_often_enabled_then_infinitely_often_taken.dzn,0.027431249618530273,SAT,0.009,0.007,0.002,561.0,0.0,561.0
SWPdatasize=4_windowsize=3_no_generation_of_messages.dzn,180.0,TIMEOUT,,,,,,
Lift_(Correct)nlifts=3_safety_1.dzn,0.12947368621826172,SAT,0.111,0.068,0.043,1319.0,0.0,1319.0
Elevatorpolicy=FIFO_storeys=6_always_if_max_floor_requested_eventually_at_max_floor.dzn,0.01833796501159668,SAT,0.001,0.001,0.0,10.0,0.0,10.0
Lift_(Correct)nlifts=4_safety_1.dzn,1.1458580493927002,SAT,1.121,0.641,0.48,7271.0,0.0,7271.0
ABPdatasize=8_infinitely_often_enabled_then_infinitely_often_taken.dzn,0.21550297737121582,SAT,0.196,0.173,0.023,1090.0,0.0,1090.0
Pardatasize=4_infinitely_often_read_write.dzn,0.024749755859375,SAT,0.003,0.003,0.0,91.0,0.0,91.0
SWPdatasize=2_windowsize=3_no_duplication_of_messages.dzn,180.0,TIMEOUT,,,,,,
Lift_(Incorrect)nlifts=3_liveness_1_2.dzn,1.3091590404510498,UNSAT,1.269,1.268,0.001,1.0,1.0,1.0
ABP(BW)datasize=2_nodeadlock.dzn,0.018428802490234375,SAT,0.001,0.001,0.0,41.0,0.0,41.0
Elevatorpolicy=LIFO_storeys=4_always_if_max_floor_requested_eventually_at_max_floor.dzn,0.020642995834350586,SAT,0.003,0.003,0.0,15.0,0.0,15.0
Lift_(Incorrect)nlifts=2_liveness_2_2.dzn,0.029911041259765625,SAT,0.009,0.009,0.0,402.0,0.0,402.0
Elevatorpolicy=FIFO_storeys=8_always_if_max_floor_requested_eventually_at_max_floor.dzn,0.01824021339416504,SAT,0.002,0.002,0.0,13.0,0.0,13.0
ABP(BW)datasize=4_infinitely_often_receive_for_all_d.dzn,0.02321004867553711,SAT,0.008,0.008,0.0,82.0,0.0,82.0
SWPdatasize=2_windowsize=2_infinitely_often_receive_d1.dzn,0.3658750057220459,UNSAT,0.346,0.346,0.0,1.0,1.0,1.0
Onebitdatasize=2_messages_read_are_inevitably_sent.dzn,10.001799821853638,SAT,9.94,3.178,6.762,24640.0,0.0,24640.0
SWPdatasize=8_windowsize=1_read_then_eventually_send_if_fair.dzn,0.2825040817260742,SAT,0.263,0.173,0.09,4316.0,0.0,4316.0
ABP(BW)datasize=8_infinitely_often_receive_d1.dzn,0.0271151065826416,SAT,0.005,0.004,0.001,144.0,0.0,144.0
SWPdatasize=2_windowsize=2_infinitely_often_lost.dzn,0.8714590072631836,UNSAT,0.846,0.846,0.0,1.0,1.0,1.0
Hanoindisks=8_eventually_done.dzn,0.12016010284423828,UNSAT,0.103,0.103,0.0,1.0,1.0,1.0
Onebitdatasize=2_infinitely_often_enabled_then_infinitely_often_taken.dzn,180.0,TIMEOUT,,,,,,
Onebitdatasize=3_messages_read_are_inevitably_sent.dzn,118.82064199447632,SAT,118.624,12.79,105.834,100002.0,0.0,100002.0
SWPdatasize=2_windowsize=2_nodeadlock.dzn,0.2044391632080078,SAT,0.187,0.171,0.016,1038.0,0.0,1038.0
Onebitdatasize=2_infinitely_often_receive_for_all_d.dzn,3.833616018295288,UNSAT,3.776,3.776,0.0,1.0,1.0,1.0
SWPdatasize=8_windowsize=1_read_then_eventually_send.dzn,0.9321029186248779,UNSAT,0.899,0.899,0.0,1.0,1.0,1.0
ABP(BW)datasize=8_no_generation_of_messages.dzn,0.06251382827758789,SAT,0.044,0.043,0.001,133.0,0.0,133.0
Onebitdatasize=2_invariantly_infinitely_many_reachable_taus.dzn,18.44721484184265,SAT,18.362,5.234,13.128,46889.0,0.0,46889.0
Hanoindisks=9_eventually_done.dzn,0.37822699546813965,UNSAT,0.358,0.358,0.0,1.0,1.0,1.0
Lift_(Incorrect)nlifts=3_liveness_1_1.dzn,1.3050570487976074,UNSAT,1.261,1.261,0.0,1.0,1.0,1.0
Onebitdatasize=3_read_then_eventually_send.dzn,31.378276824951172,UNSAT,30.985,30.985,0.0,1.0,1.0,1.0
CABPdatasize=2_infinitely_often_receive_d1.dzn,0.02901291847229004,UNSAT,0.005,0.005,0.0,1.0,1.0,1.0
Lift_(Incorrect)nlifts=2_liveness_2_1.dzn,0.031109094619750977,SAT,0.009,0.008,0.001,402.0,0.0,402.0
SWPdatasize=2_windowsize=2_invariantly_infinitely_many_reachable_taus.dzn,1.7534902095794678,SAT,1.726,0.768,0.958,16071.0,0.0,16071.0
ABP(BW)datasize=8_no_duplication_of_messages.dzn,0.08293914794921875,SAT,0.066,0.064,0.002,407.0,0.0,407.0
SWPdatasize=2_windowsize=3_read_then_eventually_send_if_fair.dzn,180.0,TIMEOUT,,,,,,
ABP(BW)datasize=4_nodeadlock.dzn,0.02211475372314453,SAT,0.002,0.002,0.0,75.0,0.0,75.0
Hesselinkdatasize=3_property2.dzn,180.0,TIMEOUT,,,,,,
SWPdatasize=2_windowsize=2_infinitely_often_enabled_then_infinitely_often_taken.dzn,11.721850156784058,SAT,11.669,2.248,9.421,49041.0,0.0,49041.0
Pardatasize=4_invariantly_infinitely_many_reachable_taus.dzn,0.02230381965637207,SAT,0.006,0.005,0.001,351.0,0.0,351.0
CABPdatasize=4_read_then_eventually_send.dzn,0.11293578147888184,UNSAT,0.092,0.092,0.0,1.0,1.0,1.0
SWPdatasize=4_windowsize=2_infinitely_often_enabled_then_infinitely_often_taken.dzn,180.0,TIMEOUT,,,,,,
CABPdatasize=4_infinitely_often_read_write.dzn,0.04440593719482422,SAT,0.021,0.019,0.002,684.0,0.0,684.0
SWPdatasize=4_windowsize=2_read_then_eventually_send.dzn,19.83370614051819,UNSAT,19.613,19.613,0.0,1.0,1.0,1.0
SWPdatasize=2_windowsize=2_read_then_eventually_send_if_fair.dzn,1.6567606925964355,SAT,1.63,0.617,1.013,14403.0,0.0,14403.0
CABPdatasize=2_no_generation_of_messages.dzn,0.022372961044311523,SAT,0.005,0.005,0.0,82.0,0.0,82.0
SWPdatasize=4_windowsize=2_infinitely_often_lost.dzn,11.373653888702393,UNSAT,11.221,11.221,0.0,1.0,1.0,1.0
ABPdatasize=8_infinitely_often_receive_for_all_d.dzn,0.06167006492614746,SAT,0.033,0.032,0.001,155.0,0.0,155.0
ABPdatasize=8_infinitely_often_lost.dzn,0.025789976119995117,UNSAT,0.01,0.009,0.001,1.0,1.0,1.0
SWPdatasize=2_windowsize=1_read_then_eventually_send_if_fair.dzn,0.02202892303466797,SAT,0.008,0.007,0.001,320.0,0.0,320.0
SWPdatasize=2_windowsize=1_read_then_eventually_send.dzn,0.030772924423217773,UNSAT,0.017,0.017,0.0,1.0,1.0,1.0
ABP(BW)datasize=2_infinitely_often_enabled_then_infinitely_often_taken.dzn,0.022043228149414062,SAT,0.008,0.007,0.001,256.0,0.0,256.0
SWPdatasize=4_windowsize=3_infinitely_often_read_write.dzn,180.0,TIMEOUT,,,,,,
SWPdatasize=2_windowsize=4_infinitely_often_read_write.dzn,180.0,TIMEOUT,,,,,,
SWPdatasize=2_windowsize=3_nodeadlock.dzn,9.971253871917725,SAT,9.882,4.653,5.229,13575.0,0.0,13575.0
Lift_(Correct)nlifts=4_liveness_1_1.dzn,18.706454038619995,SAT,18.661,2.139,16.522,52688.0,0.0,52688.0
Lift_(Correct)nlifts=2_safety_1.dzn,0.024879932403564453,SAT,0.004,0.003,0.001,98.0,0.0,98.0
Clobberwidth=4_height=4_black_has_winning_strategy.dzn,180.0,TIMEOUT,,,,,,
Elevatorpolicy=FIFO_storeys=7_always_if_max_floor_requested_eventually_at_max_floor.dzn,0.01846623420715332,SAT,0.002,0.002,0.0,10.0,0.0,10.0
Pardatasize=2_infinitely_often_receive_d1.dzn,0.01769423484802246,UNSAT,0.001,0.001,0.0,1.0,1.0,1.0
Onebitdatasize=3_no_spontaneous_messages.dzn,180.0,TIMEOUT,,,,,,
ABP(BW)datasize=4_no_duplication_of_messages.dzn,0.030197858810424805,SAT,0.012,0.01,0.002,207.0,0.0,207.0
SWPdatasize=8_windowsize=1_infinitely_often_enabled_then_infinitely_often_taken.dzn,24.339949131011963,SAT,24.275,3.258,21.017,77732.0,0.0,77732.0
Onebitdatasize=2_message_can_be_lost_infinitely_often.dzn,3.269960880279541,UNSAT,3.207,3.207,0.0,1.0,1.0,1.0
SWPdatasize=4_windowsize=3_invariantly_infinitely_many_reachable_taus.dzn,180.0,TIMEOUT,,,,,,
SWPdatasize=2_windowsize=4_read_then_eventually_send_if_fair.dzn,180.0,TIMEOUT,,,,,,
SWPdatasize=4_windowsize=2_no_duplication_of_messages.dzn,180.0,TIMEOUT,,,,,,
ABPdatasize=4_infinitely_often_enabled_then_infinitely_often_taken.dzn,0.06126713752746582,SAT,0.04,0.036,0.004,528.0,0.0,528.0
SWPdatasize=2_windowsize=1_infinitely_often_read_write.dzn,0.02868795394897461,SAT,0.012,0.01,0.002,448.0,0.0,448.0
Clobberwidth=4_height=4_white_has_winning_strategy.dzn,13.00728964805603,UNSAT,12.829,12.829,0.0,1.0,1.0,1.0
ABP(BW)datasize=2_infinitely_often_receive_for_all_d.dzn,0.020608901977539062,SAT,0.003,0.003,0.0,44.0,0.0,44.0
Elevatorpolicy=LIFO_storeys=5_always_if_max_floor_requested_eventually_at_max_floor.dzn,0.0495600700378418,SAT,0.032,0.032,0.0,31.0,0.0,31.0
ABPdatasize=8_infinitely_often_receive_d1.dzn,0.019313812255859375,SAT,0.003,0.003,0.0,141.0,0.0,141.0
Onebitdatasize=2_infinitely_often_read_write.dzn,19.24728488922119,SAT,19.177,3.627,15.55,80370.0,0.0,80370.0
SWPdatasize=8_windowsize=1_infinitely_often_receive_d1.dzn,0.10328817367553711,UNSAT,0.077,0.077,0.0,1.0,1.0,1.0
ABPdatasize=4_no_generation_of_messages.dzn,0.01962900161743164,SAT,0.005,0.005,0.0,64.0,0.0,64.0
Onebitdatasize=2_no_generation_of_messages.dzn,2.2622368335723877,SAT,2.23,1.305,0.925,9796.0,0.0,9796.0
SWPdatasize=2_windowsize=4_nodeadlock.dzn,180.0,TIMEOUT,,,,,,
Pardatasize=8_read_then_eventually_send.dzn,0.07295989990234375,UNSAT,0.05,0.05,0.0,1.0,1.0,1.0
ABP(BW)datasize=2_no_duplication_of_messages.dzn,0.019749879837036133,SAT,0.003,0.003,0.0,107.0,0.0,107.0
ABPdatasize=2_read_then_eventually_send.dzn,0.01889491081237793,SAT,0.003,0.002,0.001,80.0,0.0,80.0
CABPdatasize=2_invariantly_infinitely_many_reachable_taus.dzn,0.03570389747619629,SAT,0.017,0.016,0.001,601.0,0.0,601.0
Lift_(Correct)nlifts=4_liveness_1_2.dzn,19.109521865844727,SAT,19.064,2.235,16.829,52688.0,0.0,52688.0
ABPdatasize=4_infinitely_often_receive_for_all_d.dzn,0.028900146484375,SAT,0.007,0.006,0.001,83.0,0.0,83.0
Pardatasize=4_infinitely_often_receive_d1.dzn,0.022825002670288086,UNSAT,0.002,0.002,0.0,1.0,1.0,1.0
Lift_(Incorrect)nlifts=3_liveness_2_2.dzn,0.49266910552978516,SAT,0.456,0.238,0.218,8152.0,0.0,8152.0
SWPdatasize=2_windowsize=3_infinitely_often_enabled_then_infinitely_often_taken.dzn,180.0,TIMEOUT,,,,,,
SWPdatasize=2_windowsize=2_no_duplication_of_messages.dzn,1.9694757461547852,SAT,1.942,1.069,0.873,7803.0,0.0,7803.0
ABPdatasize=2_no_generation_of_messages.dzn,0.016788959503173828,SAT,0.001,0.001,0.0,30.0,0.0,30.0
ABPdatasize=4_read_then_eventually_send_if_fair.dzn,0.01748514175415039,SAT,0.003,0.003,0.0,110.0,0.0,110.0
IEEE1394nparties=2_datasize=2_headersize=2_acksize=2_property3.dzn,180.0,TIMEOUT,,,,,,
ABPdatasize=4_read_then_eventually_send.dzn,0.026076793670654297,SAT,0.008,0.008,0.0,146.0,0.0,146.0
Onebitdatasize=2_read_then_eventually_send.dzn,6.517765998840332,UNSAT,6.422,6.421,0.001,1.0,1.0,1.0
Lift_(Incorrect)nlifts=2_liveness_1_2.dzn,0.038958072662353516,UNSAT,0.02,0.02,0.0,1.0,1.0,1.0
Pardatasize=8_no_generation_of_messages.dzn,0.061326026916503906,SAT,0.037,0.032,0.005,1147.0,0.0,1147.0
SWPdatasize=2_windowsize=4_no_duplication_of_messages.dzn,180.0,TIMEOUT,,,,,,
IEEE1394nparties=2_datasize=2_headersize=2_acksize=2_property2.dzn,180.0,TIMEOUT,,,,,,
IEEE1394nparties=2_datasize=2_headersize=2_acksize=2_nodeadlock.dzn,6.184937000274658,SAT,6.119,4.004,2.115,10981.0,0.0,10981.0
CCP_3.2._max_copies_per_region.dzn,0.02509307861328125,UNSAT,0.001,0.001,0.0,1.0,1.0,1.0
SWPdatasize=2_windowsize=1_no_generation_of_messages.dzn,0.020045042037963867,SAT,0.003,0.003,0.0,43.0,0.0,43.0
Lift_(Incorrect)nlifts=3_liveness_2_1.dzn,0.49336791038513184,SAT,0.471,0.244,0.227,8177.0,0.0,8177.0
CABPdatasize=2_infinitely_often_read_write.dzn,0.024175167083740234,SAT,0.007,0.007,0.0,286.0,0.0,286.0
ABPdatasize=4_invariantly_infinitely_many_reachable_taus.dzn,0.021895885467529297,SAT,0.005,0.004,0.001,224.0,0.0,224.0
Lift_(Incorrect)nlifts=2_liveness_1_1.dzn,0.037600040435791016,UNSAT,0.018,0.018,0.0,1.0,1.0,1.0
ABP(BW)datasize=4_invariantly_infinitely_many_reachable_taus.dzn,0.023254871368408203,SAT,0.006,0.006,0.0,267.0,0.0,267.0
ABP(BW)datasize=8_infinitely_often_enabled_then_infinitely_often_taken.dzn,0.2586379051208496,SAT,0.238,0.216,0.022,1064.0,0.0,1064.0
SWPdatasize=2_windowsize=4_infinitely_often_receive_for_all_d.dzn,173.14504313468933,UNSAT,171.139,171.138,0.001,1.0,1.0,1.0
SWPdatasize=2_windowsize=1_nodeadlock.dzn,0.02503204345703125,SAT,0.004,0.004,0.0,71.0,0.0,71.0
ABPdatasize=2_read_then_eventually_send_if_fair.dzn,0.021645069122314453,SAT,0.001,0.001,0.0,62.0,0.0,62.0
SWPdatasize=2_windowsize=2_infinitely_often_read_write.dzn,1.1569170951843262,SAT,1.129,0.673,0.456,12990.0,0.0,12990.0
IEEE1394nparties=2_datasize=2_headersize=2_acksize=2_property1.dzn,180.0,TIMEOUT,,,,,,
ABP(BW)datasize=8_infinitely_often_read_write.dzn,0.019347190856933594,SAT,0.005,0.005,0.0,109.0,0.0,109.0
CABPdatasize=2_read_then_eventually_send.dzn,0.030342817306518555,UNSAT,0.017,0.017,0.0,1.0,1.0,1.0
SWPdatasize=4_windowsize=1_invariantly_infinitely_many_reachable_taus.dzn,0.06748485565185547,SAT,0.053,0.045,0.008,1624.0,0.0,1624.0
Elevatorpolicy=FIFO_storeys=5_always_if_max_floor_requested_eventually_at_max_floor.dzn,0.014281988143920898,SAT,0.001,0.001,0.0,10.0,0.0,10.0
SWPdatasize=4_windowsize=2_no_generation_of_messages.dzn,9.86365795135498,SAT,9.785,4.473,5.312,14929.0,0.0,14929.0
CABPdatasize=4_no_generation_of_messages.dzn,0.05408787727355957,SAT,0.038,0.036,0.002,320.0,0.0,320.0
Onebitdatasize=3_no_generation_of_messages.dzn,65.09326004981995,SAT,64.936,10.356,54.58,77884.0,0.0,77884.0
Hanoindisks=11_eventually_done.dzn,3.8132410049438477,UNSAT,3.75,3.75,0.0,1.0,1.0,1.0
Elevatorpolicy=LIFO_storeys=6_always_if_max_floor_requested_eventually_at_max_floor.dzn,0.3380279541015625,SAT,0.318,0.312,0.006,50.0,0.0,50.0
ABPdatasize=2_infinitely_often_lost.dzn,0.018391132354736328,UNSAT,0.002,0.002,0.0,1.0,1.0,1.0
Lift_(Correct)nlifts=4_liveness_2_1.dzn,2.377025842666626,SAT,2.348,0.846,1.502,14092.0,0.0,14092.0
SWPdatasize=4_windowsize=3_infinitely_often_receive_d1.dzn,180.0,TIMEOUT,,,,,,
IEEE1394nparties=2_datasize=2_headersize=2_acksize=2_property5.dzn,180.0,TIMEOUT,,,,,,
SWPdatasize=2_windowsize=4_infinitely_often_enabled_then_infinitely_often_taken.dzn,180.0,TIMEOUT,,,,,,
ABP(BW)datasize=8_infinitely_often_receive_for_all_d.dzn,0.058876752853393555,SAT,0.039,0.038,0.001,158.0,0.0,158.0
Onebitdatasize=2_no_spontaneous_messages.dzn,11.057311296463013,SAT,10.978,3.798,7.18,27312.0,0.0,27312.0
SWPdatasize=2_windowsize=4_infinitely_often_receive_d1.dzn,85.23177599906921,UNSAT,84.207,84.207,0.0,1.0,1.0,1.0
ABPdatasize=8_no_duplication_of_messages.dzn,0.0573430061340332,SAT,0.037,0.035,0.002,324.0,0.0,324.0
Domineeringwidth=4_height=4_player1_has_winning_strategy.dzn,0.05406594276428223,SAT,0.036,0.032,0.004,1489.0,0.0,1489.0
Hanoindisks=10_eventually_done.dzn,1.198045253753662,UNSAT,1.167,1.167,0.0,1.0,1.0,1.0
ABP(BW)datasize=4_infinitely_often_enabled_then_infinitely_often_taken.dzn,0.06201815605163574,SAT,0.045,0.04,0.005,510.0,0.0,510.0
IEEE1394nparties=2_datasize=2_headersize=2_acksize=2_property4.dzn,37.32076406478882,SAT,37.144,12.441,24.703,25214.0,0.0,25214.0
Elevatorpolicy=FIFO_storeys=4_always_if_max_floor_requested_eventually_at_max_floor.dzn,0.020090103149414062,SAT,0.001,0.001,0.0,11.0,0.0,11.0
SWPdatasize=8_windowsize=1_no_generation_of_messages.dzn,0.665510892868042,SAT,0.636,0.54,0.096,2656.0,0.0,2656.0
SWPdatasize=2_windowsize=2_infinitely_often_receive_for_all_d.dzn,0.7035090923309326,UNSAT,0.673,0.673,0.0,1.0,1.0,1.0
ABP(BW)datasize=8_read_then_eventually_send.dzn,0.07153201103210449,SAT,0.054,0.051,0.003,289.0,0.0,289.0
CABPdatasize=4_infinitely_often_receive_d1.dzn,0.0299069881439209,UNSAT,0.013,0.013,0.0,1.0,1.0,1.0
Debug_spec_nodeadlock.dzn,0.013874053955078125,SAT,0.0,0.0,0.0,1.0,0.0,1.0
SWPdatasize=4_windowsize=2_infinitely_often_receive_for_all_d.dzn,14.800286054611206,UNSAT,14.59,14.59,0.0,1.0,1.0,1.0
Leadernparticipants=4_eventually-stable.dzn,180.0,TIMEOUT,,,,,,
ABPdatasize=4_no_duplication_of_messages.dzn,0.031905174255371094,SAT,0.008,0.007,0.001,168.0,0.0,168.0
ABPdatasize=8_infinitely_often_read_write.dzn,0.021192073822021484,SAT,0.004,0.003,0.001,113.0,0.0,113.0
SWPdatasize=8_windowsize=1_invariantly_infinitely_many_reachable_taus.dzn,0.4088711738586426,SAT,0.392,0.261,0.131,5464.0,0.0,5464.0
ABP(BW)datasize=8_nodeadlock.dzn,0.019972801208496094,SAT,0.005,0.004,0.001,143.0,0.0,143.0
Onebitdatasize=3_infinitely_often_enabled_then_infinitely_often_taken.dzn,180.0,TIMEOUT,,,,,,
SWPdatasize=2_windowsize=1_infinitely_often_receive_d1.dzn,0.026813983917236328,UNSAT,0.005,0.005,0.0,1.0,1.0,1.0
SWPdatasize=8_windowsize=1_infinitely_often_receive_for_all_d.dzn,0.794907808303833,UNSAT,0.767,0.767,0.0,1.0,1.0,1.0
Lift_(Correct)nlifts=4_liveness_2_2.dzn,2.4042158126831055,SAT,2.378,0.885,1.493,14092.0,0.0,14092.0
ABPdatasize=2_infinitely_often_receive_for_all_d.dzn,0.019453048706054688,SAT,0.002,0.002,0.0,47.0,0.0,47.0
SWPdatasize=8_windowsize=1_infinitely_often_read_write.dzn,0.26953911781311035,SAT,0.242,0.186,0.056,4294.0,0.0,4294.0
Onebitdatasize=2_infinitely_often_receive_d1.dzn,1.7764301300048828,UNSAT,1.738,1.738,0.0,1.0,1.0,1.0
SWPdatasize=8_windowsize=1_nodeadlock.dzn,0.09415698051452637,SAT,0.074,0.069,0.005,443.0,0.0,443.0
SWPdatasize=4_windowsize=1_infinitely_often_receive_for_all_d.dzn,0.11009788513183594,UNSAT,0.093,0.093,0.0,1.0,1.0,1.0
SWPdatasize=2_windowsize=1_infinitely_often_receive_for_all_d.dzn,0.024554967880249023,UNSAT,0.01,0.01,0.0,1.0,1.0,1.0
Hanoindisks=13_eventually_done.dzn,37.54521584510803,UNSAT,37.09,37.09,0.0,1.0,1.0,1.0
CABPdatasize=8_invariantly_infinitely_many_reachable_taus.dzn,0.17403006553649902,SAT,0.156,0.118,0.038,3043.0,0.0,3043.0
ABPdatasize=2_no_duplication_of_messages.dzn,0.018754005432128906,SAT,0.003,0.003,0.0,90.0,0.0,90.0
ABPdatasize=2_infinitely_often_enabled_then_infinitely_often_taken.dzn,0.02327895164489746,SAT,0.007,0.006,0.001,268.0,0.0,268.0
Hanoindisks=12_eventually_done.dzn,11.942961931228638,UNSAT,11.775,11.775,0.0,1.0,1.0,1.0
Pardatasize=2_infinitely_often_read_write.dzn,0.018236160278320312,SAT,0.001,0.001,0.0,47.0,0.0,47.0
Hesselink_(Specification)_Hesselink_(Implementation)_(datasize=2)eq=strong-bisim.dzn,0.015764951705932617,UNSAT,0.0,0.0,0.0,1.0,1.0,1.0
Hesselink_(Specification)_Hesselink_(Implementation)_(datasize=3)eq=strong-bisim.dzn,0.016456127166748047,UNSAT,0.001,0.001,0.0,1.0,1.0,1.0
Hesselink_(Implementation)_Hesselink_(Specification)_(datasize=2)eq=weak-bisim.dzn,180.0,TIMEOUT,,,,,,
Hesselink_(Specification)_Hesselink_(Implementation)_(datasize=2)eq=branching-sim.dzn,180.0,TIMEOUT,,,,,,
Hesselink_(Implementation)_Hesselink_(Specification)_(datasize=2)eq=branching-bisim.dzn,180.0,TIMEOUT,,,,,,
Hesselink_(Specification)_Hesselink_(Implementation)_(datasize=2)eq=branching-bisim.dzn,180.0,TIMEOUT,,,,,,
Hesselink_(Specification)_Hesselink_(Implementation)_(datasize=2)eq=weak-bisim.dzn,180.0,TIMEOUT,,,,,,
Hesselink_(Implementation)_Hesselink_(Specification)_(datasize=3)eq=strong-bisim.dzn,0.01602005958557129,UNSAT,0.001,0.001,0.0,1.0,1.0,1.0
Hesselink_(Implementation)_Hesselink_(Specification)_(datasize=2)eq=branching-sim.dzn,180.0,TIMEOUT,,,,,,
Hesselink_(Implementation)_Hesselink_(Specification)_(datasize=2)eq=strong-bisim.dzn,0.018285751342773438,UNSAT,0.0,0.0,0.0,1.0,1.0,1.0
ABP_ABP(BW)_(datasize=2_capacity=1_windowsize=1)eq=branching-sim.dzn,0.13172006607055664,SAT,0.121,0.118,0.003,380.0,0.0,380.0
ABP(BW)_ABP(BW)_(datasize=4_capacity=1_windowsize=1)eq=strong-bisim.dzn,0.02590203285217285,SAT,0.009,0.008,0.001,196.0,0.0,196.0
ABP_Par_(datasize=2_capacity=1_windowsize=1)eq=strong-bisim.dzn,0.04284501075744629,UNSAT,0.027,0.027,0.0,1.0,1.0,1.0
ABP(BW)_SWP_(datasize=4_capacity=1_windowsize=1)eq=branching-sim.dzn,2.5125961303710938,UNSAT,2.448,2.448,0.0,1.0,1.0,1.0
ABP_SWP_(datasize=4_capacity=1_windowsize=1)eq=strong-bisim.dzn,0.01688098907470703,UNSAT,0.001,0.001,0.0,1.0,1.0,1.0
Buffer_Onebit_(datasize=2_capacity=1_windowsize=1)eq=weak-bisim.dzn,13.870733737945557,UNSAT,13.681,13.681,0.0,1.0,1.0,1.0
ABP(BW)_SWP_(datasize=4_capacity=1_windowsize=1)eq=weak-bisim.dzn,2.2240471839904785,UNSAT,2.18,2.18,0.0,1.0,1.0,1.0
ABP_CABP_(datasize=2_capacity=1_windowsize=1)eq=branching-sim.dzn,1.1636228561401367,UNSAT,1.134,1.134,0.0,1.0,1.0,1.0
SWP_SWP_(datasize=3_capacity=1_windowsize=1)eq=branching-bisim.dzn,10.527442216873169,UNSAT,10.39,10.39,0.0,1.0,1.0,1.0
Buffer_Onebit_(datasize=2_capacity=2_windowsize=1)eq=branching-sim.dzn,20.363961696624756,UNSAT,20.088,20.088,0.0,1.0,1.0,1.0
Buffer_Onebit_(datasize=2_capacity=2_windowsize=1)eq=branching-bisim.dzn,20.166178941726685,UNSAT,19.884,19.883,0.001,1.0,1.0,1.0
Buffer_ABP_(datasize=4_capacity=1_windowsize=1)eq=weak-bisim.dzn,0.028839111328125,SAT,0.012,0.01,0.002,209.0,0.0,209.0
ABP(BW)_Par_(datasize=4_capacity=1_windowsize=1)eq=branching-sim.dzn,0.43506479263305664,SAT,0.413,0.368,0.045,2452.0,0.0,2452.0
Par_Par_(datasize=4_capacity=1_windowsize=1)eq=weak-bisim.dzn,0.36142683029174805,SAT,0.341,0.295,0.046,1936.0,0.0,1936.0
Buffer_SWP_(datasize=4_capacity=1_windowsize=1)eq=weak-bisim.dzn,0.12562799453735352,UNSAT,0.106,0.106,0.0,1.0,1.0,1.0
CABP_SWP_(datasize=4_capacity=1_windowsize=1)eq=strong-bisim.dzn,2.9977688789367676,SAT,2.953,2.035,0.918,7901.0,0.0,7901.0
Buffer_Onebit_(datasize=3_capacity=1_windowsize=1)eq=weak-bisim.dzn,50.76301288604736,UNSAT,50.16,50.16,0.0,1.0,1.0,1.0
CABP_Par_(datasize=2_capacity=1_windowsize=1)eq=strong-bisim.dzn,0.01827406883239746,UNSAT,0.001,0.001,0.0,1.0,1.0,1.0
Buffer_ABP(BW)_(datasize=2_capacity=1_windowsize=1)eq=branching-sim.dzn,0.02293229103088379,SAT,0.005,0.005,0.0,46.0,0.0,46.0
Buffer_SWP_(datasize=2_capacity=2_windowsize=1)eq=branching-bisim.dzn,0.08061003684997559,UNSAT,0.058,0.058,0.0,1.0,1.0,1.0
Onebit_SWP_(datasize=2_capacity=1_windowsize=1)eq=strong-bisim.dzn,180.0,TIMEOUT,,,,,,
SWP_SWP_(datasize=2_capacity=1_windowsize=2)eq=weak-bisim.dzn,180.0,TIMEOUT,,,,,,
CABP_Onebit_(datasize=2_capacity=1_windowsize=1)eq=strong-bisim.dzn,180.0,TIMEOUT,,,,,,
ABP_CABP_(datasize=2_capacity=1_windowsize=1)eq=strong-bisim.dzn,0.01614689826965332,UNSAT,0.001,0.001,0.0,1.0,1.0,1.0
Buffer_Onebit_(datasize=2_capacity=1_windowsize=1)eq=strong-bisim.dzn,0.018997907638549805,UNSAT,0.0,0.0,0.0,1.0,1.0,1.0
CABP_Par_(datasize=2_capacity=1_windowsize=1)eq=branching-sim.dzn,2.444443941116333,SAT,2.394,1.417,0.977,16658.0,0.0,16658.0
ABP(BW)_ABP(BW)_(datasize=4_capacity=1_windowsize=1)eq=branching-bisim.dzn,0.4789707660675049,SAT,0.458,0.429,0.029,1662.0,0.0,1662.0
Buffer_SWP_(datasize=4_capacity=2_windowsize=1)eq=branching-sim.dzn,0.26938915252685547,UNSAT,0.25,0.25,0.0,1.0,1.0,1.0
Buffer_Par_(datasize=2_capacity=1_windowsize=1)eq=branching-bisim.dzn,0.0225827693939209,SAT,0.005,0.005,0.0,207.0,0.0,207.0
Par_Par_(datasize=2_capacity=1_windowsize=1)eq=weak-bisim.dzn,0.16771578788757324,SAT,0.14,0.129,0.011,912.0,0.0,912.0
ABP(BW)_CABP_(datasize=4_capacity=1_windowsize=1)eq=branching-bisim.dzn,3.6752398014068604,UNSAT,3.609,3.609,0.0,1.0,1.0,1.0
CABP_Par_(datasize=2_capacity=1_windowsize=1)eq=branching-bisim.dzn,2.4414548873901367,SAT,2.402,1.413,0.989,16658.0,0.0,16658.0
ABP_SWP_(datasize=2_capacity=1_windowsize=1)eq=branching-sim.dzn,0.6657180786132812,UNSAT,0.644,0.644,0.0,1.0,1.0,1.0
ABP_Onebit_(datasize=2_capacity=1_windowsize=1)eq=branching-bisim.dzn,180.0,TIMEOUT,,,,,,
Buffer_SWP_(datasize=2_capacity=1_windowsize=1)eq=weak-bisim.dzn,0.04997706413269043,UNSAT,0.034,0.034,0.0,1.0,1.0,1.0
Buffer_SWP_(datasize=4_capacity=2_windowsize=1)eq=strong-bisim.dzn,0.014663934707641602,UNSAT,0.0,0.0,0.0,1.0,1.0,1.0
Buffer_Onebit_(datasize=2_capacity=1_windowsize=1)eq=branching-bisim.dzn,13.167846918106079,UNSAT,12.994,12.994,0.0,1.0,1.0,1.0
CABP_SWP_(datasize=2_capacity=1_windowsize=1)eq=branching-sim.dzn,5.820833683013916,UNSAT,5.736,5.736,0.0,1.0,1.0,1.0
Buffer_SWP_(datasize=2_capacity=1_windowsize=1)eq=strong-bisim.dzn,0.017894268035888672,UNSAT,0.0,0.0,0.0,1.0,1.0,1.0
ABP_Onebit_(datasize=2_capacity=1_windowsize=1)eq=branching-sim.dzn,180.0,TIMEOUT,,,,,,
Buffer_Par_(datasize=4_capacity=1_windowsize=1)eq=strong-bisim.dzn,0.015491008758544922,UNSAT,0.0,0.0,0.0,1.0,1.0,1.0
ABP_Par_(datasize=2_capacity=1_windowsize=1)eq=branching-sim.dzn,0.13963913917541504,SAT,0.12,0.117,0.003,693.0,0.0,693.0
ABP(BW)_SWP_(datasize=2_capacity=1_windowsize=1)eq=weak-bisim.dzn,0.7980458736419678,UNSAT,0.77,0.77,0.0,1.0,1.0,1.0
Buffer_CABP_(datasize=2_capacity=1_windowsize=1)eq=branching-sim.dzn,0.06866312026977539,UNSAT,0.053,0.053,0.0,1.0,1.0,1.0
Buffer_ABP_(datasize=4_capacity=1_windowsize=1)eq=branching-sim.dzn,0.024100065231323242,SAT,0.008,0.008,0.0,138.0,0.0,138.0
ABP_ABP_(datasize=4_capacity=1_windowsize=1)eq=branching-bisim.dzn,0.2337632179260254,SAT,0.214,0.211,0.003,570.0,0.0,570.0
ABP_CABP_(datasize=2_capacity=1_windowsize=1)eq=branching-bisim.dzn,1.098863124847412,UNSAT,1.067,1.067,0.0,1.0,1.0,1.0
Buffer_SWP_(datasize=2_capacity=1_windowsize=1)eq=branching-bisim.dzn,0.050995826721191406,UNSAT,0.033,0.033,0.0,1.0,1.0,1.0
Buffer_ABP_(datasize=2_capacity=1_windowsize=1)eq=weak-bisim.dzn,0.01685786247253418,SAT,0.004,0.004,0.0,129.0,0.0,129.0
ABP(BW)_Onebit_(datasize=3_capacity=1_windowsize=1)eq=branching-bisim.dzn,180.0,TIMEOUT,,,,,,
CABP_SWP_(datasize=2_capacity=1_windowsize=1)eq=branching-bisim.dzn,5.84718918800354,UNSAT,5.756,5.756,0.0,1.0,1.0,1.0
SWP_SWP_(datasize=2_capacity=1_windowsize=1)eq=weak-bisim.dzn,2.7974720001220703,UNSAT,2.726,2.726,0.0,1.0,1.0,1.0
ABP_ABP_(datasize=2_capacity=1_windowsize=1)eq=branching-sim.dzn,0.11013007164001465,SAT,0.091,0.089,0.002,286.0,0.0,286.0
ABP_ABP(BW)_(datasize=2_capacity=1_windowsize=1)eq=weak-bisim.dzn,0.12833714485168457,SAT,0.108,0.096,0.012,611.0,0.0,611.0
Buffer_ABP(BW)_(datasize=4_capacity=1_windowsize=1)eq=weak-bisim.dzn,0.03837108612060547,SAT,0.019,0.017,0.002,182.0,0.0,182.0
Buffer_Onebit_(datasize=2_capacity=2_windowsize=1)eq=strong-bisim.dzn,0.014858245849609375,UNSAT,0.0,0.0,0.0,1.0,1.0,1.0
Buffer_ABP(BW)_(datasize=2_capacity=1_windowsize=1)eq=branching-bisim.dzn,0.018380165100097656,SAT,0.005,0.004,0.001,46.0,0.0,46.0
ABP_SWP_(datasize=2_capacity=1_windowsize=1)eq=weak-bisim.dzn,0.4571099281311035,UNSAT,0.437,0.437,0.0,1.0,1.0,1.0
ABP(BW)_Onebit_(datasize=3_capacity=1_windowsize=1)eq=weak-bisim.dzn,180.0,TIMEOUT,,,,,,
ABP(BW)_SWP_(datasize=4_capacity=1_windowsize=1)eq=branching-bisim.dzn,2.488417863845825,UNSAT,2.433,2.433,0.0,1.0,1.0,1.0
ABP(BW)_Onebit_(datasize=3_capacity=1_windowsize=1)eq=strong-bisim.dzn,0.015645980834960938,UNSAT,0.001,0.001,0.0,1.0,1.0,1.0
Par_Par_(datasize=2_capacity=1_windowsize=1)eq=branching-sim.dzn,0.19710898399353027,SAT,0.178,0.158,0.02,2499.0,0.0,2499.0
Buffer_ABP_(datasize=4_capacity=1_windowsize=1)eq=branching-bisim.dzn,0.02387404441833496,SAT,0.009,0.009,0.0,138.0,0.0,138.0
Par_Onebit_(datasize=2_capacity=1_windowsize=1)eq=branching-bisim.dzn,180.0,TIMEOUT,,,,,,
Buffer_Par_(datasize=4_capacity=1_windowsize=1)eq=branching-sim.dzn,0.02815723419189453,SAT,0.011,0.011,0.0,507.0,0.0,507.0
ABP_SWP_(datasize=2_capacity=1_windowsize=1)eq=branching-bisim.dzn,0.5797460079193115,UNSAT,0.561,0.561,0.0,1.0,1.0,1.0
Buffer_SWP_(datasize=4_capacity=1_windowsize=1)eq=strong-bisim.dzn,0.022899866104125977,UNSAT,0.0,0.0,0.0,1.0,1.0,1.0
SWP_SWP_(datasize=3_capacity=1_windowsize=2)eq=strong-bisim.dzn,180.0,TIMEOUT,,,,,,
Buffer_Par_(datasize=2_capacity=1_windowsize=1)eq=strong-bisim.dzn,0.017601966857910156,UNSAT,0.0,0.0,0.0,1.0,1.0,1.0
ABP(BW)_Par_(datasize=4_capacity=1_windowsize=1)eq=branching-bisim.dzn,0.4415130615234375,SAT,0.417,0.366,0.051,2452.0,0.0,2452.0
ABP_ABP_(datasize=2_capacity=1_windowsize=1)eq=weak-bisim.dzn,0.11784482002258301,SAT,0.099,0.08,0.019,627.0,0.0,627.0
Buffer_SWP_(datasize=2_capacity=2_windowsize=1)eq=strong-bisim.dzn,0.015931129455566406,UNSAT,0.001,0.001,0.0,1.0,1.0,1.0
SWP_SWP_(datasize=2_capacity=1_windowsize=1)eq=branching-sim.dzn,5.0075788497924805,UNSAT,4.919,4.919,0.0,1.0,1.0,1.0
ABP_Onebit_(datasize=2_capacity=1_windowsize=1)eq=strong-bisim.dzn,0.019160032272338867,UNSAT,0.001,0.001,0.0,1.0,1.0,1.0
ABP(BW)_ABP(BW)_(datasize=4_capacity=1_windowsize=1)eq=branching-sim.dzn,0.47385692596435547,SAT,0.447,0.419,0.028,1662.0,0.0,1662.0
CABP_SWP_(datasize=4_capacity=1_windowsize=1)eq=weak-bisim.dzn,15.122730016708374,UNSAT,14.928,14.928,0.0,1.0,1.0,1.0
SWP_SWP_(datasize=3_capacity=1_windowsize=1)eq=strong-bisim.dzn,1.4020781517028809,SAT,1.371,1.074,0.297,4528.0,0.0,4528.0
ABP_Par_(datasize=2_capacity=1_windowsize=1)eq=branching-bisim.dzn,0.14601588249206543,SAT,0.126,0.123,0.003,693.0,0.0,693.0
ABP_CABP_(datasize=4_capacity=1_windowsize=1)eq=strong-bisim.dzn,0.018691062927246094,UNSAT,0.001,0.001,0.0,1.0,1.0,1.0
SWP_SWP_(datasize=3_capacity=1_windowsize=1)eq=weak-bisim.dzn,9.432976007461548,UNSAT,9.316,9.316,0.0,1.0,1.0,1.0
Par_SWP_(datasize=2_capacity=1_windowsize=1)eq=branching-sim.dzn,0.7878401279449463,UNSAT,0.758,0.758,0.0,1.0,1.0,1.0
Buffer_SWP_(datasize=4_capacity=1_windowsize=1)eq=branching-sim.dzn,0.1255497932434082,UNSAT,0.107,0.107,0.0,1.0,1.0,1.0
ABP(BW)_Onebit_(datasize=2_capacity=1_windowsize=1)eq=weak-bisim.dzn,180.0,TIMEOUT,,,,,,
CABP_SWP_(datasize=2_capacity=1_windowsize=1)eq=strong-bisim.dzn,0.8772978782653809,SAT,0.849,0.706,0.143,3223.0,0.0,3223.0
Par_SWP_(datasize=4_capacity=1_windowsize=1)eq=branching-bisim.dzn,2.1310861110687256,UNSAT,2.087,2.087,0.0,1.0,1.0,1.0
CABP_SWP_(datasize=2_capacity=1_windowsize=1)eq=weak-bisim.dzn,5.116703033447266,UNSAT,5.021,5.021,0.0,1.0,1.0,1.0
CABP_Par_(datasize=4_capacity=1_windowsize=1)eq=strong-bisim.dzn,0.019035816192626953,UNSAT,0.001,0.001,0.0,1.0,1.0,1.0
ABP_ABP_(datasize=4_capacity=1_windowsize=1)eq=weak-bisim.dzn,0.24307918548583984,SAT,0.212,0.178,0.034,1071.0,0.0,1071.0
ABP(BW)_Onebit_(datasize=3_capacity=1_windowsize=1)eq=branching-sim.dzn,180.0,TIMEOUT,,,,,,
ABP_ABP(BW)_(datasize=4_capacity=1_windowsize=1)eq=branching-bisim.dzn,0.3085968494415283,SAT,0.285,0.28,0.005,758.0,0.0,758.0
ABP_SWP_(datasize=4_capacity=1_windowsize=1)eq=weak-bisim.dzn,1.7028310298919678,UNSAT,1.659,1.659,0.0,1.0,1.0,1.0
Buffer_CABP_(datasize=2_capacity=1_windowsize=1)eq=branching-bisim.dzn,0.06671500205993652,UNSAT,0.047,0.047,0.0,1.0,1.0,1.0
ABP(BW)_CABP_(datasize=4_capacity=1_windowsize=1)eq=branching-sim.dzn,3.6529531478881836,UNSAT,3.587,3.587,0.0,1.0,1.0,1.0
Buffer_ABP(BW)_(datasize=2_capacity=1_windowsize=1)eq=weak-bisim.dzn,0.030369997024536133,SAT,0.007,0.006,0.001,114.0,0.0,114.0
ABP_ABP(BW)_(datasize=4_capacity=1_windowsize=1)eq=weak-bisim.dzn,0.28246188163757324,SAT,0.261,0.236,0.025,1039.0,0.0,1039.0
ABP(BW)_ABP(BW)_(datasize=2_capacity=1_windowsize=1)eq=strong-bisim.dzn,0.02347707748413086,SAT,0.005,0.004,0.001,122.0,0.0,122.0
ABP_Par_(datasize=4_capacity=1_windowsize=1)eq=strong-bisim.dzn,0.08171296119689941,UNSAT,0.054,0.054,0.0,1.0,1.0,1.0
Par_Par_(datasize=4_capacity=1_windowsize=1)eq=branching-bisim.dzn,0.44280195236206055,SAT,0.411,0.33,0.081,5123.0,0.0,5123.0
ABP_SWP_(datasize=2_capacity=1_windowsize=1)eq=strong-bisim.dzn,0.015823841094970703,UNSAT,0.0,0.0,0.0,1.0,1.0,1.0
Buffer_Onebit_(datasize=2_capacity=1_windowsize=1)eq=branching-sim.dzn,13.246063232421875,UNSAT,13.074,13.074,0.0,1.0,1.0,1.0
ABP(BW)_Onebit_(datasize=2_capacity=1_windowsize=1)eq=branching-sim.dzn,180.0,TIMEOUT,,,,,,
ABP_Par_(datasize=2_capacity=1_windowsize=1)eq=weak-bisim.dzn,0.12072491645812988,SAT,0.096,0.092,0.004,543.0,0.0,543.0
Buffer_ABP(BW)_(datasize=2_capacity=1_windowsize=1)eq=strong-bisim.dzn,0.01690387725830078,UNSAT,0.0,0.0,0.0,1.0,1.0,1.0
Buffer_Par_(datasize=4_capacity=1_windowsize=1)eq=branching-bisim.dzn,0.03141975402832031,SAT,0.013,0.012,0.001,507.0,0.0,507.0
ABP(BW)_CABP_(datasize=2_capacity=1_windowsize=1)eq=branching-bisim.dzn,1.542283058166504,UNSAT,1.503,1.503,0.0,1.0,1.0,1.0
CABP_Par_(datasize=4_capacity=1_windowsize=1)eq=branching-sim.dzn,8.30528712272644,SAT,8.237,3.387,4.85,36760.0,0.0,36760.0
CABP_Par_(datasize=4_capacity=1_windowsize=1)eq=branching-bisim.dzn,8.39909291267395,SAT,8.326,3.47,4.856,36760.0,0.0,36760.0
ABP_ABP_(datasize=4_capacity=1_windowsize=1)eq=strong-bisim.dzn,0.020838022232055664,SAT,0.007,0.006,0.001,186.0,0.0,186.0
Buffer_CABP_(datasize=4_capacity=1_windowsize=1)eq=strong-bisim.dzn,0.014616012573242188,UNSAT,0.0,0.0,0.0,1.0,1.0,1.0
ABP_SWP_(datasize=4_capacity=1_windowsize=1)eq=branching-sim.dzn,1.238612174987793,UNSAT,1.2,1.2,0.0,1.0,1.0,1.0
Buffer_SWP_(datasize=2_capacity=2_windowsize=1)eq=branching-sim.dzn,0.080535888671875,UNSAT,0.056,0.056,0.0,1.0,1.0,1.0
ABP(BW)_ABP(BW)_(datasize=2_capacity=1_windowsize=1)eq=branching-bisim.dzn,0.22364401817321777,SAT,0.204,0.199,0.005,832.0,0.0,832.0
ABP_CABP_(datasize=4_capacity=1_windowsize=1)eq=branching-bisim.dzn,2.771397113800049,UNSAT,2.709,2.709,0.0,1.0,1.0,1.0
Buffer_SWP_(datasize=4_capacity=1_windowsize=1)eq=branching-bisim.dzn,0.12400102615356445,UNSAT,0.104,0.104,0.0,1.0,1.0,1.0
Buffer_Onebit_(datasize=3_capacity=1_windowsize=1)eq=strong-bisim.dzn,0.01747727394104004,UNSAT,0.001,0.001,0.0,1.0,1.0,1.0
ABP(BW)_CABP_(datasize=2_capacity=1_windowsize=1)eq=weak-bisim.dzn,1.4274260997772217,SAT,1.386,1.252,0.134,3810.0,0.0,3810.0
CABP_Onebit_(datasize=3_capacity=1_windowsize=1)eq=strong-bisim.dzn,180.0,TIMEOUT,,,,,,
CABP_SWP_(datasize=4_capacity=1_windowsize=1)eq=branching-bisim.dzn,17.25803780555725,UNSAT,17.036,17.036,0.0,1.0,1.0,1.0
Buffer_ABP_(datasize=2_capacity=1_windowsize=1)eq=branching-sim.dzn,0.02036595344543457,SAT,0.004,0.004,0.0,70.0,0.0,70.0
Buffer_CABP_(datasize=2_capacity=1_windowsize=1)eq=weak-bisim.dzn,0.07069683074951172,UNSAT,0.053,0.053,0.0,1.0,1.0,1.0
Par_Onebit_(datasize=2_capacity=1_windowsize=1)eq=branching-sim.dzn,180.0,TIMEOUT,,,,,,
CABP_Par_(datasize=4_capacity=1_windowsize=1)eq=weak-bisim.dzn,4.694944858551025,SAT,4.643,2.945,1.698,11109.0,0.0,11109.0
ABP_ABP_(datasize=2_capacity=1_windowsize=1)eq=branching-bisim.dzn,0.10386991500854492,SAT,0.088,0.087,0.001,286.0,0.0,286.0
Buffer_Onebit_(datasize=3_capacity=1_windowsize=1)eq=branching-sim.dzn,48.61783289909363,UNSAT,48.05,48.05,0.0,1.0,1.0,1.0
Par_SWP_(datasize=4_capacity=1_windowsize=1)eq=strong-bisim.dzn,0.01741790771484375,UNSAT,0.0,0.0,0.0,1.0,1.0,1.0
ABP_CABP_(datasize=2_capacity=1_windowsize=1)eq=weak-bisim.dzn,1.03706693649292,SAT,1.002,0.93,0.072,2506.0,0.0,2506.0
Par_Par_(datasize=2_capacity=1_windowsize=1)eq=strong-bisim.dzn,0.04983806610107422,SAT,0.033,0.031,0.002,441.0,0.0,441.0
CABP_SWP_(datasize=4_capacity=1_windowsize=1)eq=branching-sim.dzn,17.343544721603394,UNSAT,17.106,17.106,0.0,1.0,1.0,1.0
Buffer_CABP_(datasize=4_capacity=1_windowsize=1)eq=branching-sim.dzn,0.17598485946655273,UNSAT,0.153,0.153,0.0,1.0,1.0,1.0
ABP(BW)_ABP(BW)_(datasize=2_capacity=1_windowsize=1)eq=weak-bisim.dzn,0.20411920547485352,SAT,0.185,0.164,0.021,627.0,0.0,627.0
ABP_Par_(datasize=4_capacity=1_windowsize=1)eq=branching-sim.dzn,0.30344676971435547,SAT,0.282,0.266,0.016,1431.0,0.0,1431.0
Buffer_CABP_(datasize=4_capacity=1_windowsize=1)eq=weak-bisim.dzn,0.18054461479187012,UNSAT,0.159,0.159,0.0,1.0,1.0,1.0
ABP(BW)_CABP_(datasize=4_capacity=1_windowsize=1)eq=weak-bisim.dzn,3.77060604095459,SAT,3.709,3.166,0.543,7900.0,0.0,7900.0
CABP_Par_(datasize=2_capacity=1_windowsize=1)eq=weak-bisim.dzn,1.5181632041931152,SAT,1.485,1.207,0.278,4683.0,0.0,4683.0
SWP_SWP_(datasize=2_capacity=1_windowsize=2)eq=branching-sim.dzn,180.0,TIMEOUT,,,,,,
ABP(BW)_SWP_(datasize=2_capacity=1_windowsize=1)eq=branching-sim.dzn,0.8420240879058838,UNSAT,0.817,0.817,0.0,1.0,1.0,1.0
Par_Onebit_(datasize=4_capacity=1_windowsize=1)eq=strong-bisim.dzn,0.01627492904663086,UNSAT,0.001,0.001,0.0,1.0,1.0,1.0
ABP_CABP_(datasize=4_capacity=1_windowsize=1)eq=weak-bisim.dzn,2.594365358352661,SAT,2.549,2.271,0.278,5352.0,0.0,5352.0
ABP_ABP(BW)_(datasize=4_capacity=1_windowsize=1)eq=branching-sim.dzn,0.3138089179992676,SAT,0.287,0.279,0.008,758.0,0.0,758.0
Par_Onebit_(datasize=2_capacity=1_windowsize=1)eq=weak-bisim.dzn,180.0,TIMEOUT,,,,,,
ABP(BW)_ABP(BW)_(datasize=4_capacity=1_windowsize=1)eq=weak-bisim.dzn,0.38349103927612305,SAT,0.353,0.321,0.032,1057.0,0.0,1057.0
Onebit_SWP_(datasize=3_capacity=1_windowsize=1)eq=strong-bisim.dzn,180.0,TIMEOUT,,,,,,
ABP(BW)_CABP_(datasize=2_capacity=1_windowsize=1)eq=strong-bisim.dzn,0.021224021911621094,UNSAT,0.0,0.0,0.0,1.0,1.0,1.0
ABP_CABP_(datasize=4_capacity=1_windowsize=1)eq=branching-sim.dzn,2.7397799491882324,UNSAT,2.69,2.685,0.005,1.0,1.0,1.0
Buffer_SWP_(datasize=4_capacity=2_windowsize=1)eq=branching-bisim.dzn,0.2604491710662842,UNSAT,0.232,0.232,0.0,1.0,1.0,1.0
ABP_Par_(datasize=4_capacity=1_windowsize=1)eq=weak-bisim.dzn,0.2534029483795166,SAT,0.234,0.22,0.014,1123.0,0.0,1123.0
ABP_ABP(BW)_(datasize=4_capacity=1_windowsize=1)eq=strong-bisim.dzn,0.02595806121826172,SAT,0.009,0.008,0.001,196.0,0.0,196.0
Buffer_ABP(BW)_(datasize=4_capacity=1_windowsize=1)eq=branching-sim.dzn,0.027141809463500977,SAT,0.011,0.011,0.0,90.0,0.0,90.0
SWP_SWP_(datasize=3_capacity=1_windowsize=1)eq=branching-sim.dzn,9.36022686958313,UNSAT,9.209,9.209,0.0,1.0,1.0,1.0
ABP(BW)_Par_(datasize=2_capacity=1_windowsize=1)eq=branching-sim.dzn,0.2014627456665039,SAT,0.181,0.168,0.013,1184.0,0.0,1184.0
Buffer_ABP_(datasize=2_capacity=1_windowsize=1)eq=strong-bisim.dzn,0.0192718505859375,UNSAT,0.001,0.001,0.0,1.0,1.0,1.0
ABP(BW)_Par_(datasize=2_capacity=1_windowsize=1)eq=strong-bisim.dzn,0.04609322547912598,UNSAT,0.027,0.027,0.0,1.0,1.0,1.0
ABP(BW)_SWP_(datasize=4_capacity=1_windowsize=1)eq=strong-bisim.dzn,0.01634383201599121,UNSAT,0.0,0.0,0.0,1.0,1.0,1.0
ABP(BW)_Par_(datasize=4_capacity=1_windowsize=1)eq=weak-bisim.dzn,0.36688899993896484,SAT,0.346,0.304,0.042,1723.0,0.0,1723.0
ABP(BW)_Par_(datasize=4_capacity=1_windowsize=1)eq=strong-bisim.dzn,0.0914149284362793,UNSAT,0.068,0.068,0.0,1.0,1.0,1.0
Buffer_Onebit_(datasize=3_capacity=1_windowsize=1)eq=branching-bisim.dzn,48.346458196640015,UNSAT,47.77,47.77,0.0,1.0,1.0,1.0
Buffer_SWP_(datasize=4_capacity=2_windowsize=1)eq=weak-bisim.dzn,0.28585004806518555,UNSAT,0.262,0.262,0.0,1.0,1.0,1.0
ABP(BW)_SWP_(datasize=2_capacity=1_windowsize=1)eq=strong-bisim.dzn,0.017210006713867188,UNSAT,0.001,0.001,0.0,1.0,1.0,1.0
Buffer_ABP_(datasize=4_capacity=1_windowsize=1)eq=strong-bisim.dzn,0.021049022674560547,UNSAT,0.0,0.0,0.0,1.0,1.0,1.0
Buffer_Onebit_(datasize=3_capacity=2_windowsize=1)eq=weak-bisim.dzn,86.40412473678589,UNSAT,85.366,85.363,0.003,1.0,1.0,1.0
ABP_Onebit_(datasize=3_capacity=1_windowsize=1)eq=weak-bisim.dzn,180.0,TIMEOUT,,,,,,
ABP_Onebit_(datasize=3_capacity=1_windowsize=1)eq=branching-bisim.dzn,180.0,TIMEOUT,,,,,,
Par_SWP_(datasize=2_capacity=1_windowsize=1)eq=branching-bisim.dzn,0.8117167949676514,UNSAT,0.781,0.781,0.0,1.0,1.0,1.0
ABP_ABP(BW)_(datasize=2_capacity=1_windowsize=1)eq=strong-bisim.dzn,0.02420496940612793,SAT,0.005,0.004,0.001,122.0,0.0,122.0
ABP_Onebit_(datasize=2_capacity=1_windowsize=1)eq=weak-bisim.dzn,180.0,TIMEOUT,,,,,,
Par_SWP_(datasize=4_capacity=1_windowsize=1)eq=weak-bisim.dzn,1.8194072246551514,UNSAT,1.771,1.77,0.001,1.0,1.0,1.0
Par_Onebit_(datasize=2_capacity=1_windowsize=1)eq=strong-bisim.dzn,0.01835799217224121,UNSAT,0.001,0.001,0.0,1.0,1.0,1.0
ABP(BW)_Onebit_(datasize=2_capacity=1_windowsize=1)eq=branching-bisim.dzn,180.0,TIMEOUT,,,,,,
Par_Par_(datasize=2_capacity=1_windowsize=1)eq=branching-bisim.dzn,0.22961807250976562,SAT,0.207,0.178,0.029,2499.0,0.0,2499.0
ABP(BW)_CABP_(datasize=4_capacity=1_windowsize=1)eq=strong-bisim.dzn,0.01618027687072754,UNSAT,0.001,0.001,0.0,1.0,1.0,1.0
Buffer_CABP_(datasize=4_capacity=1_windowsize=1)eq=branching-bisim.dzn,0.16597771644592285,UNSAT,0.149,0.149,0.0,1.0,1.0,1.0
SWP_SWP_(datasize=2_capacity=1_windowsize=2)eq=branching-bisim.dzn,180.0,TIMEOUT,,,,,,
Buffer_Par_(datasize=4_capacity=1_windowsize=1)eq=weak-bisim.dzn,0.03726792335510254,UNSAT,0.016,0.016,0.0,1.0,1.0,1.0
Buffer_Onebit_(datasize=2_capacity=2_windowsize=1)eq=weak-bisim.dzn,21.418236017227173,UNSAT,21.15,21.15,0.0,1.0,1.0,1.0
ABP_Onebit_(datasize=3_capacity=1_windowsize=1)eq=branching-sim.dzn,180.0,TIMEOUT,,,,,,
ABP_ABP(BW)_(datasize=2_capacity=1_windowsize=1)eq=branching-bisim.dzn,0.1489698886871338,SAT,0.127,0.123,0.004,380.0,0.0,380.0
ABP(BW)_CABP_(datasize=2_capacity=1_windowsize=1)eq=branching-sim.dzn,1.5051567554473877,UNSAT,1.468,1.468,0.0,1.0,1.0,1.0
SWP_SWP_(datasize=2_capacity=1_windowsize=1)eq=strong-bisim.dzn,0.6282880306243896,SAT,0.6,0.526,0.074,2499.0,0.0,2499.0
ABP_SWP_(datasize=4_capacity=1_windowsize=1)eq=branching-bisim.dzn,1.9961941242218018,UNSAT,1.952,1.952,0.0,1.0,1.0,1.0
ABP_Onebit_(datasize=3_capacity=1_windowsize=1)eq=strong-bisim.dzn,0.016031980514526367,UNSAT,0.001,0.001,0.0,1.0,1.0,1.0
Par_SWP_(datasize=2_capacity=1_windowsize=1)eq=strong-bisim.dzn,0.025948047637939453,UNSAT,0.0,0.0,0.0,1.0,1.0,1.0
Par_SWP_(datasize=2_capacity=1_windowsize=1)eq=weak-bisim.dzn,0.6614930629730225,UNSAT,0.63,0.629,0.001,1.0,1.0,1.0
Par_Par_(datasize=4_capacity=1_windowsize=1)eq=branching-sim.dzn,0.4570467472076416,SAT,0.434,0.35,0.084,5123.0,0.0,5123.0
Par_Par_(datasize=4_capacity=1_windowsize=1)eq=strong-bisim.dzn,0.10798788070678711,SAT,0.088,0.077,0.011,863.0,0.0,863.0
ABP(BW)_SWP_(datasize=2_capacity=1_windowsize=1)eq=branching-bisim.dzn,0.8702139854431152,UNSAT,0.831,0.831,0.0,1.0,1.0,1.0
Buffer_ABP_(datasize=2_capacity=1_windowsize=1)eq=branching-bisim.dzn,0.021623611450195312,SAT,0.004,0.004,0.0,70.0,0.0,70.0
Buffer_Onebit_(datasize=3_capacity=2_windowsize=1)eq=branching-bisim.dzn,82.63563394546509,UNSAT,81.651,81.651,0.0,1.0,1.0,1.0
Buffer_Par_(datasize=2_capacity=1_windowsize=1)eq=branching-sim.dzn,0.021591901779174805,SAT,0.005,0.005,0.0,207.0,0.0,207.0
ABP_ABP_(datasize=4_capacity=1_windowsize=1)eq=branching-sim.dzn,0.23722386360168457,SAT,0.218,0.211,0.007,570.0,0.0,570.0
Buffer_ABP(BW)_(datasize=4_capacity=1_windowsize=1)eq=branching-bisim.dzn,0.02978825569152832,SAT,0.014,0.013,0.001,90.0,0.0,90.0
Buffer_Onebit_(datasize=3_capacity=2_windowsize=1)eq=branching-sim.dzn,82.83118200302124,UNSAT,81.853,81.853,0.0,1.0,1.0,1.0
Buffer_Par_(datasize=2_capacity=1_windowsize=1)eq=weak-bisim.dzn,0.023756980895996094,UNSAT,0.005,0.005,0.0,1.0,1.0,1.0
SWP_SWP_(datasize=2_capacity=1_windowsize=1)eq=branching-bisim.dzn,4.972820043563843,UNSAT,4.903,4.903,0.0,1.0,1.0,1.0
Par_SWP_(datasize=4_capacity=1_windowsize=1)eq=branching-sim.dzn,2.152508020401001,UNSAT,2.097,2.097,0.0,1.0,1.0,1.0
ABP_ABP_(datasize=2_capacity=1_windowsize=1)eq=strong-bisim.dzn,0.022029876708984375,SAT,0.004,0.003,0.001,122.0,0.0,122.0
Buffer_CABP_(datasize=2_capacity=1_windowsize=1)eq=strong-bisim.dzn,0.017965078353881836,UNSAT,0.0,0.0,0.0,1.0,1.0,1.0
ABP(BW)_Par_(datasize=2_capacity=1_windowsize=1)eq=weak-bisim.dzn,0.15889883041381836,SAT,0.14,0.129,0.011,815.0,0.0,815.0
Buffer_SWP_(datasize=2_capacity=1_windowsize=1)eq=branching-sim.dzn,0.044113874435424805,UNSAT,0.027,0.027,0.0,1.0,1.0,1.0
Buffer_Onebit_(datasize=3_capacity=2_windowsize=1)eq=strong-bisim.dzn,0.016663074493408203,UNSAT,0.0,0.0,0.0,1.0,1.0,1.0
Buffer_SWP_(datasize=2_capacity=2_windowsize=1)eq=weak-bisim.dzn,0.08356189727783203,UNSAT,0.06,0.06,0.0,1.0,1.0,1.0
ABP(BW)_ABP(BW)_(datasize=2_capacity=1_windowsize=1)eq=branching-sim.dzn,0.2184886932373047,SAT,0.201,0.193,0.008,832.0,0.0,832.0
ABP_Par_(datasize=4_capacity=1_windowsize=1)eq=branching-bisim.dzn,0.32366514205932617,SAT,0.306,0.278,0.028,1431.0,0.0,1431.0
ABP(BW)_Onebit_(datasize=2_capacity=1_windowsize=1)eq=strong-bisim.dzn,0.017128944396972656,UNSAT,0.0,0.0,0.0,1.0,1.0,1.0
ABP(BW)_Par_(datasize=2_capacity=1_windowsize=1)eq=branching-bisim.dzn,0.19724321365356445,SAT,0.18,0.167,0.013,1184.0,0.0,1184.0
SWP_SWP_(datasize=2_capacity=1_windowsize=2)eq=strong-bisim.dzn,180.0,TIMEOUT,,,,,,
Buffer_ABP(BW)_(datasize=4_capacity=1_windowsize=1)eq=strong-bisim.dzn,0.02051997184753418,UNSAT,0.0,0.0,0.0,1.0,1.0,1.0
LTMucalcBinaryCountern=1.dzn,0.017798900604248047,SAT,0.0,0.0,0.0,14.0,0.0,14.0
Includen=7_compact.dzn,0.04686594009399414,SAT,0.031,0.028,0.003,1312.0,0.0,1312.0
StarNesterk=3_n=1.dzn,0.01689291000366211,SAT,0.0,0.0,0.0,30.0,0.0,30.0
StarNesterk=2_n=4.dzn,0.019516944885253906,SAT,0.006,0.005,0.001,538.0,0.0,538.0
StarNesterk=2_n=6_compact.dzn,0.013011932373046875,SAT,0.0,0.0,0.0,9.0,0.0,9.0
FLCTLLimitClosuren=2_compact.dzn,0.020804882049560547,SAT,0.008,0.008,0.0,348.0,0.0,348.0
Nestern=1_compact.dzn,0.013206005096435547,SAT,0.0,0.0,0.0,12.0,0.0,12.0
CTLStarBinaryCountern=1.dzn,0.01339268684387207,SAT,0.0,0.0,0.0,34.0,0.0,34.0
FLCTLStarLimitClosuren=2.dzn,180.0,TIMEOUT,,,,,,
StarNesterk=2_n=5.dzn,0.025140047073364258,SAT,0.01,0.009,0.001,817.0,0.0,817.0
PDLBinaryCountern=1.dzn,0.01676201820373535,SAT,0.0,0.0,0.0,17.0,0.0,17.0
LTMucalcBinaryCountern=2.dzn,0.01773810386657715,SAT,0.001,0.001,0.0,86.0,0.0,86.0
PDLBinaryCountern=3.dzn,0.04951310157775879,SAT,0.033,0.028,0.005,1546.0,0.0,1546.0
StarNesterk=3_n=2.dzn,0.016778945922851562,SAT,0.001,0.001,0.0,75.0,0.0,75.0
StarNesterk=1_n=7_compact.dzn,0.01641225814819336,SAT,0.002,0.002,0.0,45.0,0.0,45.0
StarNesterk=2_n=7.dzn,0.0330350399017334,SAT,0.02,0.017,0.003,1555.0,0.0,1555.0
CTLStarBinaryCountern=7_compact.dzn,0.03265094757080078,SAT,0.019,0.017,0.002,1123.0,0.0,1123.0
Includen=8.dzn,0.0850837230682373,SAT,0.071,0.052,0.019,3724.0,0.0,3724.0
CTLStarBinaryCountern=3.dzn,0.024552106857299805,SAT,0.011,0.01,0.001,795.0,0.0,795.0
MuCalcLimitClosurephi=p_n=0.dzn,0.013264894485473633,SAT,0.0,0.0,0.0,16.0,0.0,16.0
FLCTLStarLimitClosuren=1.dzn,67.07541704177856,SAT,67.034,3.996,63.038,174667.0,0.0,174667.0
CTLStarBinaryCountern=2.dzn,0.019451141357421875,SAT,0.003,0.003,0.0,250.0,0.0,250.0
FLCTLStarLimitClosuren=2_compact.dzn,17.67345905303955,SAT,17.636,9.512,8.124,62953.0,0.0,62953.0
FLCTLLimitClosuren=8.dzn,180.0,TIMEOUT,,,,,,
StarNesterk=2_n=6.dzn,0.03183603286743164,SAT,0.014,0.011,0.003,1156.0,0.0,1156.0
StarNesterk=3_n=5_compact.dzn,0.015906095504760742,SAT,0.001,0.001,0.0,33.0,0.0,33.0
LTMucalcBinaryCountern=6_compact.dzn,0.02632308006286621,SAT,0.005,0.005,0.0,332.0,0.0,332.0
StarNesterk=3_n=3.dzn,0.019242048263549805,SAT,0.002,0.002,0.0,140.0,0.0,140.0
PDLBinaryCountern=2.dzn,0.02174687385559082,SAT,0.002,0.002,0.0,203.0,0.0,203.0
LTMucalcBinaryCountern=3.dzn,0.020450115203857422,SAT,0.004,0.004,0.0,334.0,0.0,334.0
PDLBinaryCountern=6.dzn,100.91777110099792,SAT,100.864,6.021,94.843,214775.0,0.0,214775.0
LTMucalcBinaryCountern=7.dzn,0.756432294845581,SAT,0.736,0.312,0.424,13687.0,0.0,13687.0
StarNesterk=3_n=7.dzn,0.026539087295532227,SAT,0.009,0.008,0.001,600.0,0.0,600.0
PDLBinaryCountern=5_compact.dzn,0.09602665901184082,SAT,0.072,0.061,0.011,2163.0,0.0,2163.0
StarNesterk=2_n=2.dzn,0.023062944412231445,SAT,0.002,0.002,0.0,160.0,0.0,160.0
CTLStarBinaryCountern=2_compact.dzn,0.01876091957092285,SAT,0.0,0.0,0.0,17.0,0.0,17.0
CTLStarBinaryCountern=6.dzn,0.7550609111785889,SAT,0.738,0.305,0.433,14399.0,0.0,14399.0
StarNesterk=1_n=2_compact.dzn,0.016813039779663086,SAT,0.001,0.001,0.0,15.0,0.0,15.0
LTMucalcBinaryCountern=3_compact.dzn,0.015045881271362305,SAT,0.0,0.0,0.0,30.0,0.0,30.0
CTLStarBinaryCountern=7.dzn,2.080672025680542,SAT,2.063,0.504,1.559,35037.0,0.0,35037.0
StarNesterk=2_n=3.dzn,0.020988941192626953,SAT,0.004,0.004,0.0,319.0,0.0,319.0
StarNesterk=3_n=6.dzn,0.021979093551635742,SAT,0.006,0.006,0.0,455.0,0.0,455.0
LTMucalcBinaryCountern=6.dzn,0.200883150100708,SAT,0.184,0.121,0.063,5837.0,0.0,5837.0
PDLBinaryCountern=7.dzn,180.0,TIMEOUT,,,,,,
PDLBinaryCountern=5.dzn,5.125688791275024,SAT,5.101,1.152,3.949,44028.0,0.0,44028.0
FLCTLStarSimpleLimitClosuren=2_compact.dzn,0.2592451572418213,SAT,0.241,0.217,0.024,2861.0,0.0,2861.0
LTMucalcBinaryCountern=4.dzn,0.03137707710266113,SAT,0.014,0.012,0.002,970.0,0.0,970.0
StarNesterk=3_n=4.dzn,0.02073979377746582,SAT,0.003,0.002,0.001,225.0,0.0,225.0
StarNesterk=2_n=1.dzn,0.022177696228027344,SAT,0.0,0.0,0.0,61.0,0.0,61.0
StarNesterk=2_n=3_compact.dzn,0.020289182662963867,SAT,0.0,0.0,0.0,9.0,0.0,9.0
CTLStarBinaryCountern=5.dzn,0.20283889770507812,SAT,0.186,0.107,0.079,5914.0,0.0,5914.0
Includen=2_compact.dzn,0.023482084274291992,SAT,0.007,0.007,0.0,467.0,0.0,467.0
CTLStarBinaryCountern=4.dzn,0.0668330192565918,SAT,0.044,0.035,0.009,2265.0,0.0,2265.0
Petrin=5_compact.dzn,0.018084049224853516,SAT,0.001,0.001,0.0,83.0,0.0,83.0
FLCTLLimitClosuren=7_compact.dzn,7.02454400062561,SAT,6.998,1.985,5.013,49830.0,0.0,49830.0
StarNesterk=3_n=5.dzn,0.0200803279876709,SAT,0.005,0.005,0.0,330.0,0.0,330.0
Nestern=4_compact.dzn,0.32427096366882324,SAT,0.305,0.205,0.1,6817.0,0.0,6817.0
LTMucalcBinaryCountern=5.dzn,0.08000516891479492,SAT,0.059,0.046,0.013,2443.0,0.0,2443.0
PDLBinaryCountern=4.dzn,0.3694281578063965,SAT,0.346,0.202,0.144,8691.0,0.0,8691.0
Petrin=2.dzn,0.016780614852905273,SAT,0.002,0.002,0.0,200.0,0.0,200.0
Nestern=7_compact.dzn,180.0,TIMEOUT,,,,,,
FLCTLLimitClosuren=4_compact.dzn,0.17093396186828613,SAT,0.151,0.124,0.027,3195.0,0.0,3195.0
StarNesterk=1_n=7.dzn,0.3391280174255371,SAT,0.321,0.16,0.161,8776.0,0.0,8776.0
Petrin=6_compact.dzn,0.020203828811645508,SAT,0.001,0.001,0.0,95.0,0.0,95.0
Includen=1_compact.dzn,0.02445816993713379,SAT,0.005,0.004,0.001,298.0,0.0,298.0
CTLStarBinaryCountern=8_compact.dzn,0.07769298553466797,SAT,0.062,0.05,0.012,2611.0,0.0,2611.0
StarNesterk=1_n=8_compact.dzn,0.017244815826416016,SAT,0.002,0.002,0.0,51.0,0.0,51.0
StarNesterk=1_n=6.dzn,0.18665313720703125,SAT,0.171,0.097,0.074,5736.0,0.0,5736.0
FLCTLStarSimpleLimitClosuren=1_compact.dzn,0.12275099754333496,SAT,0.106,0.102,0.004,1264.0,0.0,1264.0
Petrin=3.dzn,0.020444869995117188,SAT,0.004,0.004,0.0,330.0,0.0,330.0
Petrin=1.dzn,0.015752077102661133,SAT,0.001,0.001,0.0,105.0,0.0,105.0
StarNesterk=1_n=4.dzn,0.05266094207763672,SAT,0.036,0.029,0.007,1924.0,0.0,1924.0
StarNesterk=3_n=3_compact.dzn,0.02095794677734375,SAT,0.002,0.002,0.0,21.0,0.0,21.0
StarNesterk=1_n=1_compact.dzn,0.016205787658691406,SAT,0.0,0.0,0.0,9.0,0.0,9.0
CTLStarBinaryCountern=1_compact.dzn,0.01507711410522461,SAT,0.0,0.0,0.0,8.0,0.0,8.0
Includen=8_compact.dzn,0.03937792778015137,SAT,0.026,0.023,0.003,1481.0,0.0,1481.0
StarNesterk=1_n=5.dzn,0.07529687881469727,SAT,0.062,0.043,0.019,3492.0,0.0,3492.0
PDLBinaryCountern=6_compact.dzn,0.33934879302978516,SAT,0.322,0.189,0.133,10183.0,0.0,10183.0
StarNesterk=3_n=6_compact.dzn,0.0196688175201416,SAT,0.001,0.001,0.0,39.0,0.0,39.0
Petrin=4.dzn,0.01871490478515625,SAT,0.005,0.005,0.0,494.0,0.0,494.0
LTMucalcBinaryCountern=5_compact.dzn,0.014418363571166992,SAT,0.002,0.002,0.0,148.0,0.0,148.0
StarNesterk=1_n=1.dzn,0.013524055480957031,SAT,0.001,0.001,0.0,76.0,0.0,76.0
FLCTLStarLimitClosuren=1_compact.dzn,1.071720838546753,SAT,1.054,0.909,0.145,9585.0,0.0,9585.0
FLCTLLimitClosuren=8_compact.dzn,91.01459193229675,SAT,90.957,10.53,80.427,196527.0,0.0,196527.0
PDLBinaryCountern=3_compact.dzn,0.016169071197509766,SAT,0.002,0.002,0.0,105.0,0.0,105.0
CTLStarBinaryCountern=4_compact.dzn,0.014480829238891602,SAT,0.001,0.001,0.0,89.0,0.0,89.0
Petrin=5.dzn,0.021075010299682617,SAT,0.008,0.007,0.001,692.0,0.0,692.0
StarNesterk=1_n=4_compact.dzn,0.0150299072265625,SAT,0.001,0.001,0.0,27.0,0.0,27.0
Petrin=7.dzn,0.027540922164916992,SAT,0.014,0.012,0.002,1190.0,0.0,1190.0
Petrin=3_compact.dzn,0.01359105110168457,SAT,0.001,0.001,0.0,59.0,0.0,59.0
Nestern=2_compact.dzn,0.016129016876220703,SAT,0.003,0.003,0.0,191.0,0.0,191.0
StarNesterk=1_n=2.dzn,0.016538143157958984,SAT,0.004,0.003,0.001,336.0,0.0,336.0
FLCTLLimitClosuren=1_compact.dzn,0.014073848724365234,SAT,0.001,0.001,0.0,69.0,0.0,69.0
ParityAndBuechin=3_compact.dzn,0.299670934677124,SAT,0.285,0.234,0.051,6182.0,0.0,6182.0
StarNesterk=2_n=5_compact.dzn,0.013458728790283203,SAT,0.0,0.0,0.0,9.0,0.0,9.0
FLCTLStarSimpleLimitClosuren=4_compact.dzn,1.708617925643921,SAT,1.692,1.195,0.497,15427.0,0.0,15427.0
StarNesterk=1_n=3.dzn,0.03141498565673828,SAT,0.013,0.01,0.003,912.0,0.0,912.0
Includen=4_compact.dzn,0.028671979904174805,SAT,0.013,0.012,0.001,805.0,0.0,805.0
Petrin=6.dzn,0.03229331970214844,SAT,0.012,0.009,0.003,924.0,0.0,924.0
DemriKillerFormulan=2_compact.dzn,0.38875603675842285,SAT,0.363,0.265,0.098,6831.0,0.0,6831.0
DemriKillerFormulan=2.dzn,3.2214760780334473,SAT,3.201,0.85,2.351,33977.0,0.0,33977.0
Petrin=4_compact.dzn,0.01705026626586914,SAT,0.001,0.001,0.0,71.0,0.0,71.0
StarNesterk=3_n=8_compact.dzn,0.018744945526123047,SAT,0.002,0.002,0.0,51.0,0.0,51.0
FLCTLStarSimpleLimitClosuren=4.dzn,180.0,TIMEOUT,,,,,,
Nestern=5_compact.dzn,2.8834118843078613,SAT,2.86,1.094,1.766,29335.0,0.0,29335.0
FLCTLLimitClosuren=6_compact.dzn,2.639172077178955,SAT,2.619,1.205,1.414,25971.0,0.0,25971.0
ParityAndBuechin=4_compact.dzn,95.63338613510132,SAT,95.546,26.437,69.109,183781.0,0.0,183781.0
StarNesterk=2_n=2_compact.dzn,0.018798828125,SAT,0.001,0.001,0.0,9.0,0.0,9.0
FLCTLStarSimpleLimitClosuren=5.dzn,180.0,TIMEOUT,,,,,,
FLCTLStarSimpleLimitClosuren=3_compact.dzn,0.7044539451599121,SAT,0.686,0.587,0.099,6650.0,0.0,6650.0
Nestern=1.dzn,0.021368026733398438,SAT,0.001,0.001,0.0,22.0,0.0,22.0
Includen=3_compact.dzn,0.02822589874267578,SAT,0.011,0.01,0.001,636.0,0.0,636.0
FairSchedulern=1_compact.dzn,0.01487278938293457,SAT,0.0,0.0,0.0,19.0,0.0,19.0
DemriKillerFormulan=1.dzn,0.015465974807739258,SAT,0.0,0.0,0.0,16.0,0.0,16.0
Petrin=8.dzn,0.035431861877441406,SAT,0.021,0.016,0.005,1490.0,0.0,1490.0
StarNesterk=3_n=1_compact.dzn,0.015302181243896484,SAT,0.0,0.0,0.0,9.0,0.0,9.0
LTMucalcBinaryCountern=2_compact.dzn,0.022500038146972656,SAT,0.0,0.0,0.0,15.0,0.0,15.0
Nestern=3.dzn,0.09833598136901855,SAT,0.079,0.059,0.02,3029.0,0.0,3029.0
PDLBinaryCountern=4_compact.dzn,0.02381300926208496,SAT,0.008,0.008,0.0,467.0,0.0,467.0
FLCTLStarSimpleLimitClosuren=6.dzn,180.0,TIMEOUT,,,,,,
Nestern=2.dzn,0.021791934967041016,SAT,0.004,0.004,0.0,365.0,0.0,365.0
StarNesterk=1_n=3_compact.dzn,0.018769025802612305,SAT,0.0,0.0,0.0,21.0,0.0,21.0
CTLStarBinaryCountern=3_compact.dzn,0.016910076141357422,SAT,0.0,0.0,0.0,38.0,0.0,38.0
Nestern=6.dzn,146.7891240119934,SAT,146.73,6.782,139.948,259455.0,0.0,259455.0
StarNesterk=1_n=8.dzn,0.6282477378845215,SAT,0.61,0.245,0.365,12732.0,0.0,12732.0
Petrin=8_compact.dzn,0.01731419563293457,SAT,0.002,0.002,0.0,119.0,0.0,119.0
FLCTLStarSimpleLimitClosuren=2.dzn,20.689620971679688,SAT,20.658,2.422,18.236,94631.0,0.0,94631.0
LTMucalcBinaryCountern=7_compact.dzn,0.03415083885192871,SAT,0.013,0.013,0.0,778.0,0.0,778.0
StarNesterk=3_n=4_compact.dzn,0.017915010452270508,SAT,0.001,0.001,0.0,27.0,0.0,27.0
CTLStarBinaryCountern=6_compact.dzn,0.021898984909057617,SAT,0.007,0.006,0.001,478.0,0.0,478.0
StarNesterk=1_n=6_compact.dzn,0.015000104904174805,SAT,0.001,0.001,0.0,39.0,0.0,39.0
FLCTLStarSimpleLimitClosuren=3.dzn,120.49683713912964,SAT,120.43,6.411,114.019,234577.0,0.0,234577.0
Nestern=7.dzn,180.0,TIMEOUT,,,,,,
PDLBinaryCountern=1_compact.dzn,0.015736103057861328,SAT,0.001,0.001,0.0,9.0,0.0,9.0
ParityAndBuechin=1_compact.dzn,0.016949176788330078,SAT,0.0,0.0,0.0,19.0,0.0,19.0
FLCTLLimitClosuren=3_compact.dzn,0.03276515007019043,SAT,0.016,0.015,0.001,730.0,0.0,730.0
Nestern=5.dzn,9.478983163833618,SAT,9.454,1.507,7.947,62707.0,0.0,62707.0
FLCTLStarSimpleLimitClosuren=1.dzn,3.6737618446350098,SAT,3.649,0.9,2.749,36735.0,0.0,36735.0
Petrin=1_compact.dzn,0.01718902587890625,SAT,0.0,0.0,0.0,34.0,0.0,34.0
Includen=6_compact.dzn,0.03908991813659668,SAT,0.02,0.017,0.003,1143.0,0.0,1143.0
FLCTLStarSimpleLimitClosuren=6_compact.dzn,21.555514812469482,SAT,21.517,8.499,13.018,80133.0,0.0,80133.0
Nestern=4.dzn,0.7262048721313477,SAT,0.707,0.308,0.399,14053.0,0.0,14053.0
PDLBinaryCountern=8_compact.dzn,117.24116230010986,SAT,117.176,8.17,109.006,228787.0,0.0,228787.0
StarNesterk=2_n=7_compact.dzn,0.018014907836914062,SAT,0.0,0.0,0.0,9.0,0.0,9.0
LTMucalcBinaryCountern=8.dzn,2.926165819168091,SAT,2.907,0.818,2.089,32233.0,0.0,32233.0
FLCTLStarSimpleLimitClosuren=5_compact.dzn,6.182119131088257,SAT,6.15,3.571,2.579,35388.0,0.0,35388.0
StarNesterk=3_n=8.dzn,0.031432151794433594,SAT,0.013,0.011,0.002,765.0,0.0,765.0
StarNesterk=2_n=4_compact.dzn,0.01926898956298828,SAT,0.0,0.0,0.0,9.0,0.0,9.0
Includen=2.dzn,0.03130817413330078,SAT,0.016,0.014,0.002,1126.0,0.0,1126.0
FLCTLLimitClosuren=3.dzn,0.25204896926879883,SAT,0.234,0.132,0.102,6431.0,0.0,6431.0
Includen=5_compact.dzn,0.03332185745239258,SAT,0.016,0.015,0.001,974.0,0.0,974.0
ParityAndBuechin=3.dzn,3.162954092025757,SAT,3.144,0.761,2.383,33969.0,0.0,33969.0
ParityAndBuechin=2.dzn,0.07092809677124023,SAT,0.053,0.04,0.013,2497.0,0.0,2497.0
CTLStarBinaryCountern=8.dzn,15.998132944107056,SAT,15.972,1.935,14.037,82968.0,0.0,82968.0
FLCTLLimitClosuren=2.dzn,0.10992288589477539,SAT,0.093,0.065,0.028,3772.0,0.0,3772.0
Petrin=2_compact.dzn,0.0202181339263916,SAT,0.002,0.002,0.0,47.0,0.0,47.0
Includen=3.dzn,0.04441094398498535,SAT,0.028,0.022,0.006,1559.0,0.0,1559.0
ParityAndBuechin=2_compact.dzn,0.024790048599243164,SAT,0.009,0.008,0.001,456.0,0.0,456.0
PDLBinaryCountern=8.dzn,180.0,TIMEOUT,,,,,,
Nestern=3_compact.dzn,0.07134485244750977,SAT,0.044,0.038,0.006,1562.0,0.0,1562.0
PDLBinaryCountern=2_compact.dzn,0.01816391944885254,SAT,0.0,0.0,0.0,27.0,0.0,27.0
Includen=1.dzn,0.026272058486938477,SAT,0.009,0.008,0.001,693.0,0.0,693.0
StarNesterk=1_n=5_compact.dzn,0.019507884979248047,SAT,0.001,0.001,0.0,33.0,0.0,33.0
CTLStarBinaryCountern=5_compact.dzn,0.01844310760498047,SAT,0.003,0.003,0.0,209.0,0.0,209.0
LTMucalcBinaryCountern=4_compact.dzn,0.020819902420043945,SAT,0.001,0.001,0.0,65.0,0.0,65.0
ParityAndBuechin=1.dzn,0.013497114181518555,SAT,0.001,0.001,0.0,63.0,0.0,63.0
FLCTLLimitClosuren=1.dzn,0.01954197883605957,SAT,0.007,0.006,0.001,543.0,0.0,543.0
StarNesterk=3_n=7_compact.dzn,0.01447916030883789,SAT,0.002,0.002,0.0,45.0,0.0,45.0
MuCalcLimitClosurephi=p_n=0_compact.dzn,0.012774944305419922,SAT,0.0,0.0,0.0,8.0,0.0,8.0
PDLBinaryCountern=7_compact.dzn,6.31244421005249,SAT,6.292,1.514,4.778,48211.0,0.0,48211.0
Includen=4.dzn,0.06383490562438965,SAT,0.04,0.034,0.006,1992.0,0.0,1992.0
FLCTLLimitClosuren=5.dzn,8.758536100387573,SAT,8.733,1.387,7.346,60011.0,0.0,60011.0
StarNesterk=2_n=8_compact.dzn,0.01793694496154785,SAT,0.0,0.0,0.0,9.0,0.0,9.0
ParityAndBuechin=4.dzn,180.0,TIMEOUT,,,,,,
FLCTLLimitClosuren=4.dzn,3.874876022338867,SAT,3.853,0.895,2.958,38075.0,0.0,38075.0
FairSchedulern=1.dzn,0.02013087272644043,SAT,0.005,0.004,0.001,354.0,0.0,354.0
Includen=5.dzn,0.07091593742370605,SAT,0.051,0.039,0.012,2425.0,0.0,2425.0
StarNesterk=3_n=2_compact.dzn,0.01577019691467285,SAT,0.0,0.0,0.0,15.0,0.0,15.0
LTMucalcBinaryCountern=1_compact.dzn,0.019073963165283203,SAT,0.0,0.0,0.0,7.0,0.0,7.0
FairSchedulern=2_compact.dzn,1.1965010166168213,SAT,1.173,1.129,0.044,5596.0,0.0,5596.0
StarNesterk=2_n=8.dzn,0.05244088172912598,SAT,0.037,0.032,0.005,2014.0,0.0,2014.0
Includen=7.dzn,0.09701824188232422,SAT,0.081,0.06,0.021,3291.0,0.0,3291.0
FLCTLLimitClosuren=6.dzn,180.0,TIMEOUT,,,,,,
StarNesterk=2_n=1_compact.dzn,0.018043994903564453,SAT,0.0,0.0,0.0,9.0,0.0,9.0
FLCTLLimitClosuren=5_compact.dzn,0.31826305389404297,SAT,0.3,0.218,0.082,6346.0,0.0,6346.0
Nestern=6_compact.dzn,29.39298415184021,SAT,29.353,4.416,24.937,110328.0,0.0,110328.0
FLCTLLimitClosuren=7.dzn,180.0,TIMEOUT,,,,,,
Includen=6.dzn,0.08411598205566406,SAT,0.067,0.053,0.014,2858.0,0.0,2858.0
FairSchedulern=2.dzn,43.44855499267578,SAT,43.407,3.353,40.054,140309.0,0.0,140309.0
Petrin=7_compact.dzn,0.016932964324951172,SAT,0.002,0.002,0.0,107.0,0.0,107.0
LTMucalcBinaryCountern=8_compact.dzn,0.049983978271484375,SAT,0.037,0.032,0.005,1794.0,0.0,1794.0
DemriKillerFormulan=1_compact.dzn,0.013382196426391602,SAT,0.0,0.0,0.0,8.0,0.0,8.0
recursiveladder(200).dzn,180.0,TIMEOUT,,,,,,
"randomgame(20000,_10,_1,_20)id=18.dzn",3.3567559719085693,SAT,3.308,3.042,0.266,6619.0,0.0,6619.0
"randomgame(20000,_10,_1,_20)id=24.dzn",3.4919891357421875,SAT,3.444,3.034,0.41,7191.0,13.0,7180.0
"steadygame(10000,_1,_20,_1,_20)id=4.dzn",1.2968010902404785,UNSAT,1.27,1.265,0.005,1.0,1.0,1.0
"steadygame(5000,_1,_20,_1,_20)id=11.dzn",0.7504680156707764,UNSAT,0.726,0.726,0.0,1.0,1.0,1.0
"jurdzinskigame(100,_50).dzn",180.0,TIMEOUT,,,,,,
"steadygame(20000,_1,_20,_1,_20)id=19.dzn",4.449074029922485,SAT,4.394,3.94,0.454,7849.0,0.0,7849.0
towersofhanoi(11).dzn,180.0,TIMEOUT,,,,,,
"steadygame(10000,_1,_20,_1,_20)id=15.dzn",1.6514699459075928,SAT,1.614,1.502,0.112,3771.0,0.0,3771.0
"steadygame(10000,_1,_20,_1,_20)id=14.dzn",1.9953300952911377,SAT,1.964,1.862,0.102,3923.0,0.0,3923.0
recursiveladder(5000).dzn,180.0,TIMEOUT,,,,,,
"steadygame(20000,_1,_20,_1,_20)id=18.dzn",3.5497710704803467,SAT,3.482,3.183,0.299,7034.0,0.0,7034.0
"steadygame(20000,_1,_20,_1,_20)id=24.dzn",2.7242610454559326,UNSAT,2.672,2.662,0.01,1.0,1.0,1.0
"steadygame(5000,_1,_20,_1,_20)id=10.dzn",0.7480459213256836,SAT,0.722,0.683,0.039,1907.0,1.0,1906.0
laddergame(2000).dzn,21.716215133666992,SAT,21.698,0.112,21.586,2002.0,0.0,2002.0
"steadygame(10000,_1,_20,_1,_20)id=5.dzn",1.3982369899749756,SAT,1.367,1.22,0.147,3889.0,0.0,3889.0
towersofhanoi(6).dzn,6.83299708366394,SAT,6.809,0.066,6.743,2435.0,1.0,1950.0
"jurdzinskigame(50,_50).dzn",180.0,TIMEOUT,,,,,,
cliquegame(500).dzn,3.1124038696289062,SAT,3.062,2.509,0.553,1246.0,0.0,1246.0
"randomgame(20000,_10,_1,_20)id=19.dzn",3.18780517578125,UNSAT,3.121,3.092,0.029,1.0,1.0,1.0
"randomgame(10000,_10,_1,_20)id=9.dzn",1.4829437732696533,UNSAT,1.447,1.436,0.011,1.0,1.0,1.0
"steadygame(5000,_1,_20,_1,_20)id=9.dzn",0.6033310890197754,SAT,0.579,0.552,0.027,1811.0,1.0,1810.0
"elevatorverification(-u,_3).dzn",180.0,TIMEOUT,,,,,,
"steadygame(10000,_1,_20,_1,_20)id=7.dzn",1.799328088760376,SAT,1.767,1.63,0.137,4013.0,1.0,4012.0
"steadygame(5000,_1,_20,_1,_20)id=12.dzn",0.7221782207489014,SAT,0.693,0.648,0.045,2178.0,11.0,2169.0
modelcheckerladder(100).dzn,180.0,TIMEOUT,,,,,,
"steadygame(10000,_1,_20,_1,_20)id=16.dzn",1.643362045288086,SAT,1.604,1.458,0.146,3913.0,1.0,3912.0
"steadygame(10000,_1,_20,_1,_20)id=17.dzn",1.3667912483215332,SAT,1.331,1.252,0.079,3347.0,0.0,3347.0
"steadygame(5000,_1,_20,_1,_20)id=13.dzn",0.6270768642425537,UNSAT,0.604,0.601,0.003,1.0,1.0,1.0
"steadygame(10000,_1,_20,_1,_20)id=6.dzn",1.6793689727783203,SAT,1.647,1.494,0.153,3959.0,7.0,3954.0
"jurdzinskigame(500,_500).dzn",180.0,TIMEOUT,,,,,,
"steadygame(5000,_1,_20,_1,_20)id=8.dzn",0.4007449150085449,UNSAT,0.38,0.379,0.001,1.0,1.0,1.0
elevatorverification(5).dzn,180.0,TIMEOUT,,,,,,
"randomgame(10000,_10,_1,_20)id=8.dzn",1.4304471015930176,UNSAT,1.396,1.385,0.011,1.0,1.0,1.0
"randomgame(20000,_10,_1,_20)id=22.dzn",3.414562225341797,SAT,3.367,3.06,0.307,6658.0,0.0,6657.0
elevatorverification(4).dzn,180.0,TIMEOUT,,,,,,
"steadygame(5000,_1,_20,_1,_20)id=17.dzn",0.6628999710083008,SAT,0.64,0.617,0.023,1682.0,0.0,1682.0
"steadygame(10000,_1,_20,_1,_20)id=2.dzn",1.3955628871917725,SAT,1.366,1.282,0.084,3507.0,0.0,3507.0
"steadygame(20000,_1,_20,_1,_20)id=23.dzn",3.469386100769043,SAT,3.419,3.059,0.36,7415.0,11.0,7402.0
"steadygame(10000,_1,_20,_1,_20)id=13.dzn",1.7708790302276611,UNSAT,1.737,1.731,0.006,1.0,1.0,1.0
"steadygame(10000,_1,_20,_1,_20)id=12.dzn",1.5143780708312988,SAT,1.474,1.395,0.079,3494.0,0.0,3494.0
"steadygame(20000,_1,_20,_1,_20)id=22.dzn",3.4380948543548584,SAT,3.389,3.119,0.27,7072.0,0.0,7072.0
"steadygame(10000,_1,_20,_1,_20)id=3.dzn",1.4251399040222168,SAT,1.391,1.297,0.094,3430.0,0.0,3430.0
"steadygame(5000,_1,_20,_1,_20)id=16.dzn",0.6798379421234131,UNSAT,0.66,0.659,0.001,1.0,1.0,1.0
"jurdzinskigame(200,_200).dzn",180.0,TIMEOUT,,,,,,
"randomgame(20000,_10,_1,_20)id=23.dzn",3.1489131450653076,UNSAT,3.096,3.062,0.034,1.0,1.0,1.0
"randomgame(20000,_10,_1,_20)id=21.dzn",1.9626939296722412,UNSAT,1.913,1.909,0.004,1.0,1.0,1.0
towersofhanoi(7).dzn,176.5163209438324,SAT,176.493,0.24,176.253,7295.0,1.0,5838.0
"steadygame(5000,_1,_20,_1,_20)id=14.dzn",0.6675000190734863,UNSAT,0.645,0.644,0.001,1.0,1.0,1.0
"steadygame(10000,_1,_20,_1,_20)id=1.dzn",1.514859914779663,UNSAT,1.479,1.476,0.003,1.0,1.0,1.0
"randomgame(50000,_10,_1,_20)id=8.dzn",8.46869683265686,UNSAT,8.358,8.235,0.123,1.0,1.0,1.0
"steadygame(20000,_1,_20,_1,_20)id=20.dzn",3.2456650733947754,UNSAT,3.198,3.188,0.01,1.0,1.0,1.0
laddergame(50000).dzn,6.794230699539185,UNKNOWN,,,,,,
"steadygame(10000,_1,_20,_1,_20)id=10.dzn",1.391974925994873,SAT,1.366,1.248,0.118,3566.0,0.0,3566.0
towersofhanoi(10).dzn,180.0,TIMEOUT,,,,,,
laddergame(100).dzn,0.024933815002441406,SAT,0.007,0.004,0.003,102.0,0.0,102.0
"steadygame(10000,_1,_20,_1,_20)id=11.dzn",1.2793340682983398,UNSAT,1.237,1.234,0.003,1.0,1.0,1.0
"steadygame(20000,_1,_20,_1,_20)id=21.dzn",3.6310620307922363,SAT,3.581,3.224,0.357,7689.0,19.0,7676.0
"randomgame(50000,_10,_1,_20)id=9.dzn",10.197221040725708,SAT,10.09,8.26,1.83,16710.0,0.0,16710.0
"steadygame(10000,_1,_20,_1,_20)id=0.dzn",1.5582389831542969,SAT,1.526,1.429,0.097,3657.0,1.0,3657.0
"steadygame(5000,_1,_20,_1,_20)id=15.dzn",0.7840743064880371,UNSAT,0.75,0.745,0.005,1.0,1.0,1.0
"randomgame(20000,_10,_1,_20)id=20.dzn",3.529224157333374,SAT,3.484,3.103,0.381,6935.0,1.0,6934.0
"steadygame(50000,_1,_20,_1,_20)id=15.dzn",11.51448392868042,UNSAT,11.378,11.33,0.048,1.0,1.0,1.0
"randomgame(5000,_10,_1,_20)id=23.dzn",0.7349686622619629,SAT,0.712,0.676,0.036,1846.0,0.0,1845.0
"randomgame(10000,_10,_1,_20)id=14.dzn",1.4739749431610107,SAT,1.442,1.367,0.075,3316.0,0.0,3316.0
"elevatorverification(-u,_5).dzn",180.0,TIMEOUT,,,,,,
"randomgame(50000,_10,_1,_20)id=15.dzn",8.358590126037598,UNSAT,8.248,8.15,0.098,1.0,1.0,1.0
cliquegame(10000).dzn,180.0,TIMEOUT,,,,,,
"randomgame(1000,_10,_1,_20)id=18.dzn",0.1408388614654541,UNSAT,0.117,0.117,0.0,1.0,1.0,1.0
"randomgame(1000,_10,_1,_20)id=24.dzn",0.12885713577270508,UNSAT,0.11,0.109,0.001,1.0,1.0,1.0
"steadygame(1000,_1,_20,_1,_20)id=3.dzn",0.0879969596862793,SAT,0.071,0.065,0.006,567.0,8.0,559.0
"steadygame(1000,_1,_20,_1,_20)id=2.dzn",0.10115575790405273,SAT,0.081,0.079,0.002,401.0,3.0,398.0
"randomgame(1000,_10,_1,_20)id=19.dzn",0.12791085243225098,SAT,0.106,0.104,0.002,432.0,3.0,430.0
"randomgame(50000,_10,_1,_20)id=14.dzn",8.346076250076294,UNSAT,8.25,8.214,0.036,1.0,1.0,1.0
"randomgame(10000,_10,_1,_20)id=15.dzn",1.4135079383850098,UNSAT,1.379,1.374,0.005,1.0,1.0,1.0
"randomgame(5000,_10,_1,_20)id=22.dzn",0.6894619464874268,UNSAT,0.669,0.668,0.001,1.0,1.0,1.0
elevatorverification(3).dzn,180.0,TIMEOUT,,,,,,
"steadygame(50000,_1,_20,_1,_20)id=14.dzn",10.574415922164917,UNSAT,10.435,10.404,0.031,1.0,1.0,1.0
cliquegame(5000).dzn,180.0,TIMEOUT,,,,,,
"steadygame(20000,_1,_20,_1,_20)id=9.dzn",31.809001922607422,SAT,31.73,3.952,27.778,107150.0,3134.0,106005.0
"jurdzinskigame(100,_200).dzn",180.0,TIMEOUT,,,,,,
"steadygame(50000,_1,_20,_1,_20)id=16.dzn",9.207375764846802,UNSAT,9.101,9.068,0.033,1.0,1.0,1.0
"randomgame(5000,_10,_1,_20)id=20.dzn",0.7070431709289551,UNSAT,0.686,0.677,0.009,1.0,1.0,1.0
"steadygame(1000,_1,_20,_1,_20)id=24.dzn",0.09728693962097168,SAT,0.08,0.078,0.002,398.0,1.0,398.0
"randomgame(10000,_10,_1,_20)id=17.dzn",1.428947925567627,UNSAT,1.401,1.395,0.006,1.0,1.0,1.0
"steadygame(1000,_1,_20,_1,_20)id=18.dzn",0.08438801765441895,UNSAT,0.067,0.067,0.0,1.0,1.0,1.0
modelcheckerladder(5000).dzn,180.0,TIMEOUT,,,,,,
"randomgame(5000,_10,_1,_20)id=9.dzn",0.7605178356170654,SAT,0.737,0.677,0.06,2020.0,1.0,2020.0
laddergame(20000).dzn,180.0,TIMEOUT,,,,,,
"randomgame(50000,_10,_1,_20)id=16.dzn",10.051393032073975,SAT,9.953,8.173,1.78,16454.0,0.0,16454.0
laddergame(500).dzn,0.4100821018218994,SAT,0.387,0.017,0.37,502.0,0.0,502.0
"steadygame(1000,_1,_20,_1,_20)id=0.dzn",0.1239769458770752,SAT,0.104,0.094,0.01,430.0,0.0,430.0
"steadygame(1000,_1,_20,_1,_20)id=1.dzn",0.10693502426147461,SAT,0.086,0.074,0.012,441.0,0.0,440.0
laddergame(1000).dzn,2.8698999881744385,SAT,2.847,0.052,2.795,1002.0,0.0,1002.0
"randomgame(50000,_10,_1,_20)id=17.dzn",9.858677864074707,SAT,9.746,8.281,1.465,16377.0,0.0,16377.0
"randomgame(5000,_10,_1,_20)id=8.dzn",0.7202980518341064,UNSAT,0.686,0.682,0.004,1.0,1.0,1.0
"steadygame(1000,_1,_20,_1,_20)id=19.dzn",0.09963512420654297,SAT,0.084,0.081,0.003,390.0,3.0,386.0
"randomgame(10000,_10,_1,_20)id=16.dzn",1.4939360618591309,UNSAT,1.462,1.454,0.008,1.0,1.0,1.0
"randomgame(5000,_10,_1,_20)id=21.dzn",0.755295991897583,SAT,0.722,0.691,0.031,1770.0,0.0,1770.0
"steadygame(50000,_1,_20,_1,_20)id=17.dzn",10.558754920959473,UNSAT,10.44,10.387,0.053,1.0,1.0,1.0
"steadygame(20000,_1,_20,_1,_20)id=8.dzn",3.3422648906707764,UNSAT,3.287,3.273,0.014,1.0,1.0,1.0
"steadygame(50000,_1,_20,_1,_20)id=13.dzn",11.58681583404541,SAT,11.46,9.389,2.071,18540.0,0.0,18540.0
"randomgame(5000,_10,_1,_20)id=19.dzn",0.7678830623626709,SAT,0.748,0.701,0.047,1913.0,2.0,1913.0
recursiveladder(10000).dzn,180.0,TIMEOUT,,,,,,
modelcheckerladder(10000).dzn,180.0,TIMEOUT,,,,,,
"randomgame(20000,_10,_1,_20)id=9.dzn",3.133524179458618,UNSAT,3.072,3.059,0.013,1.0,1.0,1.0
cliquegame(100).dzn,0.10243606567382812,SAT,0.084,0.081,0.003,246.0,0.0,246.0
"steadygame(1000,_1,_20,_1,_20)id=21.dzn",0.14376020431518555,UNSAT,0.124,0.124,0.0,1.0,1.0,1.0
"randomgame(10000,_10,_1,_20)id=12.dzn",1.5027720928192139,SAT,1.472,1.386,0.086,3324.0,1.0,3324.0
"steadygame(50000,_1,_20,_1,_20)id=8.dzn",13.159954071044922,SAT,13.029,10.19,2.839,19664.0,3.0,19662.0
"randomgame(50000,_10,_1,_20)id=13.dzn",8.460675239562988,UNSAT,8.36,8.323,0.037,1.0,1.0,1.0
"randomgame(1000,_10,_1,_20)id=22.dzn",0.13218092918395996,SAT,0.116,0.114,0.002,374.0,0.0,374.0
"steadygame(1000,_1,_20,_1,_20)id=4.dzn",0.09180188179016113,UNSAT,0.075,0.075,0.0,1.0,1.0,1.0
"randomgame(1000,_10,_1,_20)id=23.dzn",0.12606000900268555,SAT,0.109,0.107,0.002,461.0,0.0,459.0
"randomgame(50000,_10,_1,_20)id=12.dzn",10.110393047332764,SAT,9.987,8.208,1.779,16753.0,0.0,16753.0
"randomgame(10000,_10,_1,_20)id=13.dzn",1.4622669219970703,UNSAT,1.428,1.427,0.001,1.0,1.0,1.0
"steadygame(50000,_1,_20,_1,_20)id=9.dzn",11.386764764785767,SAT,11.27,9.453,1.817,18327.0,1.0,18327.0
"steadygame(1000,_1,_20,_1,_20)id=20.dzn",0.10550618171691895,SAT,0.086,0.085,0.001,365.0,0.0,365.0
"randomgame(20000,_10,_1,_20)id=8.dzn",3.539095878601074,SAT,3.489,3.03,0.459,7085.0,3.0,7083.0
"randomgame(5000,_10,_1,_20)id=24.dzn",0.7321290969848633,SAT,0.71,0.668,0.042,1905.0,1.0,1904.0
"randomgame(5000,_10,_1,_20)id=18.dzn",0.6854038238525391,UNSAT,0.663,0.661,0.002,1.0,1.0,1.0
"steadygame(50000,_1,_20,_1,_20)id=12.dzn",12.090810060501099,SAT,11.978,9.949,2.029,18875.0,0.0,18875.0
"steadygame(50000,_1,_20,_1,_20)id=10.dzn",11.726721048355103,SAT,11.606,9.568,2.038,18654.0,1.0,18654.0
"jurdzinskigame(500,_100).dzn",180.0,TIMEOUT,,,,,,
"randomgame(10000,_10,_1,_20)id=11.dzn",1.44160795211792,UNSAT,1.41,1.396,0.014,89.0,4.0,87.0
"steadygame(1000,_1,_20,_1,_20)id=22.dzn",0.11585092544555664,UNSAT,0.094,0.094,0.0,1.0,1.0,1.0
"randomgame(50000,_10,_1,_20)id=10.dzn",9.862832069396973,SAT,9.758,8.201,1.557,16623.0,1.0,16623.0
"randomgame(1000,_10,_1,_20)id=9.dzn",0.14956378936767578,SAT,0.131,0.101,0.03,2196.0,112.0,2074.0
"randomgame(1000,_10,_1,_20)id=21.dzn",0.1286451816558838,UNSAT,0.11,0.108,0.002,1.0,1.0,1.0
"steadygame(1000,_1,_20,_1,_20)id=7.dzn",0.09836792945861816,UNSAT,0.079,0.079,0.0,1.0,1.0,1.0
"randomgame(1000,_10,_1,_20)id=20.dzn",0.12778806686401367,UNSAT,0.109,0.109,0.0,1.0,1.0,1.0
"jurdzinskigame(50,_200).dzn",180.0,TIMEOUT,,,,,,
"randomgame(1000,_10,_1,_20)id=8.dzn",0.13202404975891113,UNSAT,0.116,0.116,0.0,1.0,1.0,1.0
"randomgame(50000,_10,_1,_20)id=11.dzn",8.442997932434082,UNSAT,8.329,8.265,0.064,1.0,1.0,1.0
modelcheckerladder(500).dzn,180.0,TIMEOUT,,,,,,
"steadygame(1000,_1,_20,_1,_20)id=23.dzn",0.10473084449768066,UNSAT,0.087,0.086,0.001,1.0,1.0,1.0
"elevatorverification(-u,_4).dzn",180.0,TIMEOUT,,,,,,
"randomgame(10000,_10,_1,_20)id=10.dzn",1.5649819374084473,SAT,1.528,1.395,0.133,3540.0,0.0,3540.0
"steadygame(50000,_1,_20,_1,_20)id=11.dzn",9.472564935684204,UNSAT,9.361,9.328,0.033,1.0,1.0,1.0
"jurdzinskigame(200,_100).dzn",180.0,TIMEOUT,,,,,,
"steadygame(50000,_1,_20,_1,_20)id=20.dzn",11.279951810836792,SAT,11.154,9.493,1.661,18325.0,0.0,18325.0
"steadygame(20000,_1,_20,_1,_20)id=3.dzn",4.048398733139038,SAT,3.981,3.431,0.55,7676.0,1.0,7675.0
"randomgame(5000,_10,_1,_20)id=16.dzn",0.721276044845581,SAT,0.7,0.676,0.024,1717.0,0.0,1717.0
"steadygame(1000,_1,_20,_1,_20)id=12.dzn",0.08751416206359863,UNSAT,0.069,0.068,0.001,1.0,1.0,1.0
"randomgame(20000,_10,_1,_20)id=6.dzn",3.2257800102233887,UNSAT,3.181,3.161,0.02,1.0,1.0,1.0
"randomgame(10000,_10,_1,_20)id=21.dzn",1.5127661228179932,SAT,1.478,1.362,0.116,3525.0,0.0,3525.0
"steadygame(50000,_1,_20,_1,_20)id=7.dzn",13.093871116638184,SAT,12.957,10.238,2.719,20127.0,29.0,20103.0
"randomgame(5000,_10,_1,_20)id=3.dzn",0.7550258636474609,SAT,0.73,0.693,0.037,2051.0,1.0,2050.0
"randomgame(50000,_10,_1,_20)id=20.dzn",9.799600839614868,SAT,9.682,8.257,1.425,16383.0,0.0,16383.0
"randomgame(1000,_10,_1,_20)id=5.dzn",0.15488195419311523,SAT,0.129,0.124,0.005,469.0,3.0,467.0
"randomgame(1000,_10,_1,_20)id=11.dzn",0.1448831558227539,SAT,0.128,0.126,0.002,429.0,0.0,429.0
"randomgame(1000,_10,_1,_20)id=10.dzn",0.12618207931518555,SAT,0.109,0.107,0.002,390.0,0.0,390.0
"randomgame(1000,_10,_1,_20)id=4.dzn",0.1419360637664795,UNSAT,0.121,0.117,0.004,1.0,1.0,1.0
"randomgame(50000,_10,_1,_20)id=21.dzn",9.854821681976318,SAT,9.747,8.41,1.337,16308.0,0.0,16308.0
"randomgame(5000,_10,_1,_20)id=2.dzn",0.6887280941009521,UNSAT,0.667,0.666,0.001,1.0,1.0,1.0
"steadygame(50000,_1,_20,_1,_20)id=6.dzn",11.446021795272827,SAT,11.339,9.198,2.141,18647.0,0.0,18647.0
"randomgame(10000,_10,_1,_20)id=20.dzn",1.5441598892211914,SAT,1.508,1.401,0.107,3540.0,0.0,3540.0
"randomgame(20000,_10,_1,_20)id=7.dzn",3.5891268253326416,SAT,3.539,3.164,0.375,6927.0,0.0,6927.0
"steadygame(1000,_1,_20,_1,_20)id=13.dzn",0.1136770248413086,SAT,0.095,0.082,0.013,1646.0,139.0,1530.0
"elevatorverification(-u,_7).dzn",53.74712109565735,UNKNOWN,,,,,,
"randomgame(5000,_10,_1,_20)id=17.dzn",0.696814775466919,UNSAT,0.674,0.673,0.001,1.0,1.0,1.0
"steadygame(20000,_1,_20,_1,_20)id=2.dzn",3.8866169452667236,SAT,3.823,3.328,0.495,7752.0,0.0,7752.0
"steadygame(50000,_1,_20,_1,_20)id=21.dzn",10.50348711013794,SAT,10.397,8.656,1.741,17989.0,0.0,17989.0
"jurdzinskigame(100,_500).dzn",180.0,TIMEOUT,,,,,,
laddergame(5000).dzn,180.0,TIMEOUT,,,,,,
"steadygame(20000,_1,_20,_1,_20)id=0.dzn",3.9207990169525146,SAT,3.867,3.44,0.427,7829.0,11.0,7816.0
"steadygame(50000,_1,_20,_1,_20)id=23.dzn",13.592711210250854,UNSAT,13.421,13.359,0.062,1.0,1.0,1.0
"randomgame(5000,_10,_1,_20)id=15.dzn",0.7330160140991211,SAT,0.709,0.667,0.042,1853.0,0.0,1853.0
"randomgame(10000,_10,_1,_20)id=22.dzn",1.4459609985351562,UNSAT,1.418,1.409,0.009,1.0,1.0,1.0
"randomgame(20000,_10,_1,_20)id=5.dzn",3.130392074584961,UNSAT,3.08,3.068,0.012,1.0,1.0,1.0
"steadygame(1000,_1,_20,_1,_20)id=11.dzn",0.0791313648223877,UNSAT,0.062,0.062,0.0,1.0,1.0,1.0
"steadygame(50000,_1,_20,_1,_20)id=4.dzn",9.457896947860718,UNSAT,9.349,9.318,0.031,1.0,1.0,1.0
"randomgame(5000,_10,_1,_20)id=0.dzn",0.6940889358520508,UNSAT,0.668,0.665,0.003,1.0,1.0,1.0
"randomgame(50000,_10,_1,_20)id=23.dzn",10.285614013671875,SAT,10.184,8.239,1.945,16826.0,0.0,16826.0
"jurdzinskigame(500,_50).dzn",180.0,TIMEOUT,,,,,,
"randomgame(1000,_10,_1,_20)id=6.dzn",0.12643790245056152,SAT,0.111,0.109,0.002,402.0,0.0,402.0
laddergame(200).dzn,0.05044293403625488,SAT,0.034,0.007,0.027,202.0,0.0,202.0
recursiveladder(2000).dzn,180.0,TIMEOUT,,,,,,
"randomgame(1000,_10,_1,_20)id=12.dzn",0.12724089622497559,SAT,0.105,0.103,0.002,441.0,0.0,440.0
"steadygame(1000,_1,_20,_1,_20)id=9.dzn",0.16003203392028809,SAT,0.141,0.079,0.062,4820.0,219.0,4624.0
"steadygame(1000,_1,_20,_1,_20)id=8.dzn",0.09628009796142578,UNSAT,0.073,0.073,0.0,1.0,1.0,1.0
modelcheckerladder(1000).dzn,180.0,TIMEOUT,,,,,,
"randomgame(1000,_10,_1,_20)id=13.dzn",0.12509894371032715,UNSAT,0.107,0.107,0.0,1.0,1.0,1.0
"randomgame(1000,_10,_1,_20)id=7.dzn",0.11264300346374512,SAT,0.096,0.095,0.001,392.0,0.0,392.0
cliquegame(1000).dzn,14.733922958374023,SAT,14.602,10.237,4.365,2496.0,0.0,2496.0
"randomgame(50000,_10,_1,_20)id=22.dzn",8.770921230316162,UNSAT,8.658,8.135,0.523,1.0,1.0,1.0
"randomgame(5000,_10,_1,_20)id=1.dzn",0.7206470966339111,SAT,0.694,0.649,0.045,1960.0,1.0,1959.0
"steadygame(50000,_1,_20,_1,_20)id=5.dzn",9.052194833755493,UNSAT,8.944,8.905,0.039,1.0,1.0,1.0
"randomgame(20000,_10,_1,_20)id=4.dzn",3.2856898307800293,UNSAT,3.229,3.183,0.046,333.0,6.0,330.0
"randomgame(10000,_10,_1,_20)id=23.dzn",1.5244560241699219,SAT,1.491,1.369,0.122,3586.0,1.0,3585.0
"randomgame(5000,_10,_1,_20)id=14.dzn",0.7483181953430176,SAT,0.724,0.661,0.063,2129.0,9.0,2121.0
"steadygame(50000,_1,_20,_1,_20)id=22.dzn",8.791020154953003,UNSAT,8.681,8.645,0.036,1.0,1.0,1.0
"steadygame(20000,_1,_20,_1,_20)id=1.dzn",4.202680826187134,UNSAT,4.13,4.107,0.023,1.0,1.0,1.0
"steadygame(20000,_1,_20,_1,_20)id=5.dzn",4.1466991901397705,UNSAT,4.086,4.074,0.012,1.0,1.0,1.0
"randomgame(5000,_10,_1,_20)id=10.dzn",0.6936078071594238,UNSAT,0.667,0.666,0.001,1.0,1.0,1.0
"steadygame(50000,_1,_20,_1,_20)id=1.dzn",8.975214958190918,UNSAT,8.866,8.823,0.043,1.0,1.0,1.0
"randomgame(20000,_10,_1,_20)id=0.dzn",3.408083915710449,SAT,3.366,3.081,0.285,6509.0,1.0,6508.0
"steadygame(1000,_1,_20,_1,_20)id=14.dzn",0.09446597099304199,UNSAT,0.076,0.076,0.0,1.0,1.0,1.0
"randomgame(5000,_10,_1,_20)id=5.dzn",0.7080671787261963,UNSAT,0.688,0.687,0.001,1.0,1.0,1.0
"randomgame(1000,_10,_1,_20)id=17.dzn",0.13590598106384277,SAT,0.118,0.112,0.006,408.0,3.0,404.0
"randomgame(1000,_10,_1,_20)id=3.dzn",0.1272749900817871,SAT,0.106,0.104,0.002,435.0,0.0,435.0
"randomgame(1000,_10,_1,_20)id=2.dzn",0.12379693984985352,SAT,0.107,0.105,0.002,416.0,4.0,411.0
"randomgame(1000,_10,_1,_20)id=16.dzn",0.13602304458618164,SAT,0.117,0.114,0.003,416.0,2.0,416.0
"randomgame(5000,_10,_1,_20)id=4.dzn",0.7049341201782227,UNSAT,0.679,0.679,0.0,1.0,1.0,1.0
"steadygame(1000,_1,_20,_1,_20)id=15.dzn",0.09543299674987793,UNSAT,0.077,0.077,0.0,1.0,1.0,1.0
"randomgame(20000,_10,_1,_20)id=1.dzn",3.137845993041992,UNSAT,3.084,3.009,0.075,1.0,1.0,1.0
recursiveladder(100).dzn,180.0,TIMEOUT,,,,,,
"steadygame(50000,_1,_20,_1,_20)id=0.dzn",11.95262098312378,SAT,11.836,9.742,2.094,18777.0,0.0,18777.0
"randomgame(5000,_10,_1,_20)id=11.dzn",0.4789469242095947,SAT,0.456,0.438,0.018,1752.0,1.0,1751.0
"steadygame(20000,_1,_20,_1,_20)id=4.dzn",4.0746612548828125,SAT,4.022,3.627,0.395,7604.0,2.0,7602.0
"steadygame(20000,_1,_20,_1,_20)id=6.dzn",3.506103754043579,UNSAT,3.451,3.431,0.02,1.0,1.0,1.0
"steadygame(50000,_1,_20,_1,_20)id=19.dzn",10.800743103027344,UNSAT,10.679,10.626,0.053,1.0,1.0,1.0
"randomgame(5000,_10,_1,_20)id=13.dzn",0.7343709468841553,SAT,0.712,0.666,0.046,1815.0,6.0,1807.0
"randomgame(10000,_10,_1,_20)id=18.dzn",1.471379041671753,UNSAT,1.443,1.389,0.054,1.0,1.0,1.0
"steadygame(50000,_1,_20,_1,_20)id=2.dzn",10.382683753967285,UNSAT,10.242,10.199,0.043,1.0,1.0,1.0
recursiveladder(50000).dzn,180.0,TIMEOUT,,,,,,
"steadygame(1000,_1,_20,_1,_20)id=17.dzn",0.11541080474853516,SAT,0.1,0.097,0.003,502.0,4.0,498.0
"randomgame(20000,_10,_1,_20)id=3.dzn",3.127856969833374,UNSAT,3.076,3.065,0.011,1.0,1.0,1.0
"randomgame(10000,_10,_1,_20)id=24.dzn",1.5863819122314453,SAT,1.552,1.413,0.139,3554.0,0.0,3554.0
"elevatorverification(-u,_6).dzn",180.0,TIMEOUT,,,,,,
"randomgame(5000,_10,_1,_20)id=6.dzn",0.721916913986206,UNSAT,0.698,0.698,0.0,1.0,1.0,1.0
"randomgame(50000,_10,_1,_20)id=19.dzn",8.356245040893555,UNSAT,8.255,8.223,0.032,1.0,1.0,1.0
"randomgame(1000,_10,_1,_20)id=14.dzn",0.14120697975158691,SAT,0.118,0.114,0.004,489.0,0.0,488.0
"randomgame(1000,_10,_1,_20)id=0.dzn",0.13529109954833984,UNSAT,0.113,0.112,0.001,1.0,1.0,1.0
"randomgame(1000,_10,_1,_20)id=1.dzn",0.12435197830200195,UNSAT,0.106,0.106,0.0,1.0,1.0,1.0
"jurdzinskigame(50,_500).dzn",180.0,TIMEOUT,,,,,,
"randomgame(1000,_10,_1,_20)id=15.dzn",0.09078621864318848,UNSAT,0.075,0.075,0.0,1.0,1.0,1.0
modelcheckerladder(200).dzn,180.0,TIMEOUT,,,,,,
"randomgame(50000,_10,_1,_20)id=24.dzn",8.279404878616333,UNSAT,8.171,8.142,0.029,1.0,1.0,1.0
"randomgame(50000,_10,_1,_20)id=18.dzn",8.551936149597168,UNSAT,8.445,8.338,0.107,1.0,1.0,1.0
"randomgame(5000,_10,_1,_20)id=7.dzn",0.7525901794433594,SAT,0.729,0.682,0.047,1888.0,2.0,1886.0
"randomgame(20000,_10,_1,_20)id=2.dzn",3.6230525970458984,SAT,3.583,3.163,0.42,6901.0,0.0,6901.0
"steadygame(1000,_1,_20,_1,_20)id=16.dzn",0.1052541732788086,UNSAT,0.087,0.086,0.001,1.0,1.0,1.0
"randomgame(10000,_10,_1,_20)id=19.dzn",1.5353820323944092,SAT,1.504,1.416,0.088,3357.0,1.0,3356.0
"steadygame(50000,_1,_20,_1,_20)id=3.dzn",14.406913995742798,SAT,14.268,11.338,2.93,20294.0,1.0,20294.0
"randomgame(5000,_10,_1,_20)id=12.dzn",0.47248005867004395,UNSAT,0.452,0.451,0.001,1.0,1.0,1.0
"steadygame(50000,_1,_20,_1,_20)id=18.dzn",13.858957767486572,SAT,13.724,11.507,2.217,19791.0,2.0,19789.0
"steadygame(20000,_1,_20,_1,_20)id=7.dzn",3.339017868041992,UNSAT,3.292,3.287,0.005,1.0,1.0,1.0
"steadygame(50000,_1,_20,_1,_20)id=24.dzn",11.325074911117554,SAT,11.204,9.205,1.999,18609.0,0.0,18609.0
"randomgame(20000,_10,_1,_20)id=11.dzn",3.512869119644165,SAT,3.462,3.077,0.385,6865.0,0.0,6865.0
recursiveladder(500).dzn,180.0,TIMEOUT,,,,,,
"randomgame(10000,_10,_1,_20)id=3.dzn",1.4586689472198486,UNSAT,1.422,1.42,0.002,1.0,1.0,1.0
recursiveladder(1000).dzn,180.0,TIMEOUT,,,,,,
"steadygame(5000,_1,_20,_1,_20)id=3.dzn",0.5751140117645264,SAT,0.547,0.504,0.043,1960.0,4.0,1954.0
"steadygame(5000,_1,_20,_1,_20)id=18.dzn",0.673720121383667,SAT,0.651,0.619,0.032,1733.0,0.0,1733.0
"steadygame(5000,_1,_20,_1,_20)id=24.dzn",0.6716628074645996,UNSAT,0.65,0.649,0.001,1.0,1.0,1.0
"randomgame(50000,_10,_1,_20)id=4.dzn",9.940440654754639,SAT,9.829,8.239,1.59,16405.0,0.0,16405.0
"steadygame(20000,_1,_20,_1,_20)id=10.dzn",3.384244918823242,UNSAT,3.339,3.328,0.011,1.0,1.0,1.0
"steadygame(10000,_1,_20,_1,_20)id=20.dzn",1.374419927597046,UNSAT,1.342,1.34,0.002,1.0,1.0,1.0
"steadygame(10000,_1,_20,_1,_20)id=21.dzn",1.5449049472808838,SAT,1.516,1.426,0.09,3471.0,0.0,3471.0
"steadygame(20000,_1,_20,_1,_20)id=11.dzn",2.9770278930664062,UNSAT,2.927,2.907,0.02,1.0,1.0,1.0
"randomgame(50000,_10,_1,_20)id=5.dzn",8.308591842651367,UNSAT,8.21,8.159,0.051,1.0,1.0,1.0
"steadygame(5000,_1,_20,_1,_20)id=19.dzn",0.7208719253540039,SAT,0.693,0.649,0.044,2047.0,3.0,2044.0
cliquegame(2000).dzn,82.11191391944885,SAT,81.592,45.89,35.702,4996.0,0.0,4996.0
"steadygame(5000,_1,_20,_1,_20)id=2.dzn",0.7317829132080078,UNSAT,0.71,0.709,0.001,1.0,1.0,1.0
modelcheckerladder(2000).dzn,180.0,TIMEOUT,,,,,,
"randomgame(10000,_10,_1,_20)id=2.dzn",1.0294239521026611,UNSAT,1.0,0.986,0.014,1.0,1.0,1.0
"randomgame(20000,_10,_1,_20)id=10.dzn",3.444155216217041,SAT,3.396,3.103,0.293,6668.0,0.0,6668.0
cliquegame(200).dzn,0.4436957836151123,SAT,0.419,0.371,0.048,496.0,0.0,496.0
modelcheckerladder(20000).dzn,4.972323894500732,UNKNOWN,,,,,,
recursiveladder(20000).dzn,180.0,TIMEOUT,,,,,,
"randomgame(20000,_10,_1,_20)id=12.dzn",3.4254720211029053,SAT,3.381,3.058,0.323,6811.0,0.0,6811.0
elevatorverification(7).dzn,50.358242988586426,UNKNOWN,,,,,,
"randomgame(10000,_10,_1,_20)id=0.dzn",1.543299913406372,SAT,1.512,1.386,0.126,3600.0,1.0,3600.0
"steadygame(5000,_1,_20,_1,_20)id=0.dzn",0.5985898971557617,SAT,0.58,0.545,0.035,1814.0,1.0,1814.0
towersofhanoi(8).dzn,180.0,TIMEOUT,,,,,,
"randomgame(50000,_10,_1,_20)id=7.dzn",8.353047132492065,UNSAT,8.256,8.181,0.075,1.0,1.0,1.0
"steadygame(20000,_1,_20,_1,_20)id=13.dzn",3.5622291564941406,UNSAT,3.508,3.502,0.006,1.0,1.0,1.0
"jurdzinskigame(50,_100).dzn",180.0,TIMEOUT,,,,,,
"steadygame(10000,_1,_20,_1,_20)id=23.dzn",1.3626229763031006,UNSAT,1.331,1.329,0.002,1.0,1.0,1.0
"steadygame(10000,_1,_20,_1,_20)id=22.dzn",1.5189530849456787,UNSAT,1.488,1.482,0.006,1.0,1.0,1.0
"steadygame(20000,_1,_20,_1,_20)id=12.dzn",3.5133299827575684,SAT,3.452,3.069,0.383,7003.0,3.0,7001.0
"randomgame(50000,_10,_1,_20)id=6.dzn",10.444366931915283,SAT,10.338,8.308,2.03,17071.0,2.0,17070.0
"jurdzinskigame(500,_200).dzn",180.0,TIMEOUT,,,,,,
"steadygame(5000,_1,_20,_1,_20)id=1.dzn",0.8183410167694092,UNSAT,0.795,0.794,0.001,1.0,1.0,1.0
"randomgame(10000,_10,_1,_20)id=1.dzn",1.4110610485076904,UNSAT,1.379,1.374,0.005,1.0,1.0,1.0
"randomgame(20000,_10,_1,_20)id=13.dzn",3.3855087757110596,SAT,3.326,3.071,0.255,6469.0,0.0,6469.0
"randomgame(20000,_10,_1,_20)id=17.dzn",3.290489912033081,UNSAT,3.234,3.221,0.013,1.0,1.0,1.0
"randomgame(10000,_10,_1,_20)id=5.dzn",1.446302890777588,UNSAT,1.413,1.403,0.01,1.0,1.0,1.0
"steadygame(5000,_1,_20,_1,_20)id=5.dzn",0.6830861568450928,UNSAT,0.663,0.662,0.001,1.0,1.0,1.0
"steadygame(5000,_1,_20,_1,_20)id=22.dzn",0.6418318748474121,SAT,0.62,0.556,0.064,2430.0,17.0,2409.0
laddergame(10000).dzn,180.0,TIMEOUT,,,,,,
"randomgame(50000,_10,_1,_20)id=2.dzn",8.331703186035156,UNSAT,8.204,8.178,0.026,1.0,1.0,1.0
"steadygame(20000,_1,_20,_1,_20)id=16.dzn",3.986793041229248,UNSAT,3.93,3.919,0.011,1.0,1.0,1.0
"jurdzinskigame(200,_50).dzn",180.0,TIMEOUT,,,,,,
"steadygame(20000,_1,_20,_1,_20)id=17.dzn",3.408972978591919,SAT,3.365,3.01,0.355,7305.0,2.0,7302.0
"randomgame(50000,_10,_1,_20)id=3.dzn",8.381711959838867,UNSAT,8.273,8.196,0.077,1.0,1.0,1.0
towersofhanoi(9).dzn,180.0,TIMEOUT,,,,,,
"steadygame(5000,_1,_20,_1,_20)id=23.dzn",0.7950358390808105,SAT,0.768,0.741,0.027,1947.0,0.0,1947.0
"steadygame(5000,_1,_20,_1,_20)id=4.dzn",0.6405291557312012,UNSAT,0.619,0.613,0.006,1.0,1.0,1.0
"jurdzinskigame(200,_500).dzn",180.0,TIMEOUT,,,,,,
elevatorverification(6).dzn,180.0,TIMEOUT,,,,,,
"randomgame(10000,_10,_1,_20)id=4.dzn",1.5135829448699951,SAT,1.479,1.365,0.114,3513.0,0.0,3513.0
"randomgame(20000,_10,_1,_20)id=16.dzn",3.4364190101623535,SAT,3.389,3.038,0.351,6800.0,1.0,6800.0
"randomgame(20000,_10,_1,_20)id=14.dzn",3.4638190269470215,SAT,3.42,3.082,0.338,6617.0,0.0,6617.0
"randomgame(10000,_10,_1,_20)id=6.dzn",1.4271600246429443,UNSAT,1.395,1.391,0.004,1.0,1.0,1.0
"steadygame(5000,_1,_20,_1,_20)id=6.dzn",0.6309058666229248,UNSAT,0.605,0.604,0.001,1.0,1.0,1.0
"steadygame(10000,_1,_20,_1,_20)id=8.dzn",1.5937232971191406,UNSAT,1.56,1.558,0.002,1.0,1.0,1.0
"steadygame(5000,_1,_20,_1,_20)id=21.dzn",0.7561299800872803,SAT,0.732,0.704,0.028,1878.0,2.0,1878.0
"randomgame(50000,_10,_1,_20)id=1.dzn",10.193331956863403,SAT,10.091,8.289,1.802,16688.0,1.0,16688.0
"steadygame(20000,_1,_20,_1,_20)id=15.dzn",3.4688730239868164,SAT,3.421,2.836,0.585,7982.0,15.0,7970.0
"steadygame(10000,_1,_20,_1,_20)id=19.dzn",1.5166568756103516,SAT,1.48,1.357,0.123,3699.0,0.0,3699.0
"steadygame(10000,_1,_20,_1,_20)id=18.dzn",1.346830129623413,SAT,1.316,1.233,0.083,3254.0,0.0,3254.0
"steadygame(10000,_1,_20,_1,_20)id=24.dzn",1.5445270538330078,SAT,1.513,1.359,0.154,3899.0,5.0,3893.0
"steadygame(20000,_1,_20,_1,_20)id=14.dzn",4.536608934402466,SAT,4.481,3.55,0.931,11510.0,145.0,11393.0
"randomgame(50000,_10,_1,_20)id=0.dzn",8.619547128677368,UNSAT,8.522,8.249,0.273,1.0,1.0,1.0
"steadygame(5000,_1,_20,_1,_20)id=20.dzn",0.8946518898010254,UNSAT,0.87,0.868,0.002,1.0,1.0,1.0
"steadygame(10000,_1,_20,_1,_20)id=9.dzn",1.8632981777191162,SAT,1.83,1.682,0.148,3996.0,0.0,3996.0
"jurdzinskigame(100,_100).dzn",180.0,TIMEOUT,,,,,,
towersofhanoi(5).dzn,0.3252291679382324,SAT,0.309,0.015,0.294,815.0,1.0,654.0
"steadygame(5000,_1,_20,_1,_20)id=7.dzn",0.6573071479797363,SAT,0.632,0.615,0.017,1696.0,0.0,1696.0
"randomgame(10000,_10,_1,_20)id=7.dzn",1.6369800567626953,SAT,1.603,1.479,0.124,3511.0,1.0,3511.0
"randomgame(20000,_10,_1,_20)id=15.dzn",3.0990850925445557,UNSAT,3.052,3.047,0.005,1.0,1.0,1.0
