file,chuffed_time,chuffed_totalTime,chuffed_propagations,chuffed_failures,noc_bool_time,noc_bool_totalTime,noc_bool_conflicts,noc_int_time,noc_int_totalTime,noc_int_conflicts,noc_int_eagerLits,noc_int_lazyLits,noc_int_cpCalls,lazy_default_time,lazy_default_totalTime,lazy_default_conflicts,lazy_default_cpCalls,lazy_custom_time,lazy_custom_totalTime,lazy_custom_conflicts,lazy_custom_cpCalls,eager_default_time,eager_default_totalTime,eager_default_conflicts,eager_default_cpCalls,eager_custom_time,eager_custom_totalTime,eager_custom_conflicts,eager_custom_cpCalls,balanced_custom_time,balanced_custom_totalTime,balanced_custom_conflicts,balanced_custom_cpCalls,chuffed_status,eager_custom_status,eager_default_status,balanced_custom_status,lazy_custom_status,noc_int_status,noc_bool_status,lazy_default_status
ABP(BW)_ABP(BW)_(datasize=2_capacity=1_windowsize=1)eq=branching-bisim.dzn,0.21240381,0.128,832,0,0.145627773,0.082608583,1,0.114265728,0.06449675,1,11132,0,824,0.108191228,0.06626125,1,824,14.23079014,14.20626154,1,7465,0.116276205,0.089580917,1,824,14.26113105,14.23730708,1,7465,14.3513689,14.32715363,1,7465,SAT,SAT,SAT,SAT,SAT,SAT,SAT,SAT
ABP(BW)_ABP(BW)_(datasize=2_capacity=1_windowsize=1)eq=branching-sim.dzn,0.210850358,0.121,832,0,0.143682683,0.08431725,1,0.112919462,0.061584458,1,11132,0,824,0.107062435,0.059906958,1,824,14.04903984,14.02504367,1,7465,0.118584085,0.084462083,1,824,14.04235005,14.01866963,1,7465,14.22362399,14.19635117,1,7465,SAT,SAT,SAT,SAT,SAT,SAT,SAT,SAT
ABP(BW)_ABP(BW)_(datasize=2_capacity=1_windowsize=1)eq=strong-bisim.dzn,0.021765316,0.005,122,0,0.013584864,0.002356375,1,0.013227046,0.002343958,1,391,0,98,0.015912664,0.001563083,1,98,0.030818534,0.019524708,3,211,0.013982916,0.002309125,1,98,0.030611885,0.019315,3,211,0.031095707,0.019792292,3,211,SAT,SAT,SAT,SAT,SAT,SAT,SAT,SAT
ABP(BW)_ABP(BW)_(datasize=2_capacity=1_windowsize=1)eq=weak-bisim.dzn,0.187356389,0.111,627,0,0.180881166,0.104160167,1,0.140117812,0.1114625,1,9145,0,555,0.142462873,0.085633375,1,555,87.88239837,87.85913942,1,6193,0.145401001,0.120409084,1,555,90.37417507,90.35169092,1,6193,89.77753925,89.75312463,1,6193,SAT,SAT,SAT,SAT,SAT,SAT,SAT,SAT
ABP(BW)_ABP(BW)_(datasize=4_capacity=1_windowsize=1)eq=branching-bisim.dzn,0.465133131,0.415,1662,0,0.464075208,0.420461,1,0.363935411,0.363775125,1,22912,0,1646,0.387847638,0.332093417,1,1646,63.48930216,63.47063858,1,15199,0.384678006,0.338737458,1,1646,62.90005612,62.86628613,1,15199,62.80331182,62.76476392,1,15199,SAT,SAT,SAT,SAT,SAT,SAT,SAT,SAT
ABP(BW)_ABP(BW)_(datasize=4_capacity=1_windowsize=1)eq=branching-sim.dzn,0.461549854,0.313,1662,0,0.462649333,0.430264083,1,0.361314726,0.348027375,1,22912,0,1646,0.371958482,0.253960167,1,1646,62.96598291,62.93105967,1,15199,0.387113059,0.341444041,1,1646,63.60921979,63.57248438,1,15199,62.88139868,62.83824092,1,15199,SAT,SAT,SAT,SAT,SAT,SAT,SAT,SAT
ABP(BW)_ABP(BW)_(datasize=4_capacity=1_windowsize=1)eq=strong-bisim.dzn,0.023281538,0.009,196,0,0.015888691,0.004163917,1,0.016202772,0.00272775,1,795,0,168,0.016073048,0.002916875,1,168,0.1079229,0.071288417,3,419,0.017013836,0.004483375,1,168,0.111639619,0.067016041,3,419,0.118324888,0.10773925,3,419,SAT,SAT,SAT,SAT,SAT,SAT,SAT,SAT
ABP(BW)_ABP(BW)_(datasize=4_capacity=1_windowsize=1)eq=weak-bisim.dzn,0.389358616,0.388,1057,0,0.399629927,0.37961025,1,0.322882485,0.31702075,1,18985,0,979,0.339617836,0.323160125,1,979,180,,,,0.342706954,0.322561541,1,979,180,,,,180,,,,SAT,TIMEOUT,SAT,TIMEOUT,TIMEOUT,SAT,SAT,SAT
ABP(BW)_CABP_(datasize=2_capacity=1_windowsize=1)eq=branching-bisim.dzn,1.485864401,0.885,1,1,0.120259833,0.035870916,1,0.341796124,0.231909292,1,,,,0.346666396,0.254233208,1,,0.345576,0.265123916,1,,0.345833504,0.282524167,1,,0.344922984,0.258418834,1,,0.349647856,0.262505959,1,,UNSAT,UNSAT,UNSAT,UNSAT,UNSAT,UNSAT,UNSAT,UNSAT
ABP(BW)_CABP_(datasize=2_capacity=1_windowsize=1)eq=branching-sim.dzn,1.466735125,1.435,1,1,0.122518539,0.044119833,1,0.339296067,0.273066959,1,,,,0.340004516,0.246583875,1,,0.346650791,0.271030959,1,,0.350862467,0.263289833,1,,0.34346956,0.2684125,1,,0.339361989,0.260735041,1,,UNSAT,UNSAT,UNSAT,UNSAT,UNSAT,UNSAT,UNSAT,UNSAT
ABP(BW)_CABP_(datasize=2_capacity=1_windowsize=1)eq=strong-bisim.dzn,0.013168001,0.001,1,1,0.011250842,5.99E-05,1,0.010747635,7.23E-05,1,,,,0.014097321,7.17E-05,1,,0.011343479,5.00E-05,1,,0.010987127,6.89E-05,1,,0.011187351,5.53E-05,1,,0.011907482,6.81E-05,1,,UNSAT,UNSAT,UNSAT,UNSAT,UNSAT,UNSAT,UNSAT,UNSAT
ABP(BW)_CABP_(datasize=2_capacity=1_windowsize=1)eq=weak-bisim.dzn,1.431675065,0.89,3810,0,2.948307991,2.863593833,1,2.349931002,2.253397,1,68011,0,3757,1.630641222,1.562347209,1,3757,180,,,,2.459140062,2.375118333,1,3757,180,,,,180,,,,SAT,TIMEOUT,SAT,TIMEOUT,TIMEOUT,SAT,SAT,SAT
ABP(BW)_CABP_(datasize=4_capacity=1_windowsize=1)eq=branching-bisim.dzn,3.602370024,3.538,1,1,0.272614956,0.107033208,1,1.303642035,1.138576875,1,,,,1.291641712,1.129693791,1,,1.315819025,1.141530291,1,,1.326514006,1.157618417,1,,1.284084082,1.107134667,1,,1.297598124,1.119398334,1,,UNSAT,UNSAT,UNSAT,UNSAT,UNSAT,UNSAT,UNSAT,UNSAT
ABP(BW)_CABP_(datasize=4_capacity=1_windowsize=1)eq=branching-sim.dzn,3.095307827,3.036,1,1,0.272392583,0.112207,1,1.302747011,1.134017833,1,,,,1.301214135,0.7115095,1,,1.322756052,1.154511959,1,,1.334593058,1.166396959,1,,1.294692993,1.11376175,1,,1.300443172,1.138498125,1,,UNSAT,UNSAT,UNSAT,UNSAT,UNSAT,UNSAT,UNSAT,UNSAT
ABP(BW)_CABP_(datasize=4_capacity=1_windowsize=1)eq=strong-bisim.dzn,0.014053917,0.001,1,1,0.011172855,7.14E-05,1,0.011410701,7.24E-05,1,,,,0.014299178,5.76E-05,1,,0.010903084,6.81E-05,1,,0.011116636,7.04E-05,1,,0.011330187,4.85E-05,1,,0.011464596,4.40E-05,1,,UNSAT,UNSAT,UNSAT,UNSAT,UNSAT,UNSAT,UNSAT,UNSAT
ABP(BW)_CABP_(datasize=4_capacity=1_windowsize=1)eq=weak-bisim.dzn,3.345976114,3.294,7900,0,12.93223286,12.75368071,1,11.37742901,11.17931329,1,156715,0,7825,11.94467974,11.78033563,1,7825,180,,,,11.99892306,11.78797808,1,7825,180,,,,180,,,,SAT,TIMEOUT,SAT,TIMEOUT,TIMEOUT,SAT,SAT,SAT
ABP(BW)_Onebit_(datasize=2_capacity=1_windowsize=1)eq=branching-bisim.dzn,180,,,,19.16160512,8.483849834,1,180,,,,,,180,,,,180,,,,180,,,,180,,,,180,,,,TIMEOUT,TIMEOUT,TIMEOUT,TIMEOUT,TIMEOUT,TIMEOUT,UNSAT,TIMEOUT
ABP(BW)_Onebit_(datasize=2_capacity=1_windowsize=1)eq=branching-sim.dzn,180,,,,19.26527715,8.479832791,1,180,,,,,,180,,,,180,,,,180,,,,180,,,,180,,,,TIMEOUT,TIMEOUT,TIMEOUT,TIMEOUT,TIMEOUT,TIMEOUT,UNSAT,TIMEOUT
ABP(BW)_Onebit_(datasize=2_capacity=1_windowsize=1)eq=strong-bisim.dzn,0.012385535,0.001,1,1,0.011069822,6.88E-05,1,0.011028647,8.02E-05,1,,,,0.011611938,5.79E-05,1,,0.011012602,6.30E-05,1,,0.010664499,6.98E-05,1,,0.010890901,6.74E-05,1,,0.011022246,4.43E-05,1,,UNSAT,UNSAT,UNSAT,UNSAT,UNSAT,UNSAT,UNSAT,UNSAT
ABP(BW)_Onebit_(datasize=2_capacity=1_windowsize=1)eq=weak-bisim.dzn,180,,,,180,,,180,,,,,,180,,,,180,,,,180,,,,180,,,,180,,,,TIMEOUT,TIMEOUT,TIMEOUT,TIMEOUT,TIMEOUT,TIMEOUT,TIMEOUT,TIMEOUT
ABP(BW)_Onebit_(datasize=3_capacity=1_windowsize=1)eq=branching-bisim.dzn,180,,,,88.24557304,44.881241,1,180,,,,,,180,,,,180,,,,180,,,,180,,,,180,,,,TIMEOUT,TIMEOUT,TIMEOUT,TIMEOUT,TIMEOUT,TIMEOUT,UNSAT,TIMEOUT
ABP(BW)_Onebit_(datasize=3_capacity=1_windowsize=1)eq=branching-sim.dzn,180,,,,87.80522919,44.42124429,1,180,,,,,,180,,,,180,,,,180,,,,180,,,,180,,,,TIMEOUT,TIMEOUT,TIMEOUT,TIMEOUT,TIMEOUT,TIMEOUT,UNSAT,TIMEOUT
ABP(BW)_Onebit_(datasize=3_capacity=1_windowsize=1)eq=strong-bisim.dzn,0.014104867,0.001,1,1,0.01082027,7.09E-05,1,0.011444771,7.19E-05,1,,,,0.013335013,6.14E-05,1,,0.011340773,4.21E-05,1,,0.011244619,6.80E-05,1,,0.011011386,4.50E-05,1,,0.011260223,7.25E-05,1,,UNSAT,UNSAT,UNSAT,UNSAT,UNSAT,UNSAT,UNSAT,UNSAT
ABP(BW)_Onebit_(datasize=3_capacity=1_windowsize=1)eq=weak-bisim.dzn,180,,,,180,,,180,,,,,,180,,,,180,,,,180,,,,180,,,,180,,,,TIMEOUT,TIMEOUT,TIMEOUT,TIMEOUT,TIMEOUT,TIMEOUT,TIMEOUT,TIMEOUT
ABP(BW)_Par_(datasize=2_capacity=1_windowsize=1)eq=branching-bisim.dzn,0.198633075,0.111,1184,0,0.16637615,0.100191083,1,0.131170678,0.074454458,1,9904,0,1182,0.124619591,0.075486208,1,1182,7.091118813,7.068959375,129,5670,0.138248253,0.105409709,1,1182,7.088229895,7.054862333,129,5670,7.382182121,7.358212458,129,5670,SAT,SAT,SAT,SAT,SAT,SAT,SAT,SAT
ABP(BW)_Par_(datasize=2_capacity=1_windowsize=1)eq=branching-sim.dzn,0.206836951,0.162,1184,0,0.158638203,0.14735775,1,0.131487775,0.120606208,1,9904,0,1182,0.136493981,0.102290084,1,1182,7.030497074,7.006868166,129,5670,0.133354044,0.113645291,1,1182,6.924538136,6.897471334,129,5670,6.890350819,6.8694045,129,5670,SAT,SAT,SAT,SAT,SAT,SAT,SAT,SAT
ABP(BW)_Par_(datasize=2_capacity=1_windowsize=1)eq=strong-bisim.dzn,0.035592675,0.021,1,1,0.013751519,0.001454459,1,0.013324797,0.000817084,1,,,,0.012832785,0.000596792,1,,0.012734342,0.000803,1,,0.012946796,0.000808541,1,,0.012881243,0.000815583,1,,0.01266098,0.000809833,1,,UNSAT,UNSAT,UNSAT,UNSAT,UNSAT,UNSAT,UNSAT,UNSAT
ABP(BW)_Par_(datasize=2_capacity=1_windowsize=1)eq=weak-bisim.dzn,0.155992723,0.091,815,0,0.120558369,0.06671175,1,0.092005849,0.049472625,1,8186,0,794,0.087940598,0.050356292,1,794,1.762380123,1.739433083,17,1902,0.09817524,0.07172975,1,794,1.84521389,1.823930833,17,1902,1.752992153,1.723253625,17,1902,SAT,SAT,SAT,SAT,SAT,SAT,SAT,SAT
ABP(BW)_Par_(datasize=4_capacity=1_windowsize=1)eq=branching-bisim.dzn,0.423702538,0.272,2452,0,0.566836572,0.373468916,1,0.434836829,0.412574209,1,20314,0,2448,0.438930047,0.303431708,1,2448,29.73250723,29.694145,281,11495,0.460449541,0.407915458,1,2448,30.48313999,30.45101817,281,11495,30.76633501,30.72195233,281,11495,SAT,SAT,SAT,SAT,SAT,SAT,SAT,SAT
ABP(BW)_Par_(datasize=4_capacity=1_windowsize=1)eq=branching-sim.dzn,0.433790839,0.262,2452,0,0.578904927,0.534101834,1,0.446213496,0.415797042,1,20314,0,2448,0.468897784,0.414819167,1,2448,30.86776876,30.83447183,281,11495,0.465958703,0.411437542,1,2448,31.09055781,31.06046679,281,11495,31.04580784,31.01013238,281,11495,SAT,SAT,SAT,SAT,SAT,SAT,SAT,SAT
ABP(BW)_Par_(datasize=4_capacity=1_windowsize=1)eq=strong-bisim.dzn,0.079612887,0.06,1,1,0.016871846,0.002650208,1,0.015340173,0.001334625,1,,,,0.01488471,0.001361125,1,,0.015210402,0.001367084,1,,0.014930689,0.00194725,1,,0.014682853,0.001939166,1,,0.01496985,0.001917208,1,,UNSAT,UNSAT,UNSAT,UNSAT,UNSAT,UNSAT,UNSAT,UNSAT
ABP(BW)_Par_(datasize=4_capacity=1_windowsize=1)eq=weak-bisim.dzn,0.356893337,0.21,1723,0,0.381451225,0.311396042,1,0.302247512,0.280055375,1,16890,0,1702,0.306556618,0.184548,1,1702,7.621320009,7.580766958,57,4003,0.320586479,0.270029417,1,1702,7.691224098,7.65981375,57,4003,7.624757767,7.593547291,57,4003,SAT,SAT,SAT,SAT,SAT,SAT,SAT,SAT
ABP(BW)_SWP_(datasize=2_capacity=1_windowsize=1)eq=branching-bisim.dzn,0.855734766,0.833,1,1,0.078584814,0.033634208,1,0.134353971,0.080540709,1,,,,0.136432683,0.084345333,1,,0.13647536,0.083109084,1,,0.135446227,0.083494084,1,,0.134258294,0.084207792,1,,0.133814859,0.082726375,1,,UNSAT,UNSAT,UNSAT,UNSAT,UNSAT,UNSAT,UNSAT,UNSAT
ABP(BW)_SWP_(datasize=2_capacity=1_windowsize=1)eq=branching-sim.dzn,0.842565036,0.853,1,1,0.080111754,0.028465709,1,0.132644773,0.077687375,1,,,,0.13576777,0.05923,1,,0.135136235,0.080428209,1,,0.136347723,0.096144209,1,,0.135491395,0.077524583,1,,0.135383415,0.077417708,1,,UNSAT,UNSAT,UNSAT,UNSAT,UNSAT,UNSAT,UNSAT,UNSAT
ABP(BW)_SWP_(datasize=2_capacity=1_windowsize=1)eq=strong-bisim.dzn,0.012800515,0,1,1,0.011059999,5.85E-05,1,0.011455083,6.57E-05,1,,,,0.010819864,4.40E-05,1,,0.011025977,6.25E-05,1,,0.01100961,5.05E-05,1,,0.010955656,3.98E-05,1,,0.01093998,6.88E-05,1,,UNSAT,UNSAT,UNSAT,UNSAT,UNSAT,UNSAT,UNSAT,UNSAT
ABP(BW)_SWP_(datasize=2_capacity=1_windowsize=1)eq=weak-bisim.dzn,0.736131036,0.691,1,1,0.108371627,0.061582125,1,0.138249815,0.103424417,1,,,,0.142852938,0.088912375,1,,0.14111129,0.087478541,1,,0.137305367,0.090615042,1,,0.139504266,0.085752292,1,,0.139933968,0.084788791,1,,UNSAT,UNSAT,UNSAT,UNSAT,UNSAT,UNSAT,UNSAT,UNSAT
ABP(BW)_SWP_(datasize=4_capacity=1_windowsize=1)eq=branching-bisim.dzn,2.523908138,2.463,1,1,0.189240193,0.075768958,1,0.907922685,0.78479325,1,,,,0.89477706,0.80846675,1,,0.90183543,0.783861083,1,,0.900363421,0.783432208,1,,0.902680922,0.791681334,1,,0.911439359,0.838036875,1,,UNSAT,UNSAT,UNSAT,UNSAT,UNSAT,UNSAT,UNSAT,UNSAT
ABP(BW)_SWP_(datasize=4_capacity=1_windowsize=1)eq=branching-sim.dzn,1.794193029,1.74,1,1,0.19485023,0.08056225,1,0.914233434,0.791432875,1,,,,0.895800257,0.487280792,1,,0.910476649,0.780178125,1,,0.915145099,0.775464708,1,,0.92013073,0.787696417,1,,0.918590617,0.793558625,1,,UNSAT,UNSAT,UNSAT,UNSAT,UNSAT,UNSAT,UNSAT,UNSAT
ABP(BW)_SWP_(datasize=4_capacity=1_windowsize=1)eq=strong-bisim.dzn,0.012767911,0.001,1,1,0.011238587,6.88E-05,1,0.011131454,6.43E-05,1,,,,0.01072948,4.23E-05,1,,0.011063695,6.89E-05,1,,0.01114198,6.91E-05,1,,0.010781717,5.09E-05,1,,0.011118865,6.81E-05,1,,UNSAT,UNSAT,UNSAT,UNSAT,UNSAT,UNSAT,UNSAT,UNSAT
ABP(BW)_SWP_(datasize=4_capacity=1_windowsize=1)eq=weak-bisim.dzn,2.239973783,2.192,1,1,0.272128654,0.160401083,1,0.534399891,0.402404083,1,,,,0.545818555,0.426332125,1,,0.534089279,0.4117245,1,,0.546831918,0.4085285,1,,0.550330019,0.424108333,1,,0.556249273,0.435787333,1,,UNSAT,UNSAT,UNSAT,UNSAT,UNSAT,UNSAT,UNSAT,UNSAT
ABP(BW)datasize=2_infinitely_often_enabled_then_infinitely_often_taken.dzn,0.023415172,0.008,256,0,0.01890254,0.007694542,1,0.018023777,0.006463667,1,753,0,233,0.017951989,0.005270708,1,233,0.068842804,0.046821625,1,228,0.019084513,0.006442667,1,233,0.072870612,0.046185542,1,228,0.082245755,0.059499833,1,228,SAT,SAT,SAT,SAT,SAT,SAT,SAT,SAT
ABP(BW)datasize=2_infinitely_often_read_write.dzn,0.014278519,0.001,37,0,0.012363505,0.001035166,1,0.012004733,0.000859125,1,89,0,31,0.012149417,0.000587958,1,31,0.013106573,0.00114175,1,29,0.012158298,0.000883041,1,31,0.01295929,0.001903917,1,29,0.013477576,0.001918917,1,29,SAT,SAT,SAT,SAT,SAT,SAT,SAT,SAT
ABP(BW)datasize=2_infinitely_often_receive_d1.dzn,0.016023362,0.001,42,0,0.012192488,0.000824416,1,0.011854005,0.000433125,1,82,0,36,0.012173533,0.000470291,1,36,0.01280787,0.001210667,1,26,0.012100542,0.00061725,1,36,0.012871742,0.001221417,1,26,0.012734473,0.001201708,1,26,SAT,SAT,SAT,SAT,SAT,SAT,SAT,SAT
ABP(BW)datasize=2_infinitely_often_receive_for_all_d.dzn,0.017885315,0.002,44,0,0.012483048,0.001155625,1,0.011984777,0.000872084,1,183,0,38,0.01708895,0.001208833,1,38,0.019858932,0.005232125,1,52,0.01589843,0.001060584,1,38,0.029412246,0.005299375,1,52,0.021303225,0.005248375,1,52,SAT,SAT,SAT,SAT,SAT,SAT,SAT,SAT
ABP(BW)datasize=2_invariantly_infinitely_many_reachable_taus.dzn,0.017822087,0.004,139,0,0.0138376,0.002101958,1,0.012771785,0.001649792,1,275,0,133,0.013257062,0.001589709,1,133,0.013109863,0.0013245,2,27,0.013263953,0.001578083,1,133,0.01296221,0.001339709,2,27,0.013022959,0.001329792,2,27,SAT,SAT,SAT,SAT,SAT,SAT,SAT,SAT
ABP(BW)datasize=2_no_duplication_of_messages.dzn,0.017716587,0.003,107,0,0.013437343,0.00273125,1,0.012949359,0.001722959,1,267,0,98,0.017348063,0.0018915,1,98,0.0283728,0.010476833,1,73,0.017491949,0.002244167,1,98,0.024853098,0.009935791,1,73,0.024470651,0.010167833,1,73,SAT,SAT,SAT,SAT,SAT,SAT,SAT,SAT
ABP(BW)datasize=2_no_generation_of_messages.dzn,0.014250374,0.001,25,0,0.012139452,0.000407292,1,0.011631823,0.0003895,1,84,0,21,0.011702657,0.000334459,1,21,0.012493491,0.000943958,1,24,0.011640656,0.000392958,1,21,0.012214339,0.000945708,1,24,0.01243732,0.000767917,1,24,SAT,SAT,SAT,SAT,SAT,SAT,SAT,SAT
ABP(BW)datasize=2_nodeadlock.dzn,0.014210153,0.002,41,0,0.011385679,0.000613,1,0.011644793,0.000486,1,81,0,35,0.012191868,0.000368333,1,35,0.011850882,0.000986583,1,25,0.011619914,0.000485834,1,35,0.012314951,0.000978375,1,25,0.012457848,0.00099775,1,25,SAT,SAT,SAT,SAT,SAT,SAT,SAT,SAT
ABP(BW)datasize=2_read_then_eventually_send.dzn,0.017812133,0.003,79,0,0.01309818,0.001833,1,0.012891018,0.001055291,1,281,0,70,0.013070726,0.0010085,1,70,0.020406389,0.009243959,1,79,0.012796509,0.001446917,1,70,0.019529688,0.006011625,1,79,0.020236754,0.009063875,1,79,SAT,SAT,SAT,SAT,SAT,SAT,SAT,SAT
ABP(BW)datasize=4_infinitely_often_enabled_then_infinitely_often_taken.dzn,0.076655114,0.051,510,0,0.037709939,0.029711208,1,0.031073093,0.018720917,1,3033,0,481,0.037791049,0.024560458,1,481,1.0543046,0.961697459,1,912,0.035587323,0.023852125,1,481,1.119506979,0.71431125,1,912,1.166692019,1.147286959,1,912,SAT,SAT,SAT,SAT,SAT,SAT,SAT,SAT
ABP(BW)datasize=4_infinitely_often_read_write.dzn,0.016207576,0.003,61,0,0.013005126,0.001497375,1,0.012867594,0.001403959,1,197,0,51,0.012600565,0.000941875,1,51,0.017609441,0.006554667,1,61,0.01300416,0.001405291,1,51,0.017553818,0.006584458,1,61,0.017916119,0.006563958,1,61,SAT,SAT,SAT,SAT,SAT,SAT,SAT,SAT
ABP(BW)datasize=4_infinitely_often_receive_d1.dzn,0.017989969,0.003,76,0,0.012965405,0.001444875,1,0.012682915,0.001101875,1,176,0,66,0.01249305,0.000859708,1,66,0.015735614,0.004171417,1,52,0.012535799,0.001095167,1,66,0.015621221,0.004155917,1,52,0.015202832,0.004147875,1,52,SAT,SAT,SAT,SAT,SAT,SAT,SAT,SAT
ABP(BW)datasize=4_infinitely_often_receive_for_all_d.dzn,0.023143542,0.008,82,0,0.014993501,0.003381334,1,0.01403234,0.002369417,1,761,0,72,0.014467883,0.00175525,1,72,0.058798718,0.041118917,1,208,0.014178073,0.002377709,1,72,0.06509527,0.040037417,1,208,0.077939653,0.058453708,1,208,SAT,SAT,SAT,SAT,SAT,SAT,SAT,SAT
ABP(BW)datasize=4_invariantly_infinitely_many_reachable_taus.dzn,0.021394372,0.007,267,0,0.016372848,0.004827625,1,0.014736331,0.003448625,1,557,0,257,0.019078648,0.003245125,1,257,0.018167233,0.004675667,2,55,0.018832386,0.003235333,1,257,0.018306243,0.004641708,2,55,0.018140078,0.004534917,2,55,SAT,SAT,SAT,SAT,SAT,SAT,SAT,SAT
ABP(BW)datasize=4_no_duplication_of_messages.dzn,0.025641906,0.015,207,0,0.018274176,0.004760083,1,0.016457796,0.004734959,1,931,0,192,0.017837226,0.003460792,1,192,0.090823007,0.061135417,1,251,0.017549741,0.004739,1,192,0.097000504,0.061688709,1,251,0.10242027,0.087556333,1,251,SAT,SAT,SAT,SAT,SAT,SAT,SAT,SAT
ABP(BW)datasize=4_no_generation_of_messages.dzn,0.020652413,0.006,61,0,0.013826883,0.002146416,1,0.012734914,0.001004834,1,560,0,53,0.013204658,0.000986083,1,53,0.031890512,0.017721458,1,152,0.012920296,0.001448666,1,53,0.031652999,0.019889666,1,152,0.031581831,0.019805375,1,152,SAT,SAT,SAT,SAT,SAT,SAT,SAT,SAT
ABP(BW)datasize=4_nodeadlock.dzn,0.015730321,0.002,75,0,0.012444782,0.001126875,1,0.011967194,0.000845334,1,175,0,65,0.013221133,0.000648625,1,65,0.014774871,0.003376791,1,51,0.01222887,0.00085125,1,65,0.014990747,0.003377833,1,51,0.014741468,0.003382209,1,51,SAT,SAT,SAT,SAT,SAT,SAT,SAT,SAT
ABP(BW)datasize=4_read_then_eventually_send.dzn,0.025232351,0.01,149,0,0.017491901,0.005112167,1,0.015964007,0.002878834,1,955,0,134,0.016090596,0.002806667,1,134,0.114353311,0.0715905,1,263,0.016862881,0.003983083,1,134,0.115619361,0.070198708,1,263,0.122150087,0.096605375,1,263,SAT,SAT,SAT,SAT,SAT,SAT,SAT,SAT
ABP(BW)datasize=8_infinitely_often_enabled_then_infinitely_often_taken.dzn,0.263126147,0.158,1064,0,0.179514647,0.105869,1,0.148712587,0.122746417,1,12105,0,1023,0.143008709,0.105284583,1,1023,16.96625423,16.93915842,1,3648,0.148043811,0.127171083,1,1023,16.87982202,16.85525208,1,3648,17.7487402,17.722583,1,3648,SAT,SAT,SAT,SAT,SAT,SAT,SAT,SAT
ABP(BW)datasize=8_infinitely_often_read_write.dzn,0.02141639,0.005,109,0,0.01524688,0.003523167,1,0.01442591,0.002669666,1,413,0,91,0.017039132,0.001895541,1,91,0.033393168,0.019841792,1,125,0.015843225,0.002904833,1,91,0.033107138,0.018258958,1,125,0.033482075,0.019545917,1,125,SAT,SAT,SAT,SAT,SAT,SAT,SAT,SAT
ABP(BW)datasize=8_infinitely_often_receive_d1.dzn,0.019581008,0.004,144,0,0.0144333,0.002917208,1,0.013496542,0.002215917,1,364,0,126,0.013882434,0.001664458,1,126,0.024047184,0.013198542,1,104,0.013564694,0.002126458,1,126,0.02413342,0.012526541,1,104,0.024625885,0.012789208,1,104,SAT,SAT,SAT,SAT,SAT,SAT,SAT,SAT
ABP(BW)datasize=8_infinitely_often_receive_for_all_d.dzn,0.075764656,0.051,158,0,0.026517141,0.012573542,1,0.021817911,0.0098925,1,3045,0,140,0.029646587,0.014489,1,140,1.408951998,1.391412792,1,832,0.033150578,0.013740292,1,140,1.394197941,1.376677166,1,832,1.308183908,1.237568167,1,832,SAT,SAT,SAT,SAT,SAT,SAT,SAT,SAT
ABP(BW)datasize=8_invariantly_infinitely_many_reachable_taus.dzn,0.030022073,0.018,523,0,0.023394299,0.014798959,1,0.02011553,0.009233291,1,1121,0,505,0.023551238,0.006250875,1,505,0.023961401,0.009750833,2,111,0.020170641,0.008263333,1,505,0.024941099,0.009587208,2,111,0.024793434,0.012231417,2,111,SAT,SAT,SAT,SAT,SAT,SAT,SAT,SAT
ABP(BW)datasize=8_no_duplication_of_messages.dzn,0.077591002,0.051,407,0,0.035189247,0.029404125,1,0.027745426,0.014390334,1,3387,0,380,0.029260063,0.014747667,1,380,1.13797828,0.843708833,1,919,0.032796502,0.01905775,1,380,1.125806069,0.942898583,1,919,1.087480068,1.07048375,1,919,SAT,SAT,SAT,SAT,SAT,SAT,SAT,SAT
ABP(BW)datasize=8_no_generation_of_messages.dzn,0.060354102,0.034,133,0,0.022527087,0.009766709,1,0.019543886,0.006589584,1,2640,0,117,0.021666634,0.004538875,1,117,0.619646871,0.399312,1,720,0.020025527,0.006631208,1,117,0.595371735,0.388176333,1,720,0.612460864,0.655321792,1,720,SAT,SAT,SAT,SAT,SAT,SAT,SAT,SAT
ABP(BW)datasize=8_nodeadlock.dzn,0.02293613,0.005,143,0,0.013462389,0.002371208,1,0.012999892,0.001713,1,363,0,125,0.015160346,0.001271583,1,125,0.024588776,0.012571792,1,103,0.013730395,0.001732875,1,125,0.022629738,0.0109395,1,103,0.022198498,0.01099,1,103,SAT,SAT,SAT,SAT,SAT,SAT,SAT,SAT
ABP(BW)datasize=8_read_then_eventually_send.dzn,0.078075266,0.05,289,0,0.032061243,0.0155065,1,0.024818516,0.012306333,1,3431,0,262,0.028139293,0.011017416,1,262,1.268918478,0.916836042,1,943,0.027859569,0.013402375,1,262,1.25904845,0.785723833,1,943,1.317332983,1.296796083,1,943,SAT,SAT,SAT,SAT,SAT,SAT,SAT,SAT
ABP_ABP(BW)_(datasize=2_capacity=1_windowsize=1)eq=branching-bisim.dzn,0.155231142,0.125,380,0,0.072117519,0.045544375,1,0.057805932,0.036340375,1,7852,0,372,0.056493711,0.037127916,1,372,6.563073874,6.542376625,1,5335,0.061217976,0.030564208,1,372,6.638885736,6.614021167,1,5335,6.620584965,6.596738459,1,5335,SAT,SAT,SAT,SAT,SAT,SAT,SAT,SAT
ABP_ABP(BW)_(datasize=2_capacity=1_windowsize=1)eq=branching-sim.dzn,0.14664582,0.089,380,0,0.070704746,0.039433541,1,0.057255864,0.026572834,1,7852,0,372,0.045658004,0.031813625,1,372,6.638079166,6.604740792,1,5335,0.056559336,0.03494175,1,372,6.66028595,6.640898042,1,5335,6.657924175,6.63675325,1,5335,SAT,SAT,SAT,SAT,SAT,SAT,SAT,SAT
ABP_ABP(BW)_(datasize=2_capacity=1_windowsize=1)eq=strong-bisim.dzn,0.020185077,0.005,122,0,0.013623202,0.00143,1,0.013657987,0.0022965,1,391,0,98,0.014897525,0.001452291,1,98,0.030313838,0.019072625,3,211,0.013343847,0.002300916,1,98,0.030130279,0.019225166,3,211,0.030685258,0.015889,3,211,SAT,SAT,SAT,SAT,SAT,SAT,SAT,SAT
ABP_ABP(BW)_(datasize=2_capacity=1_windowsize=1)eq=weak-bisim.dzn,0.142542815,0.076,611,0,0.148757291,0.1050735,1,0.119778395,0.096202584,1,6451,0,535,0.122890544,0.094637167,1,535,42.67954206,42.65963913,1,4369,0.122457421,0.101274875,1,535,43.02548695,43.00377267,1,4369,42.82622004,42.80589513,1,4369,SAT,SAT,SAT,SAT,SAT,SAT,SAT,SAT
ABP_ABP(BW)_(datasize=4_capacity=1_windowsize=1)eq=branching-bisim.dzn,0.30836947,0.298,758,0,0.197023857,0.168603209,1,0.155196118,0.130364625,1,16116,0,742,0.157825232,0.112208,1,742,27.99732304,27.96655904,1,10861,0.155578649,0.126479917,1,742,28.30799985,28.27781038,1,10861,27.87852001,27.850438,1,10861,SAT,SAT,SAT,SAT,SAT,SAT,SAT,SAT
ABP_ABP(BW)_(datasize=4_capacity=1_windowsize=1)eq=branching-sim.dzn,0.311744356,0.284,758,0,0.193960512,0.16603175,1,0.153315723,0.116857084,1,16116,0,742,0.166164589,0.119482875,1,742,29.35292077,29.32612163,1,10861,0.162399054,0.124298708,1,742,29.32233882,29.2833725,1,10861,26.99079394,26.96494608,1,10861,SAT,SAT,SAT,SAT,SAT,SAT,SAT,SAT
ABP_ABP(BW)_(datasize=4_capacity=1_windowsize=1)eq=strong-bisim.dzn,0.025958228,0.009,196,0,0.01592443,0.004324542,1,0.016471398,0.004605667,1,795,0,168,0.017221153,0.002687583,1,168,0.111108422,0.067800792,3,419,0.01636889,0.004504958,1,168,0.110375643,0.0674835,3,419,0.117486811,0.101515167,3,419,SAT,SAT,SAT,SAT,SAT,SAT,SAT,SAT
ABP_ABP(BW)_(datasize=4_capacity=1_windowsize=1)eq=weak-bisim.dzn,0.282804286,0.166,1039,0,0.323953795,0.1994795,1,0.260731769,0.226454209,1,13365,0,957,0.258345723,0.210231792,1,957,180,,,,0.26372602,0.230798042,1,957,180,,,,180,,,,SAT,TIMEOUT,SAT,TIMEOUT,TIMEOUT,SAT,SAT,SAT
ABP_ABP_(datasize=2_capacity=1_windowsize=1)eq=branching-bisim.dzn,0.119603324,0.063,286,0,0.054952085,0.028721666,1,0.03279562,0.0202625,1,5922,0,278,0.033433175,0.016400291,1,278,3.850106716,3.834404333,1,4028,0.036053741,0.022940917,1,278,3.822214127,3.8091565,1,4028,3.862055063,3.841053167,1,4028,SAT,SAT,SAT,SAT,SAT,SAT,SAT,SAT
ABP_ABP_(datasize=2_capacity=1_windowsize=1)eq=branching-sim.dzn,0.117311549,0.085,286,0,0.054459214,0.034294083,1,0.033780205,0.018176792,1,5922,0,278,0.036365128,0.020671667,1,278,3.956269026,3.942001208,1,4028,0.036100054,0.022269042,1,278,3.875387907,3.858011333,1,4028,3.950381994,3.930367666,1,4028,SAT,SAT,SAT,SAT,SAT,SAT,SAT,SAT
ABP_ABP_(datasize=2_capacity=1_windowsize=1)eq=strong-bisim.dzn,0.017621469,0.004,122,0,0.013633311,0.002211291,1,0.013153398,0.002004208,1,289,0,94,0.015172088,0.001323833,1,94,0.022971416,0.012596042,3,164,0.013540101,0.00198925,1,94,0.023526788,0.012500208,3,164,0.023699379,0.009600042,3,164,SAT,SAT,SAT,SAT,SAT,SAT,SAT,SAT
ABP_ABP_(datasize=2_capacity=1_windowsize=1)eq=weak-bisim.dzn,0.112628186,0.083,627,0,0.135932386,0.107994958,1,0.107376289,0.093232709,1,4861,0,546,0.115686488,0.082080209,1,546,23.56072903,23.54009075,1,3276,0.113100576,0.066060667,1,546,23.57217717,23.54986646,1,3276,23.56564403,23.54475204,1,3276,SAT,SAT,SAT,SAT,SAT,SAT,SAT,SAT
ABP_ABP_(datasize=4_capacity=1_windowsize=1)eq=branching-bisim.dzn,0.231138718,0.133,570,0,0.130917394,0.067945125,1,0.095681655,0.04726375,1,12130,0,554,0.098410952,0.048812292,1,554,16.55854106,16.52697904,1,8200,0.101636839,0.074179833,1,554,16.48906994,16.465907,1,8200,16.65335917,16.62931788,1,8200,SAT,SAT,SAT,SAT,SAT,SAT,SAT,SAT
ABP_ABP_(datasize=4_capacity=1_windowsize=1)eq=branching-sim.dzn,0.22816776,0.141,570,0,0.13265872,0.072228667,1,0.093418241,0.047310167,1,12130,0,554,0.091380608,0.049994875,1,554,15.88482308,15.85595396,1,8200,0.098053324,0.07530075,1,554,16.08887982,16.06017354,1,8200,16.1965518,16.17200454,1,8200,SAT,SAT,SAT,SAT,SAT,SAT,SAT,SAT
ABP_ABP_(datasize=4_capacity=1_windowsize=1)eq=strong-bisim.dzn,0.025076044,0.007,186,0,0.015424144,0.002351208,1,0.015243399,0.002249375,1,593,0,154,0.015213299,0.002368125,1,154,0.064825833,0.041213084,3,326,0.015711462,0.003641958,1,154,0.063787079,0.045714375,3,326,0.076480567,0.05181175,3,326,SAT,SAT,SAT,SAT,SAT,SAT,SAT,SAT
ABP_ABP_(datasize=4_capacity=1_windowsize=1)eq=weak-bisim.dzn,0.218979049,0.127,1071,0,0.291471457,0.182201375,1,0.231954122,0.144765708,1,10061,0,984,0.229660308,0.16384125,1,984,104.4268641,104.4034846,1,6644,0.24310298,0.212308791,1,984,104.9984789,104.975,1,6644,104.7432299,104.7143054,1,6644,SAT,SAT,SAT,SAT,SAT,SAT,SAT,SAT
ABP_CABP_(datasize=2_capacity=1_windowsize=1)eq=branching-bisim.dzn,1.097018242,1.07,1,1,0.095042872,0.034470541,1,0.256245255,0.191598875,1,,,,0.260039186,0.194208667,1,,0.262370908,0.204344958,1,,0.258670533,0.197762292,1,,0.255375338,0.185647083,1,,0.260627937,0.186280291,1,,UNSAT,UNSAT,UNSAT,UNSAT,UNSAT,UNSAT,UNSAT,UNSAT
ABP_CABP_(datasize=2_capacity=1_windowsize=1)eq=branching-sim.dzn,1.132073879,1.103,1,1,0.093911099,0.03514025,1,0.250882185,0.185773291,1,,,,0.259737742,0.197622958,1,,0.258774304,0.188223458,1,,0.263467252,0.187988583,1,,0.261265969,0.195302208,1,,0.259408855,0.198652625,1,,UNSAT,UNSAT,UNSAT,UNSAT,UNSAT,UNSAT,UNSAT,UNSAT
ABP_CABP_(datasize=2_capacity=1_windowsize=1)eq=strong-bisim.dzn,0.013380492,0,1,1,0.011248624,7.96E-05,1,0.01117295,6.37E-05,1,,,,0.015265322,7.67E-05,1,,0.012141156,7.74E-05,1,,0.011405373,7.04E-05,1,,0.011576927,6.84E-05,1,,0.011311436,7.15E-05,1,,UNSAT,UNSAT,UNSAT,UNSAT,UNSAT,UNSAT,UNSAT,UNSAT
ABP_CABP_(datasize=2_capacity=1_windowsize=1)eq=weak-bisim.dzn,1.016329181,0.7,2506,0,1.472470999,1.400592417,1,1.149785757,1.082254458,1,50851,0,2449,1.195694721,0.767313875,1,2449,180,,,,1.224637985,1.161632458,1,2449,180,,,,180,,,,SAT,TIMEOUT,SAT,TIMEOUT,TIMEOUT,SAT,SAT,SAT
ABP_CABP_(datasize=4_capacity=1_windowsize=1)eq=branching-bisim.dzn,2.667211056,2.616,1,1,0.207292712,0.07581175,1,0.970374715,0.841488958,1,,,,1.006296158,0.897440625,1,,1.003381681,0.863427875,1,,1.003419065,0.84939425,1,,1.006494224,0.87179,1,,1.007167089,0.865875708,1,,UNSAT,UNSAT,UNSAT,UNSAT,UNSAT,UNSAT,UNSAT,UNSAT
ABP_CABP_(datasize=4_capacity=1_windowsize=1)eq=branching-sim.dzn,1.660244942,1.619,1,1,0.202197206,0.074255,1,0.966403401,0.869644584,1,,,,0.993830156,0.544313041,1,,1.03710413,0.904168791,1,,0.989313769,0.863353583,1,,0.993856239,0.836382292,1,,1.004754591,0.856608833,1,,UNSAT,UNSAT,UNSAT,UNSAT,UNSAT,UNSAT,UNSAT,UNSAT
ABP_CABP_(datasize=4_capacity=1_windowsize=1)eq=strong-bisim.dzn,0.012444162,0.001,1,1,0.01115725,7.02E-05,1,0.011172605,7.23E-05,1,,,,0.014502394,5.68E-05,1,,0.011086571,7.27E-05,1,,0.011063802,7.14E-05,1,,0.011348581,7.07E-05,1,,0.011134923,4.31E-05,1,,UNSAT,UNSAT,UNSAT,UNSAT,UNSAT,UNSAT,UNSAT,UNSAT
ABP_CABP_(datasize=4_capacity=1_windowsize=1)eq=weak-bisim.dzn,1.571089745,1.532,5352,0,6.81191802,6.658709625,1,5.780362844,5.625963792,1,118211,0,5273,5.868472099,5.742269375,1,5273,180,,,,6.238710165,6.077086875,1,5273,180,,,,180,,,,SAT,TIMEOUT,SAT,TIMEOUT,TIMEOUT,SAT,SAT,SAT
ABP_Onebit_(datasize=2_capacity=1_windowsize=1)eq=branching-bisim.dzn,180,,,,15.2267158,6.715974708,1,180,,,,,,180,,,,180,,,,180,,,,180,,,,180,,,,TIMEOUT,TIMEOUT,TIMEOUT,TIMEOUT,TIMEOUT,TIMEOUT,UNSAT,TIMEOUT
ABP_Onebit_(datasize=2_capacity=1_windowsize=1)eq=branching-sim.dzn,180,,,,15.05044007,6.533534625,1,180,,,,,,180,,,,180,,,,180,,,,180,,,,180,,,,TIMEOUT,TIMEOUT,TIMEOUT,TIMEOUT,TIMEOUT,TIMEOUT,UNSAT,TIMEOUT
ABP_Onebit_(datasize=2_capacity=1_windowsize=1)eq=strong-bisim.dzn,0.012850857,0.001,1,1,0.011377108,6.84E-05,1,0.01115427,7.15E-05,1,,,,0.011311269,6.01E-05,1,,0.012340677,5.01E-05,1,,0.011815846,6.53E-05,1,,0.011340296,7.30E-05,1,,0.011846435,6.79E-05,1,,UNSAT,UNSAT,UNSAT,UNSAT,UNSAT,UNSAT,UNSAT,UNSAT
ABP_Onebit_(datasize=2_capacity=1_windowsize=1)eq=weak-bisim.dzn,180,,,,180,,,180,,,,,,180,,,,180,,,,180,,,,180,,,,180,,,,TIMEOUT,TIMEOUT,TIMEOUT,TIMEOUT,TIMEOUT,TIMEOUT,TIMEOUT,TIMEOUT
ABP_Onebit_(datasize=3_capacity=1_windowsize=1)eq=branching-bisim.dzn,180,,,,56.06530881,28.12383013,1,180,,,,,,180,,,,180,,,,180,,,,180,,,,180,,,,TIMEOUT,TIMEOUT,TIMEOUT,TIMEOUT,TIMEOUT,TIMEOUT,UNSAT,TIMEOUT
ABP_Onebit_(datasize=3_capacity=1_windowsize=1)eq=branching-sim.dzn,180,,,,57.96029615,28.56261921,1,180,,,,,,180,,,,180,,,,180,,,,180,,,,180,,,,TIMEOUT,TIMEOUT,TIMEOUT,TIMEOUT,TIMEOUT,TIMEOUT,UNSAT,TIMEOUT
ABP_Onebit_(datasize=3_capacity=1_windowsize=1)eq=strong-bisim.dzn,0.014368331,0.001,1,1,0.01140759,6.95E-05,1,0.011416745,6.94E-05,1,,,,0.011356318,5.67E-05,1,,0.011243904,6.98E-05,1,,0.011234331,3.99E-05,1,,0.010905206,6.88E-05,1,,0.011104739,6.95E-05,1,,UNSAT,UNSAT,UNSAT,UNSAT,UNSAT,UNSAT,UNSAT,UNSAT
ABP_Onebit_(datasize=3_capacity=1_windowsize=1)eq=weak-bisim.dzn,180,,,,180,,,180,,,,,,180,,,,180,,,,180,,,,180,,,,180,,,,TIMEOUT,TIMEOUT,TIMEOUT,TIMEOUT,TIMEOUT,TIMEOUT,TIMEOUT,TIMEOUT
ABP_Par_(datasize=2_capacity=1_windowsize=1)eq=branching-bisim.dzn,0.146302545,0.127,693,0,0.090458965,0.065785833,1,0.071763206,0.050274167,1,7380,0,691,0.074712014,0.048263291,1,691,3.6033957,3.574306833,97,4008,0.076181209,0.060537584,1,691,3.613600016,3.59022175,97,4008,3.673542261,3.652873333,97,4008,SAT,SAT,SAT,SAT,SAT,SAT,SAT,SAT
ABP_Par_(datasize=2_capacity=1_windowsize=1)eq=branching-sim.dzn,0.144074118,0.091,693,0,0.089446998,0.051311958,1,0.071533751,0.037333208,1,7380,0,691,0.060862517,0.037832875,1,691,3.433580875,3.414508917,97,4008,0.073535419,0.045470083,1,691,3.489830971,3.466474917,97,4008,3.512465,3.489570666,97,4008,SAT,SAT,SAT,SAT,SAT,SAT,SAT,SAT
ABP_Par_(datasize=2_capacity=1_windowsize=1)eq=strong-bisim.dzn,0.034422255,0.02,1,1,0.013930237,0.000904209,1,0.012880003,0.000763125,1,,,,0.014853179,0.00056825,1,,0.013093615,0.0007725,1,,0.013045692,0.000774,1,,0.012574542,0.000777958,1,,0.012946343,0.000777459,1,,UNSAT,UNSAT,UNSAT,UNSAT,UNSAT,UNSAT,UNSAT,UNSAT
ABP_Par_(datasize=2_capacity=1_windowsize=1)eq=weak-bisim.dzn,0.130476463,0.096,543,0,0.074972391,0.054437375,1,0.055521035,0.037046458,1,6104,0,518,0.063794148,0.041096833,1,518,1.096502066,1.077524292,13,1504,0.058951461,0.03764725,1,518,1.084397078,1.066089125,13,1504,1.136890173,1.116483416,13,1504,SAT,SAT,SAT,SAT,SAT,SAT,SAT,SAT
ABP_Par_(datasize=4_capacity=1_windowsize=1)eq=branching-bisim.dzn,0.301638949,0.28,1431,0,0.279383481,0.238108458,1,0.217482483,0.178176666,1,15108,0,1427,0.228723717,0.1909595,1,1427,14.89041686,14.85668908,209,8131,0.225098968,0.196462125,1,1427,15.06377792,15.03357104,209,8131,14.89924812,14.86642329,209,8131,SAT,SAT,SAT,SAT,SAT,SAT,SAT,SAT
ABP_Par_(datasize=4_capacity=1_windowsize=1)eq=branching-sim.dzn,0.311117804,0.295,1431,0,0.279034507,0.2602125,1,0.217110598,0.182499291,1,15108,0,1427,0.226284087,0.188924459,1,1427,15.01510811,14.98935721,209,8131,0.229345286,0.195241917,1,1427,15.06429887,15.03614521,209,8131,15.16033411,15.13318088,209,8131,SAT,SAT,SAT,SAT,SAT,SAT,SAT,SAT
ABP_Par_(datasize=4_capacity=1_windowsize=1)eq=strong-bisim.dzn,0.065101349,0.044,1,1,0.015951574,0.002502458,1,0.015071702,0.001857334,1,,,,0.015222347,0.001536667,1,,0.014982688,0.004644625,1,,0.015085256,0.001847209,1,,0.015500641,0.001602333,1,,0.015162516,0.001810542,1,,UNSAT,UNSAT,UNSAT,UNSAT,UNSAT,UNSAT,UNSAT,UNSAT
ABP_Par_(datasize=4_capacity=1_windowsize=1)eq=weak-bisim.dzn,0.254946196,0.142,1123,0,0.210018969,0.139297,1,0.158032477,0.129726542,1,12570,0,1098,0.165964735,0.091950375,1,1098,4.696249962,4.665769042,41,3169,0.164322817,0.130712209,1,1098,4.796652079,4.765046083,41,3169,4.57508707,4.54301125,41,3169,SAT,SAT,SAT,SAT,SAT,SAT,SAT,SAT
ABP_SWP_(datasize=2_capacity=1_windowsize=1)eq=branching-bisim.dzn,0.665896964,0.41,1,1,0.059691811,0.01466925,1,0.105860353,0.057844292,1,,,,0.104540801,0.063270292,1,,0.107207584,0.06302125,1,,0.107315874,0.068980125,1,,0.106829476,0.063730584,1,,0.107746267,0.060021667,1,,UNSAT,UNSAT,UNSAT,UNSAT,UNSAT,UNSAT,UNSAT,UNSAT
ABP_SWP_(datasize=2_capacity=1_windowsize=1)eq=branching-sim.dzn,0.680094957,0.644,1,1,0.065857589,0.02574125,1,0.107207012,0.06632475,1,,,,0.108693337,0.065868291,1,,0.107983494,0.063336875,1,,0.111285937,0.07230075,1,,0.108254063,0.070901375,1,,0.110186505,0.059470667,1,,UNSAT,UNSAT,UNSAT,UNSAT,UNSAT,UNSAT,UNSAT,UNSAT
ABP_SWP_(datasize=2_capacity=1_windowsize=1)eq=strong-bisim.dzn,0.014603424,0,1,1,0.011286378,6.82E-05,1,0.011240578,6.97E-05,1,,,,0.011778951,5.75E-05,1,,0.011312687,5.85E-05,1,,0.011402643,7.03E-05,1,,0.011295843,6.29E-05,1,,0.011240149,6.87E-05,1,,UNSAT,UNSAT,UNSAT,UNSAT,UNSAT,UNSAT,UNSAT,UNSAT
ABP_SWP_(datasize=2_capacity=1_windowsize=1)eq=weak-bisim.dzn,0.581486297,0.349,1,1,0.08507452,0.029800833,1,0.111074626,0.050205375,1,,,,0.108392906,0.05420225,1,,0.115178514,0.069921125,1,,0.115206444,0.0670415,1,,0.114766586,0.066985,1,,0.114169848,0.069180542,1,,UNSAT,UNSAT,UNSAT,UNSAT,UNSAT,UNSAT,UNSAT,UNSAT
ABP_SWP_(datasize=4_capacity=1_windowsize=1)eq=branching-bisim.dzn,1.903984308,1.855,1,1,0.156248713,0.046705792,1,0.422292399,0.320464875,1,,,,0.423015094,0.208338375,1,,0.422313476,0.329743917,1,,0.43975935,0.36572975,1,,0.425866282,0.324164166,1,,0.432005012,0.32552325,1,,UNSAT,UNSAT,UNSAT,UNSAT,UNSAT,UNSAT,UNSAT,UNSAT
ABP_SWP_(datasize=4_capacity=1_windowsize=1)eq=branching-sim.dzn,1.217077017,1.175,1,1,0.154727793,0.059250125,1,0.423348022,0.32604825,1,,,,0.421000886,0.2144635,1,,0.432262075,0.313010125,1,,0.437804699,0.332469041,1,,0.428710032,0.310437292,1,,0.431196213,0.323264,1,,UNSAT,UNSAT,UNSAT,UNSAT,UNSAT,UNSAT,UNSAT,UNSAT
ABP_SWP_(datasize=4_capacity=1_windowsize=1)eq=strong-bisim.dzn,0.015087068,0.001,1,1,0.011280799,6.67E-05,1,0.011517036,6.91E-05,1,,,,0.01269623,6.73E-05,1,,0.011432767,7.14E-05,1,,0.011405015,5.33E-05,1,,0.011099803,6.89E-05,1,,0.011141813,4.93E-05,1,,UNSAT,UNSAT,UNSAT,UNSAT,UNSAT,UNSAT,UNSAT,UNSAT
ABP_SWP_(datasize=4_capacity=1_windowsize=1)eq=weak-bisim.dzn,1.496073961,1.511,1,1,0.218205559,0.125776625,1,0.422778237,0.321894667,1,,,,0.417960608,0.294252125,1,,0.419177639,0.324269666,1,,0.419416416,0.318225666,1,,0.424372959,0.330030375,1,,0.424022174,0.32668175,1,,UNSAT,UNSAT,UNSAT,UNSAT,UNSAT,UNSAT,UNSAT,UNSAT
ABPdatasize=2_infinitely_often_enabled_then_infinitely_often_taken.dzn,0.021738148,0.007,268,0,0.019284117,0.004715584,1,0.017046309,0.006012625,1,569,0,243,0.017544627,0.003695833,1,243,0.04146328,0.029778042,1,176,0.017600954,0.004011208,1,243,0.044429231,0.030692958,1,176,0.051968026,0.038823166,1,176,SAT,SAT,SAT,SAT,SAT,SAT,SAT,SAT
ABPdatasize=2_infinitely_often_lost.dzn,0.014774227,0.002,1,1,0.01158402,0.000186792,1,0.011286449,0.000112916,1,,,,0.01392225,9.40E-05,1,,0.013246012,0.000126167,1,,0.013736594,0.0001235,1,,0.012928104,0.000123583,1,,0.013330221,0.000149,1,,UNSAT,UNSAT,UNSAT,UNSAT,UNSAT,UNSAT,UNSAT,UNSAT
ABPdatasize=2_infinitely_often_read_write.dzn,0.014333856,0.002,41,0,0.012387109,0.001045375,1,0.012248909,0.0008665,1,64,0,33,0.012100816,0.00051675,1,33,0.012445772,0.001214708,1,21,0.012154472,0.000852458,1,33,0.012433779,0.000803542,1,21,0.012162983,0.001213833,1,21,SAT,SAT,SAT,SAT,SAT,SAT,SAT,SAT
ABPdatasize=2_infinitely_often_receive_d1.dzn,0.014884567,0.001,45,0,0.012183714,0.000763667,1,0.011783791,0.000588583,1,58,0,37,0.012244332,0.000504916,1,37,0.01211561,0.000798417,1,19,0.011974144,0.000586875,1,37,0.012417555,0.00078275,1,19,0.012114513,0.000932375,1,19,SAT,SAT,SAT,SAT,SAT,SAT,SAT,SAT
ABPdatasize=2_infinitely_often_receive_for_all_d.dzn,0.015135479,0.003,47,0,0.01252408,0.000734583,1,0.011731064,0.00083825,1,135,0,39,0.013769948,0.0006195,1,39,0.01423701,0.002504,1,38,0.011998999,0.000780959,1,39,0.013512039,0.002494417,1,38,0.013939822,0.001791708,1,38,SAT,SAT,SAT,SAT,SAT,SAT,SAT,SAT
ABPdatasize=2_invariantly_infinitely_many_reachable_taus.dzn,0.019132733,0.003,120,0,0.013156521,0.001394125,1,0.012574351,0.001225958,1,206,0,112,0.013027072,0.001014833,1,112,0.012085104,0.000874625,2,21,0.012447512,0.00123575,1,112,0.012360764,0.000867875,2,21,0.012536585,0.00086,2,21,SAT,SAT,SAT,SAT,SAT,SAT,SAT,SAT
ABPdatasize=2_no_duplication_of_messages.dzn,0.016602242,0.003,90,0,0.01315099,0.001739459,1,0.012539601,0.001383834,1,198,0,78,0.01351006,0.001072709,1,78,0.01636616,0.004737708,1,55,0.012631917,0.001318208,1,78,0.016376162,0.004747041,1,55,0.01636939,0.004738542,1,55,SAT,SAT,SAT,SAT,SAT,SAT,SAT,SAT
ABPdatasize=2_no_generation_of_messages.dzn,0.013775599,0.001,30,0,0.011564469,0.000498042,1,0.011404955,0.000380375,1,60,0,24,0.014789808,0.00050925,1,24,0.015144908,0.000746875,1,18,0.014504528,0.000469458,1,24,0.014685321,0.000729833,1,18,0.016522765,0.00071225,1,18,SAT,SAT,SAT,SAT,SAT,SAT,SAT,SAT
ABPdatasize=2_nodeadlock.dzn,0.014972198,0.002,45,0,0.012693584,0.000677916,1,0.011753678,0.000481917,1,58,0,37,0.01217649,0.000401166,1,37,0.01240617,0.000636084,1,19,0.011705363,0.000455667,1,37,0.011800516,0.000662875,1,19,0.011890793,0.000616375,1,19,SAT,SAT,SAT,SAT,SAT,SAT,SAT,SAT
ABPdatasize=2_read_then_eventually_send.dzn,0.016302824,0.003,80,0,0.012977111,0.00161925,1,0.012660074,0.001312416,1,210,0,69,0.015785837,0.001666625,1,69,0.021731484,0.006845167,1,59,0.015461004,0.001568875,1,69,0.022146738,0.006804958,1,59,0.022452962,0.00665775,1,59,SAT,SAT,SAT,SAT,SAT,SAT,SAT,SAT
ABPdatasize=2_read_then_eventually_send_if_fair.dzn,0.015033507,0.002,62,0,0.012147641,0.000729875,1,0.012073243,0.000676083,1,115,0,54,0.013332748,0.000608584,1,54,0.013874042,0.001179208,1,31,0.012950087,0.000667208,1,54,0.013423705,0.001134667,1,31,0.013698757,0.000907042,1,31,SAT,SAT,SAT,SAT,SAT,SAT,SAT,SAT
ABPdatasize=4_infinitely_often_enabled_then_infinitely_often_taken.dzn,0.059810019,0.038,528,0,0.034047306,0.020701333,1,0.028371036,0.018935875,1,2313,0,497,0.045590568,0.034457667,1,497,0.96875248,0.730948334,1,704,0.041822529,0.0319885,1,497,0.97223829,0.722512041,1,704,0.974506581,0.97278675,1,704,SAT,SAT,SAT,SAT,SAT,SAT,SAT,SAT
ABPdatasize=4_infinitely_often_lost.dzn,0.016371846,0.002,1,1,0.01148864,0.00038425,1,0.011492825,0.000149667,1,,,,0.011572146,0.000122458,1,,0.011573958,0.000147708,1,,0.011657619,0.00015475,1,,0.011614156,0.000151584,1,,0.011895347,0.000145333,1,,UNSAT,UNSAT,UNSAT,UNSAT,UNSAT,UNSAT,UNSAT,UNSAT
ABPdatasize=4_infinitely_often_read_write.dzn,0.01638782,0.002,65,0,0.012909365,0.001729459,1,0.012664068,0.001371,1,148,0,53,0.013433695,0.000898125,1,53,0.015444255,0.004139208,1,45,0.01292609,0.000990792,1,53,0.015245497,0.004008792,1,45,0.015789008,0.004001709,1,45,SAT,SAT,SAT,SAT,SAT,SAT,SAT,SAT
ABPdatasize=4_infinitely_often_receive_d1.dzn,0.01765821,0.002,77,0,0.013371909,0.001136875,1,0.012476957,0.001132958,1,130,0,65,0.013176215,0.000889417,1,65,0.013903368,0.0025105,1,39,0.012213564,0.001017917,1,65,0.013595474,0.00247625,1,39,0.013710058,0.0024975,1,39,SAT,SAT,SAT,SAT,SAT,SAT,SAT,SAT
ABPdatasize=4_infinitely_often_receive_for_all_d.dzn,0.023346257,0.006,83,0,0.01463685,0.002503708,1,0.013738251,0.002015042,1,577,0,71,0.017982376,0.002794875,1,71,0.064959121,0.04016875,1,156,0.017682159,0.002711083,1,71,0.059815145,0.040584709,1,156,0.064271057,0.053512708,1,156,SAT,SAT,SAT,SAT,SAT,SAT,SAT,SAT
ABPdatasize=4_invariantly_infinitely_many_reachable_taus.dzn,0.020202076,0.005,224,0,0.015217841,0.003586875,1,0.014112365,0.001890292,1,422,0,212,0.016384292,0.002121417,1,212,0.016085517,0.002777708,2,43,0.01643976,0.002829625,1,212,0.016538692,0.007850833,2,43,0.016553378,0.003052333,2,43,SAT,SAT,SAT,SAT,SAT,SAT,SAT,SAT
ABPdatasize=4_no_duplication_of_messages.dzn,0.027049625,0.008,168,0,0.016543472,0.004710625,1,0.014825141,0.002491667,1,706,0,150,0.016687393,0.002624583,1,150,0.047992885,0.0336705,1,191,0.015745401,0.003496041,1,150,0.046420181,0.035044584,1,191,0.061108863,0.049246208,1,191,SAT,SAT,SAT,SAT,SAT,SAT,SAT,SAT
ABPdatasize=4_no_generation_of_messages.dzn,0.019629812,0.004,64,0,0.013358784,0.001788541,1,0.012878942,0.001357667,1,424,0,54,0.015216625,0.001608125,1,54,0.035210299,0.018987625,1,116,0.017748547,0.001515834,1,54,0.035331941,0.02421,1,116,0.036028624,0.01918225,1,116,SAT,SAT,SAT,SAT,SAT,SAT,SAT,SAT
ABPdatasize=4_nodeadlock.dzn,0.016012573,0.003,77,0,0.012717056,0.001036542,1,0.012471819,0.000775125,1,130,0,65,0.011952293,0.000586167,1,65,0.013215876,0.001982,1,39,0.011958146,0.000796292,1,65,0.012973094,0.001981583,1,39,0.013506293,0.001976334,1,39,SAT,SAT,SAT,SAT,SAT,SAT,SAT,SAT
ABPdatasize=4_read_then_eventually_send.dzn,0.024763513,0.009,146,0,0.016151297,0.004256792,1,0.015058565,0.003279542,1,726,0,129,0.014793551,0.001968792,1,129,0.044668901,0.032691625,1,199,0.014839625,0.003299458,1,129,0.04465009,0.031962167,1,199,0.057488012,0.032514625,1,199,SAT,SAT,SAT,SAT,SAT,SAT,SAT,SAT
ABPdatasize=4_read_then_eventually_send_if_fair.dzn,0.01705364,0.003,110,0,0.013540423,0.001661042,1,0.012312698,0.000908875,1,243,0,98,0.017387092,0.001608833,1,98,0.021145105,0.004751917,1,63,0.018012464,0.001532917,1,98,0.021164942,0.004645625,1,63,0.020881128,0.004771209,1,63,SAT,SAT,SAT,SAT,SAT,SAT,SAT,SAT
ABPdatasize=8_infinitely_often_enabled_then_infinitely_often_taken.dzn,0.203106737,0.155,1090,0,0.149203777,0.124035334,1,0.121572506,0.102476083,1,9257,0,1047,0.122261178,0.097306292,1,1047,10.165658,10.14182538,1,2816,0.124791932,0.100106083,1,1047,10.01641798,9.995520292,1,2816,10.04798317,10.02569608,1,2816,SAT,SAT,SAT,SAT,SAT,SAT,SAT,SAT
ABPdatasize=8_infinitely_often_lost.dzn,0.019668126,0.004,1,1,0.012060666,0.000675833,1,0.011753094,0.0001485,1,,,,0.01389209,0.000163542,1,,0.011994064,0.000214583,1,,0.01205945,0.000216542,1,,0.011927235,0.000215584,1,,0.012070143,0.000216833,1,,UNSAT,UNSAT,UNSAT,UNSAT,UNSAT,UNSAT,UNSAT,UNSAT
ABPdatasize=8_infinitely_often_read_write.dzn,0.01868248,0.004,113,0,0.014613438,0.003175042,1,0.013891101,0.002500125,1,316,0,93,0.014294159,0.00156825,1,93,0.023652649,0.012174125,1,93,0.01364677,0.001579417,1,93,0.023098671,0.012211958,1,93,0.022925675,0.012414125,1,93,SAT,SAT,SAT,SAT,SAT,SAT,SAT,SAT
ABPdatasize=8_infinitely_often_receive_d1.dzn,0.017797697,0.004,141,0,0.013537395,0.002570167,1,0.013289952,0.001863208,1,274,0,121,0.019643378,0.002549042,1,121,0.028703761,0.015393583,1,79,0.017841744,0.002238708,1,121,0.027216327,0.010954875,1,79,0.027635789,0.0110075,1,79,SAT,SAT,SAT,SAT,SAT,SAT,SAT,SAT
ABPdatasize=8_infinitely_often_receive_for_all_d.dzn,0.05393151,0.032,155,0,0.023531806,0.012023,1,0.020666969,0.005421208,1,2325,0,135,0.024021864,0.005411958,1,135,0.537669575,0.344733375,1,632,0.020164096,0.009180958,1,135,0.523508465,0.33437,1,632,0.532199717,0.521902917,1,632,SAT,SAT,SAT,SAT,SAT,SAT,SAT,SAT
ABPdatasize=8_invariantly_infinitely_many_reachable_taus.dzn,0.02558918,0.012,432,0,0.020304489,0.008633292,1,0.018389511,0.006111083,1,854,0,412,0.01809907,0.004413084,1,412,0.020008707,0.006116792,2,87,0.017823195,0.006119375,1,412,0.020259809,0.008420958,2,87,0.020517027,0.008401875,2,87,SAT,SAT,SAT,SAT,SAT,SAT,SAT,SAT
ABPdatasize=8_no_duplication_of_messages.dzn,0.063634217,0.041,324,0,0.028180385,0.017871709,1,0.023196149,0.016289333,1,2586,0,294,0.026135314,0.010784875,1,294,0.610094881,0.444312791,1,703,0.023835468,0.01046725,1,294,0.602755392,0.385165541,1,703,0.613716388,0.588537833,1,703,SAT,SAT,SAT,SAT,SAT,SAT,SAT,SAT
ABPdatasize=8_no_generation_of_messages.dzn,0.039302194,0.025,132,0,0.020311582,0.007508916,1,0.017796433,0.005287333,1,2016,0,114,0.017912984,0.003880791,1,114,0.348803902,0.231657875,1,552,0.019873929,0.005288791,1,114,0.354462349,0.225879083,1,552,0.354805315,0.326469083,1,552,SAT,SAT,SAT,SAT,SAT,SAT,SAT,SAT
ABPdatasize=8_nodeadlock.dzn,0.017250288,0.004,141,0,0.013461566,0.00203975,1,0.01270349,0.001486541,1,274,0,121,0.012934422,0.00124325,1,121,0.018430746,0.007318708,1,79,0.01282078,0.0014785,1,121,0.018766534,0.005559459,1,79,0.018445051,0.007228791,1,79,SAT,SAT,SAT,SAT,SAT,SAT,SAT,SAT
ABPdatasize=8_read_then_eventually_send.dzn,0.055005634,0.031,261,0,0.028109527,0.012722,1,0.022702551,0.007785042,1,2622,0,232,0.023859894,0.008319334,1,232,0.722408211,0.462279959,1,719,0.026369345,0.017938041,1,232,0.714490843,0.456051167,1,719,0.721735418,0.702965167,1,719,SAT,SAT,SAT,SAT,SAT,SAT,SAT,SAT
ABPdatasize=8_read_then_eventually_send_if_fair.dzn,0.021309006,0.006,206,0,0.015116954,0.003653833,1,0.014019811,0.00261875,1,499,0,186,0.014323854,0.001935375,1,186,0.024063945,0.009837292,1,127,0.014584649,0.002596417,1,186,0.022578025,0.012175583,1,127,0.024019599,0.011878834,1,127,SAT,SAT,SAT,SAT,SAT,SAT,SAT,SAT
BRPdatasize=2_counting.dzn,180,,,,180,,,180,,,,,,180,,,,180,,,,180,,,,180,,,,180,,,,TIMEOUT,TIMEOUT,TIMEOUT,TIMEOUT,TIMEOUT,TIMEOUT,TIMEOUT,TIMEOUT
BRPdatasize=2_nodeadlock.dzn,0.242797136,0.207,2931,0,0.412351584,0.3840805,1,0.312313807,0.294553667,1,9069,0,2893,0.307836866,0.281226292,1,2893,11.11460471,11.09352404,1,1345,0.314596438,0.298485083,1,2893,11.11941791,11.10018088,1,1345,11.25963998,11.2405155,1,1345,SAT,SAT,SAT,SAT,SAT,SAT,SAT,SAT
BRPdatasize=4_nodeadlock.dzn,1.953876972,1.918,15070,0,11.91874909,11.86043288,1,9.302966118,9.253888709,1,48756,0,14973,8.462934017,8.427884042,1,14973,180,,,,8.996145964,8.95570725,1,14973,180,,,,180,,,,SAT,TIMEOUT,SAT,TIMEOUT,TIMEOUT,SAT,SAT,SAT
Buffer_ABP(BW)_(datasize=2_capacity=1_windowsize=1)eq=branching-bisim.dzn,0.019628406,0.005,46,0,0.012618816,0.000948875,1,0.012069058,0.000885542,1,464,0,42,0.012558007,0.000689,1,42,0.025513649,0.012935,1,246,0.012348104,0.000891333,1,42,0.02603606,0.014827958,1,246,0.026219428,0.014871125,1,246,SAT,SAT,SAT,SAT,SAT,SAT,SAT,SAT
Buffer_ABP(BW)_(datasize=2_capacity=1_windowsize=1)eq=branching-sim.dzn,0.019102931,0.005,46,0,0.012982893,0.001298042,1,0.012320697,0.000887208,1,464,0,42,0.012417293,0.000764667,1,42,0.025691557,0.01252325,1,246,0.012254214,0.000879,1,42,0.02546947,0.014278625,1,246,0.025510716,0.014129334,1,246,SAT,SAT,SAT,SAT,SAT,SAT,SAT,SAT
Buffer_ABP(BW)_(datasize=2_capacity=1_windowsize=1)eq=strong-bisim.dzn,0.012407446,0.001,1,1,0.01109401,7.15E-05,1,0.011350918,8.67E-05,1,,,,0.013901424,5.52E-05,1,,0.011139917,7.78E-05,1,,0.010904396,7.15E-05,1,,0.011090958,7.01E-05,1,,0.011018336,7.37E-05,1,,UNSAT,UNSAT,UNSAT,UNSAT,UNSAT,UNSAT,UNSAT,UNSAT
Buffer_ABP(BW)_(datasize=2_capacity=1_windowsize=1)eq=weak-bisim.dzn,0.023283267,0.006,114,0,0.014848208,0.0036975,1,0.014059162,0.002579125,1,536,0,90,0.016558337,0.001649041,1,90,0.10285176,0.057351583,1,418,0.015009618,0.002545708,1,90,0.100559521,0.059069166,1,418,0.106752622,0.080736958,1,418,SAT,SAT,SAT,SAT,SAT,SAT,SAT,SAT
Buffer_ABP(BW)_(datasize=4_capacity=1_windowsize=1)eq=branching-bisim.dzn,0.026969194,0.013,90,0,0.015559244,0.003408292,1,0.014362288,0.002337459,1,1124,0,82,0.017855835,0.001750875,1,82,0.099702525,0.060777375,1,552,0.015167189,0.00234275,1,82,0.100382233,0.05815925,1,552,0.105884492,0.087385542,1,552,SAT,SAT,SAT,SAT,SAT,SAT,SAT,SAT
Buffer_ABP(BW)_(datasize=4_capacity=1_windowsize=1)eq=branching-sim.dzn,0.026661658,0.011,90,0,0.015525091,0.003583166,1,0.01436528,0.002346042,1,1124,0,82,0.015202332,0.001769584,1,82,0.102804172,0.061067291,1,552,0.014901412,0.002403208,1,82,0.097307312,0.061853125,1,552,0.108183622,0.089494875,1,552,SAT,SAT,SAT,SAT,SAT,SAT,SAT,SAT
Buffer_ABP(BW)_(datasize=4_capacity=1_windowsize=1)eq=strong-bisim.dzn,0.015149903,0,1,1,0.011593258,8.79E-05,1,0.011198807,6.33E-05,1,,,,0.012732995,7.27E-05,1,,0.011357713,5.41E-05,1,,0.011330926,7.22E-05,1,,0.011128533,6.37E-05,1,,0.011178279,4.05E-05,1,,UNSAT,UNSAT,UNSAT,UNSAT,UNSAT,UNSAT,UNSAT,UNSAT
Buffer_ABP(BW)_(datasize=4_capacity=1_windowsize=1)eq=weak-bisim.dzn,0.02911284,0.017,182,0,0.020068967,0.012396541,1,0.017883575,0.005647833,1,1284,0,154,0.01810571,0.003975792,1,154,0.453020227,0.298196458,1,894,0.0191939,0.005667708,1,154,0.44426893,0.305968917,1,894,0.463923144,0.440366334,1,894,SAT,SAT,SAT,SAT,SAT,SAT,SAT,SAT
Buffer_ABP_(datasize=2_capacity=1_windowsize=1)eq=branching-bisim.dzn,0.018170488,0.004,70,0,0.012704575,0.001126958,1,0.012012696,0.000784875,1,350,0,66,0.014142287,0.000597458,1,66,0.020765674,0.00863725,1,188,0.012127697,0.000788167,1,66,0.019925427,0.008749541,1,188,0.020640934,0.008731333,1,188,SAT,SAT,SAT,SAT,SAT,SAT,SAT,SAT
Buffer_ABP_(datasize=2_capacity=1_windowsize=1)eq=branching-sim.dzn,0.018150914,0.004,70,0,0.012659729,0.001137375,1,0.01207298,0.000644959,1,350,0,66,0.013367546,0.000669625,1,66,0.019577217,0.007184542,1,188,0.011433792,0.0007745,1,66,0.020397985,0.008692292,1,188,0.019194877,0.008660084,1,188,SAT,SAT,SAT,SAT,SAT,SAT,SAT,SAT
Buffer_ABP_(datasize=2_capacity=1_windowsize=1)eq=strong-bisim.dzn,0.0130036,0.001,1,1,0.011230576,6.93E-05,1,0.010974264,7.37E-05,1,,,,0.011283839,5.35E-05,1,,0.011003458,6.81E-05,1,,0.011189091,7.20E-05,1,,0.010891867,5.13E-05,1,,0.011214864,6.56E-05,1,,UNSAT,UNSAT,UNSAT,UNSAT,UNSAT,UNSAT,UNSAT,UNSAT
Buffer_ABP_(datasize=2_capacity=1_windowsize=1)eq=weak-bisim.dzn,0.019614732,0.005,129,0,0.015021825,0.003484459,1,0.013862646,0.001527209,1,401,0,102,0.014230061,0.001627875,1,102,0.051165223,0.037811542,1,317,0.013948822,0.00244125,1,102,0.056116438,0.036293416,1,317,0.067717373,0.05337175,1,317,SAT,SAT,SAT,SAT,SAT,SAT,SAT,SAT
Buffer_ABP_(datasize=4_capacity=1_windowsize=1)eq=branching-bisim.dzn,0.023077989,0.009,138,0,0.014879251,0.003024292,1,0.013798571,0.00208325,1,842,0,130,0.014138162,0.001512084,1,130,0.046963513,0.031691125,1,422,0.013767946,0.0020485,1,130,0.047077715,0.033683041,1,422,0.063888609,0.049404459,1,422,SAT,SAT,SAT,SAT,SAT,SAT,SAT,SAT
Buffer_ABP_(datasize=4_capacity=1_windowsize=1)eq=branching-sim.dzn,0.022976041,0.009,138,0,0.01492461,0.003025333,1,0.013733554,0.002072333,1,842,0,130,0.013848794,0.001519791,1,130,0.046038103,0.033969208,1,422,0.014382577,0.002070208,1,130,0.046107697,0.034147709,1,422,0.054275882,0.034119042,1,422,SAT,SAT,SAT,SAT,SAT,SAT,SAT,SAT
Buffer_ABP_(datasize=4_capacity=1_windowsize=1)eq=strong-bisim.dzn,0.012368548,0,1,1,0.01083746,7.21E-05,1,0.011006844,7.10E-05,1,,,,0.011109555,4.67E-05,1,,0.011264062,6.82E-05,1,,0.011474657,4.47E-05,1,,0.011197472,6.79E-05,1,,0.011006641,6.80E-05,1,,UNSAT,UNSAT,UNSAT,UNSAT,UNSAT,UNSAT,UNSAT,UNSAT
Buffer_ABP_(datasize=4_capacity=1_windowsize=1)eq=weak-bisim.dzn,0.02723794,0.012,209,0,0.0190889,0.012362083,1,0.017723036,0.00534825,1,961,0,178,0.021088421,0.004031625,1,178,0.267421842,0.186502167,1,679,0.017939913,0.005342625,1,178,0.254306173,0.166250792,1,679,0.271124649,0.243167291,1,679,SAT,SAT,SAT,SAT,SAT,SAT,SAT,SAT
Buffer_CABP_(datasize=2_capacity=1_windowsize=1)eq=branching-bisim.dzn,0.072923768,0.056,1,1,0.015554297,0.0017035,1,0.014409661,0.001332583,1,,,,0.014788854,0.00092925,1,,0.014622438,0.001354958,1,,0.014319468,0.00138075,1,,0.01470747,0.001327542,1,,0.014320397,0.00136025,1,,UNSAT,UNSAT,UNSAT,UNSAT,UNSAT,UNSAT,UNSAT,UNSAT
Buffer_CABP_(datasize=2_capacity=1_windowsize=1)eq=branching-sim.dzn,0.070780146,0.044,1,1,0.016119206,0.001682083,1,0.014239752,0.001327375,1,,,,0.016024792,0.000935708,1,,0.014554799,0.001341667,1,,0.014403582,0.002602334,1,,0.014300787,0.001311584,1,,0.014306021,0.001397334,1,,UNSAT,UNSAT,UNSAT,UNSAT,UNSAT,UNSAT,UNSAT,UNSAT
Buffer_CABP_(datasize=2_capacity=1_windowsize=1)eq=strong-bisim.dzn,0.012884533,0.001,1,1,0.011064482,7.13E-05,1,0.011281824,8.32E-05,1,,,,0.010865855,4.70E-05,1,,0.011003006,7.21E-05,1,,0.011087155,6.74E-05,1,,0.01109978,6.75E-05,1,,0.011112082,6.65E-05,1,,UNSAT,UNSAT,UNSAT,UNSAT,UNSAT,UNSAT,UNSAT,UNSAT
Buffer_CABP_(datasize=2_capacity=1_windowsize=1)eq=weak-bisim.dzn,0.063551116,0.039,1,1,0.016867208,0.0023335,1,0.01603682,0.001875458,1,,,,0.015637159,0.001294875,1,,0.015923274,0.00187425,1,,0.01579839,0.001190125,1,,0.015953124,0.001368167,1,,0.0156407,0.001909625,1,,UNSAT,UNSAT,UNSAT,UNSAT,UNSAT,UNSAT,UNSAT,UNSAT
Buffer_CABP_(datasize=4_capacity=1_windowsize=1)eq=branching-bisim.dzn,0.151731467,0.091,1,1,0.025096643,0.004320708,1,0.021502376,0.004799667,1,,,,0.021835423,0.005128625,1,,0.021455956,0.005041542,1,,0.021094072,0.005081875,1,,0.02229023,0.004080959,1,,0.021144772,0.004474417,1,,UNSAT,UNSAT,UNSAT,UNSAT,UNSAT,UNSAT,UNSAT,UNSAT
Buffer_CABP_(datasize=4_capacity=1_windowsize=1)eq=branching-sim.dzn,0.168552244,0.138,1,1,0.023824847,0.008697917,1,0.0212816,0.005737042,1,,,,0.024371564,0.005883292,1,,0.021374226,0.00496325,1,,0.021564102,0.004990125,1,,0.022322047,0.005000584,1,,0.021491802,0.004897875,1,,UNSAT,UNSAT,UNSAT,UNSAT,UNSAT,UNSAT,UNSAT,UNSAT
Buffer_CABP_(datasize=4_capacity=1_windowsize=1)eq=strong-bisim.dzn,0.012475443,0.001,1,1,0.011273551,4.93E-05,1,0.010969758,6.35E-05,1,,,,0.011429548,4.91E-05,1,,0.011399329,7.05E-05,1,,0.011490917,7.24E-05,1,,0.011234462,7.12E-05,1,,0.011368251,7.01E-05,1,,UNSAT,UNSAT,UNSAT,UNSAT,UNSAT,UNSAT,UNSAT,UNSAT
Buffer_CABP_(datasize=4_capacity=1_windowsize=1)eq=weak-bisim.dzn,0.178864682,0.147,1,1,0.023603988,0.005114292,1,0.022727132,0.005308459,1,,,,0.027598178,0.004672417,1,,0.023572087,0.004754667,1,,0.024120629,0.004647666,1,,0.023714626,0.005170916,1,,0.02386651,0.005051125,1,,UNSAT,UNSAT,UNSAT,UNSAT,UNSAT,UNSAT,UNSAT,UNSAT
Buffer_Onebit_(datasize=2_capacity=1_windowsize=1)eq=branching-bisim.dzn,11.57860398,11.554,1,1,0.883197451,0.405545792,1,15.26101708,14.80883488,1,,,,14.24860382,13.91002992,1,,14.95408082,14.46469429,1,,15.23864293,14.74167654,1,,12.06343508,11.68200342,1,,15.30791402,14.81295283,1,,UNSAT,UNSAT,UNSAT,UNSAT,UNSAT,UNSAT,UNSAT,UNSAT
Buffer_Onebit_(datasize=2_capacity=1_windowsize=1)eq=branching-sim.dzn,11.78986597,11.62,1,1,0.859162366,0.399380917,1,15.27264714,14.789148,1,,,,14.65450406,14.29732563,1,,15.50554395,15.00929042,1,,15.06131411,14.5572585,1,,15.17555594,14.66917379,1,,15.17636704,14.66210092,1,,UNSAT,UNSAT,UNSAT,UNSAT,UNSAT,UNSAT,UNSAT,UNSAT
Buffer_Onebit_(datasize=2_capacity=1_windowsize=1)eq=strong-bisim.dzn,0.012609184,0.001,1,1,0.011170971,6.75E-05,1,0.011184084,6.93E-05,1,,,,0.011511385,5.93E-05,1,,0.011446464,6.95E-05,1,,0.011683762,7.03E-05,1,,0.011419785,6.13E-05,1,,0.011156964,7.15E-05,1,,UNSAT,UNSAT,UNSAT,UNSAT,UNSAT,UNSAT,UNSAT,UNSAT
Buffer_Onebit_(datasize=2_capacity=1_windowsize=1)eq=weak-bisim.dzn,12.85057783,12.673,1,1,1.111995935,0.52500425,1,15.95409822,15.27063946,1,,,,15.46103501,14.94642521,1,,16.10716414,15.35655279,1,,16.32418609,15.58251483,1,,16.29146791,15.54398971,1,,16.21079183,15.42617713,1,,UNSAT,UNSAT,UNSAT,UNSAT,UNSAT,UNSAT,UNSAT,UNSAT
Buffer_Onebit_(datasize=2_capacity=2_windowsize=1)eq=branching-bisim.dzn,19.94863892,19.671,1,1,1.332426071,0.591012334,1,23.13399291,22.35343017,1,,,,23.114537,22.29461579,1,,23.0683341,22.25765354,1,,23.05960917,22.24136925,1,,23.11414385,22.31798154,1,,23.25479507,22.45826333,1,,UNSAT,UNSAT,UNSAT,UNSAT,UNSAT,UNSAT,UNSAT,UNSAT
Buffer_Onebit_(datasize=2_capacity=2_windowsize=1)eq=branching-sim.dzn,20.11779785,19.852,1,1,1.403712988,0.637240166,1,23.13989496,22.36456058,1,,,,22.96651101,22.14275046,1,,23.01180005,22.23619833,1,,23.01462483,22.17156367,1,,22.57755494,21.97974267,1,,22.2698791,21.44479075,1,,UNSAT,UNSAT,UNSAT,UNSAT,UNSAT,UNSAT,UNSAT,UNSAT
Buffer_Onebit_(datasize=2_capacity=2_windowsize=1)eq=strong-bisim.dzn,0.012493169,0.001,1,1,0.011191571,6.94E-05,1,0.011453044,6.58E-05,1,,,,0.01254276,6.04E-05,1,,0.011346984,7.25E-05,1,,0.011342192,7.30E-05,1,,0.010973883,6.88E-05,1,,0.01118443,7.24E-05,1,,UNSAT,UNSAT,UNSAT,UNSAT,UNSAT,UNSAT,UNSAT,UNSAT
Buffer_Onebit_(datasize=2_capacity=2_windowsize=1)eq=weak-bisim.dzn,19.37038088,19.109,1,1,1.59318924,0.742512333,1,48.14756298,47.07642563,1,,,,48.09460711,47.21322713,1,,48.3294878,47.19167738,1,,48.53802371,47.38780579,1,,48.53003693,47.35237692,1,,48.79430699,47.63948333,1,,UNSAT,UNSAT,UNSAT,UNSAT,UNSAT,UNSAT,UNSAT,UNSAT
Buffer_Onebit_(datasize=3_capacity=1_windowsize=1)eq=branching-bisim.dzn,46.16067672,45.648,1,1,3.03895092,1.33364975,1,180,,,,,,180,,,,180,,,,180,,,,180,,,,180,,,,UNSAT,TIMEOUT,TIMEOUT,TIMEOUT,TIMEOUT,TIMEOUT,UNSAT,TIMEOUT
Buffer_Onebit_(datasize=3_capacity=1_windowsize=1)eq=branching-sim.dzn,47.02575684,46.465,1,1,3.049421787,1.287647084,1,180,,,,,,180,,,,180,,,,180,,,,180,,,,180,,,,UNSAT,TIMEOUT,TIMEOUT,TIMEOUT,TIMEOUT,TIMEOUT,UNSAT,TIMEOUT
Buffer_Onebit_(datasize=3_capacity=1_windowsize=1)eq=strong-bisim.dzn,0.0126737,0.001,1,1,0.011130309,7.10E-05,1,0.011314523,6.48E-05,1,,,,0.011025977,4.91E-05,1,,0.011123216,7.03E-05,1,,0.011071384,3.97E-05,1,,0.010552394,6.29E-05,1,,0.011013174,6.99E-05,1,,UNSAT,UNSAT,UNSAT,UNSAT,UNSAT,UNSAT,UNSAT,UNSAT
Buffer_Onebit_(datasize=3_capacity=1_windowsize=1)eq=weak-bisim.dzn,49.82498693,49.253,1,1,3.777388811,1.762889625,1,180,,,,,,180,,,,180,,,,180,,,,180,,,,180,,,,UNSAT,TIMEOUT,TIMEOUT,TIMEOUT,TIMEOUT,TIMEOUT,UNSAT,TIMEOUT
Buffer_Onebit_(datasize=3_capacity=2_windowsize=1)eq=branching-bisim.dzn,79.21480322,78.298,1,1,5.39942193,2.346236292,1,180,,,,,,180,,,,180,,,,180,,,,180,,,,180,,,,UNSAT,TIMEOUT,TIMEOUT,TIMEOUT,TIMEOUT,TIMEOUT,UNSAT,TIMEOUT
Buffer_Onebit_(datasize=3_capacity=2_windowsize=1)eq=branching-sim.dzn,79.05267811,78.128,1,1,5.324745178,2.366324708,1,180,,,,,,180,,,,180,,,,180,,,,180,,,,180,,,,UNSAT,TIMEOUT,TIMEOUT,TIMEOUT,TIMEOUT,TIMEOUT,UNSAT,TIMEOUT
Buffer_Onebit_(datasize=3_capacity=2_windowsize=1)eq=strong-bisim.dzn,0.01258086,0,1,1,0.011168826,7.07E-05,1,0.011164153,4.13E-05,1,,,,0.01133455,4.67E-05,1,,0.011027253,6.90E-05,1,,0.010933602,5.85E-05,1,,0.010800922,6.77E-05,1,,0.011037505,6.75E-05,1,,UNSAT,UNSAT,UNSAT,UNSAT,UNSAT,UNSAT,UNSAT,UNSAT
Buffer_Onebit_(datasize=3_capacity=2_windowsize=1)eq=weak-bisim.dzn,83.93201113,82.944,1,1,6.46000576,3.033432084,1,180,,,,,,180,,,,180,,,,180,,,,180,,,,180,,,,UNSAT,TIMEOUT,TIMEOUT,TIMEOUT,TIMEOUT,TIMEOUT,UNSAT,TIMEOUT
Buffer_Par_(datasize=2_capacity=1_windowsize=1)eq=branching-bisim.dzn,0.019490731,0.005,207,0,0.01363858,0.001671125,1,0.013042343,0.001500625,1,444,0,205,0.01312108,0.001230667,1,205,0.01531589,0.003203083,13,227,0.013058615,0.001539041,1,205,0.014773142,0.002488708,13,227,0.014747453,0.003172166,13,227,SAT,SAT,SAT,SAT,SAT,SAT,SAT,SAT
Buffer_Par_(datasize=2_capacity=1_windowsize=1)eq=branching-sim.dzn,0.02397573,0.005,207,0,0.01349864,0.001690833,1,0.012809372,0.001534125,1,444,0,205,0.016126907,0.001286458,1,205,0.015170932,0.003212333,13,227,0.01323669,0.001499667,1,205,0.014356577,0.003195667,13,227,0.014338827,0.003230125,13,227,SAT,SAT,SAT,SAT,SAT,SAT,SAT,SAT
Buffer_Par_(datasize=2_capacity=1_windowsize=1)eq=strong-bisim.dzn,0.014063072,0.001,1,1,0.011254501,8.56E-05,1,0.011084664,8.85E-05,1,,,,0.01396997,7.14E-05,1,,0.011363316,8.37E-05,1,,0.011326778,6.68E-05,1,,0.010987008,7.21E-05,1,,0.011369765,5.94E-05,1,,UNSAT,UNSAT,UNSAT,UNSAT,UNSAT,UNSAT,UNSAT,UNSAT
Buffer_Par_(datasize=2_capacity=1_windowsize=1)eq=weak-bisim.dzn,0.020621836,0.006,1,1,0.011950815,0.000312083,1,0.011859667,0.000269708,1,,,,0.012681389,0.000207708,1,,0.012174833,0.000281459,1,,0.011625051,0.000264208,1,,0.011695099,0.000263041,1,,0.011794579,0.000262667,1,,UNSAT,UNSAT,UNSAT,UNSAT,UNSAT,UNSAT,UNSAT,UNSAT
Buffer_Par_(datasize=4_capacity=1_windowsize=1)eq=branching-bisim.dzn,0.0263026,0.011,507,0,0.019644785,0.006276917,1,0.017882967,0.006055625,1,1092,0,503,0.017420018,0.003867458,1,503,0.042870235,0.030296584,41,1753,0.017609692,0.005955,1,503,0.04338268,0.031560166,41,1753,0.05524441,0.030687291,41,1753,SAT,SAT,SAT,SAT,SAT,SAT,SAT,SAT
Buffer_Par_(datasize=4_capacity=1_windowsize=1)eq=branching-sim.dzn,0.030922151,0.016,507,0,0.020680273,0.009133416,1,0.018118346,0.006000792,1,1092,0,503,0.021387303,0.004667333,1,503,0.046916032,0.035031,41,1753,0.018349278,0.005984083,1,503,0.049193847,0.031788708,41,1753,0.053907311,0.0447,41,1753,SAT,SAT,SAT,SAT,SAT,SAT,SAT,SAT
Buffer_Par_(datasize=4_capacity=1_windowsize=1)eq=strong-bisim.dzn,0.013689101,0.001,1,1,0.011197639,8.43E-05,1,0.011207378,7.13E-05,1,,,,0.013885164,7.24E-05,1,,0.011678576,8.26E-05,1,,0.011180866,7.54E-05,1,,0.01106205,5.99E-05,1,,0.011297262,7.12E-05,1,,UNSAT,UNSAT,UNSAT,UNSAT,UNSAT,UNSAT,UNSAT,UNSAT
Buffer_Par_(datasize=4_capacity=1_windowsize=1)eq=weak-bisim.dzn,0.02854923,0.015,1,1,0.012974942,0.000703125,1,0.012516522,0.000368834,1,,,,0.012805748,0.000570041,1,,0.013264704,0.000434875,1,,0.013158178,0.000543,1,,0.013449311,0.00053975,1,,0.012539542,0.000547416,1,,UNSAT,UNSAT,UNSAT,UNSAT,UNSAT,UNSAT,UNSAT,UNSAT
Buffer_SWP_(datasize=2_capacity=1_windowsize=1)eq=branching-bisim.dzn,0.052818477,0.028,1,1,0.013806736,0.001177625,1,0.013234341,0.000877625,1,,,,0.015920722,0.0006645,1,,0.014234161,0.000878875,1,,0.013849545,0.000909792,1,,0.014348018,0.00375725,1,,0.013782644,0.000758125,1,,UNSAT,UNSAT,UNSAT,UNSAT,UNSAT,UNSAT,UNSAT,UNSAT
Buffer_SWP_(datasize=2_capacity=1_windowsize=1)eq=branching-sim.dzn,0.043257987,0.029,1,1,0.013771021,0.001172167,1,0.013482726,0.000886833,1,,,,0.013410902,0.000594666,1,,0.013093328,0.000919916,1,,0.013295782,0.000894625,1,,0.012992311,0.000868541,1,,0.013222826,0.000896958,1,,UNSAT,UNSAT,UNSAT,UNSAT,UNSAT,UNSAT,UNSAT,UNSAT
Buffer_SWP_(datasize=2_capacity=1_windowsize=1)eq=strong-bisim.dzn,0.013844311,0,1,1,0.011432183,9.60E-05,1,0.011201286,7.01E-05,1,,,,0.013298166,5.85E-05,1,,0.011386824,6.88E-05,1,,0.01136781,7.30E-05,1,,0.011145854,7.06E-05,1,,0.011266279,7.01E-05,1,,UNSAT,UNSAT,UNSAT,UNSAT,UNSAT,UNSAT,UNSAT,UNSAT
Buffer_SWP_(datasize=2_capacity=1_windowsize=1)eq=weak-bisim.dzn,0.047427726,0.034,1,1,0.015643275,0.001774375,1,0.013804197,0.000822042,1,,,,0.017540109,0.00079825,1,,0.01485064,0.001006333,1,,0.014421988,0.00105575,1,,0.014645648,0.000986,1,,0.014659727,0.001011917,1,,UNSAT,UNSAT,UNSAT,UNSAT,UNSAT,UNSAT,UNSAT,UNSAT
Buffer_SWP_(datasize=2_capacity=2_windowsize=1)eq=branching-bisim.dzn,0.063981771,0.039,1,1,0.015647924,0.001864916,1,0.015612197,0.001776333,1,,,,0.015807879,0.001350792,1,,0.014958847,0.001846916,1,,0.01563375,0.001798708,1,,0.015396965,0.00178175,1,,0.015525782,0.003383625,1,,UNSAT,UNSAT,UNSAT,UNSAT,UNSAT,UNSAT,UNSAT,UNSAT
Buffer_SWP_(datasize=2_capacity=2_windowsize=1)eq=branching-sim.dzn,0.080320966,0.054,1,1,0.0156533,0.001835042,1,0.015375113,0.001776583,1,,,,0.015501881,0.001316667,1,,0.015209901,0.001778083,1,,0.014774418,0.001779166,1,,0.014922345,0.001312208,1,,0.015324819,0.00173775,1,,UNSAT,UNSAT,UNSAT,UNSAT,UNSAT,UNSAT,UNSAT,UNSAT
Buffer_SWP_(datasize=2_capacity=2_windowsize=1)eq=strong-bisim.dzn,0.012502027,0.001,1,1,0.0110551,7.10E-05,1,0.011270356,7.03E-05,1,,,,0.012381291,6.00E-05,1,,0.011292613,5.23E-05,1,,0.011332667,6.35E-05,1,,0.011210275,6.85E-05,1,,0.011125255,7.08E-05,1,,UNSAT,UNSAT,UNSAT,UNSAT,UNSAT,UNSAT,UNSAT,UNSAT
Buffer_SWP_(datasize=2_capacity=2_windowsize=1)eq=weak-bisim.dzn,0.066541648,0.04,1,1,0.017374325,0.00172975,1,0.016853356,0.001933625,1,,,,0.015588558,0.001261458,1,,0.016193223,0.0019895,1,,0.016436887,0.001950167,1,,0.016293442,0.001965917,1,,0.016764104,0.001927875,1,,UNSAT,UNSAT,UNSAT,UNSAT,UNSAT,UNSAT,UNSAT,UNSAT
Buffer_SWP_(datasize=4_capacity=1_windowsize=1)eq=branching-bisim.dzn,0.13311733,0.095,1,1,0.020981371,0.003520916,1,0.017970371,0.003183583,1,,,,0.018695378,0.0022035,1,,0.017854834,0.002868375,1,,0.017665374,0.003235583,1,,0.018371105,0.002207375,1,,0.018040359,0.003204542,1,,UNSAT,UNSAT,UNSAT,UNSAT,UNSAT,UNSAT,UNSAT,UNSAT
Buffer_SWP_(datasize=4_capacity=1_windowsize=1)eq=branching-sim.dzn,0.129788208,0.104,1,1,0.020103276,0.0035115,1,0.018024909,0.003164292,1,,,,0.018785226,0.002422167,1,,0.018300331,0.003220292,1,,0.018446219,0.002172375,1,,0.018811059,0.0032195,1,,0.019412267,0.003266458,1,,UNSAT,UNSAT,UNSAT,UNSAT,UNSAT,UNSAT,UNSAT,UNSAT
Buffer_SWP_(datasize=4_capacity=1_windowsize=1)eq=strong-bisim.dzn,0.012606311,0.001,1,1,0.01118443,7.38E-05,1,0.010955751,7.98E-05,1,,,,0.012760293,4.99E-05,1,,0.011333084,6.41E-05,1,,0.010978532,4.46E-05,1,,0.011100101,6.79E-05,1,,0.01126101,5.84E-05,1,,UNSAT,UNSAT,UNSAT,UNSAT,UNSAT,UNSAT,UNSAT,UNSAT
Buffer_SWP_(datasize=4_capacity=1_windowsize=1)eq=weak-bisim.dzn,0.138910651,0.114,1,1,0.023460507,0.005718541,1,0.019728637,0.007110208,1,,,,0.023002625,0.002609625,1,,0.02036854,0.003394541,1,,0.020169258,0.003378167,1,,0.020081174,0.003402917,1,,0.020102441,0.003202084,1,,UNSAT,UNSAT,UNSAT,UNSAT,UNSAT,UNSAT,UNSAT,UNSAT
Buffer_SWP_(datasize=4_capacity=2_windowsize=1)eq=branching-bisim.dzn,0.248573065,0.223,1,1,0.027029312,0.006349708,1,0.024506104,0.008205792,1,,,,0.030119693,0.007919334,1,,0.026559973,0.005942917,1,,0.025396001,0.00593125,1,,0.026609528,0.00565525,1,,0.026518071,0.006032,1,,UNSAT,UNSAT,UNSAT,UNSAT,UNSAT,UNSAT,UNSAT,UNSAT
Buffer_SWP_(datasize=4_capacity=2_windowsize=1)eq=branching-sim.dzn,0.255412745,0.215,1,1,0.026173067,0.008339917,1,0.025132382,0.005865625,1,,,,0.027702355,0.007686,1,,0.027202737,0.006430291,1,,0.02749126,0.006745583,1,,0.026727235,0.005896,1,,0.026739335,0.006496875,1,,UNSAT,UNSAT,UNSAT,UNSAT,UNSAT,UNSAT,UNSAT,UNSAT
Buffer_SWP_(datasize=4_capacity=2_windowsize=1)eq=strong-bisim.dzn,0.012415802,0.001,1,1,0.011334264,4.40E-05,1,0.011377954,6.91E-05,1,,,,0.012578583,4.73E-05,1,,0.011332893,6.85E-05,1,,0.011290431,7.19E-05,1,,0.011379433,6.93E-05,1,,0.011208057,7.00E-05,1,,UNSAT,UNSAT,UNSAT,UNSAT,UNSAT,UNSAT,UNSAT,UNSAT
Buffer_SWP_(datasize=4_capacity=2_windowsize=1)eq=weak-bisim.dzn,0.264300144,0.25,1,1,0.028617179,0.007473958,1,0.027995408,0.006239875,1,,,,0.034225523,0.010645708,1,,0.029569626,0.007491208,1,,0.029036927,0.006772959,1,,0.02822113,0.006378625,1,,0.028751481,0.006502541,1,,UNSAT,UNSAT,UNSAT,UNSAT,UNSAT,UNSAT,UNSAT,UNSAT
CABP_Onebit_(datasize=2_capacity=1_windowsize=1)eq=strong-bisim.dzn,180,,,,180,,,180,,,,,,180,,,,180,,,,180,,,,180,,,,180,,,,TIMEOUT,TIMEOUT,TIMEOUT,TIMEOUT,TIMEOUT,TIMEOUT,TIMEOUT,TIMEOUT
CABP_Onebit_(datasize=3_capacity=1_windowsize=1)eq=strong-bisim.dzn,180,,,,180,,,180,,,,,,180,,,,180,,,,180,,,,180,,,,180,,,,TIMEOUT,TIMEOUT,TIMEOUT,TIMEOUT,TIMEOUT,TIMEOUT,TIMEOUT,TIMEOUT
CABP_Par_(datasize=2_capacity=1_windowsize=1)eq=branching-bisim.dzn,2.373453856,2.339,16658,0,12.4668448,12.37102071,1,8.604726076,8.518518917,1,74036,0,16652,9.002434015,8.91380875,1,16652,26.514112,26.42707096,2511,27337,8.901005983,8.797543875,1,16652,26.36741018,26.26396083,2511,27337,26.67796612,26.58229583,2511,27337,SAT,SAT,SAT,SAT,SAT,SAT,SAT,SAT
CABP_Par_(datasize=2_capacity=1_windowsize=1)eq=branching-sim.dzn,1.46292305,1.434,16658,0,12.26840305,12.17831329,1,8.347489834,8.262430875,1,74036,0,16652,7.887593985,7.816112459,1,16652,26.05499125,25.96492717,2511,27337,8.823044777,8.739083792,1,16652,26.79600978,26.69819375,2511,27337,26.97928238,26.89101125,2511,27337,SAT,SAT,SAT,SAT,SAT,SAT,SAT,SAT
CABP_Par_(datasize=2_capacity=1_windowsize=1)eq=strong-bisim.dzn,0.013316095,0.001,1,1,0.011574757,8.07E-05,1,0.01124208,5.25E-05,1,,,,0.013291204,6.83E-05,1,,0.01172626,9.05E-05,1,,0.011372936,6.86E-05,1,,0.011179531,7.35E-05,1,,0.011507785,7.03E-05,1,,UNSAT,UNSAT,UNSAT,UNSAT,UNSAT,UNSAT,UNSAT,UNSAT
CABP_Par_(datasize=2_capacity=1_windowsize=1)eq=weak-bisim.dzn,1.529023886,1.499,4683,0,3.250058174,3.161105583,1,2.514745235,2.429578083,1,65111,0,4586,2.70163393,2.617007542,1,4586,180,,,,2.631561995,2.528051834,1,4586,180,,,,180,,,,SAT,TIMEOUT,SAT,TIMEOUT,TIMEOUT,SAT,SAT,SAT
CABP_Par_(datasize=4_capacity=1_windowsize=1)eq=branching-bisim.dzn,8.137976885,8.071,36760,0,60.55287409,60.35771075,1,46.52727509,46.33780617,1,167244,0,36752,48.15615511,47.97520196,1,36752,63.14580107,62.94260771,5789,26437,48.64462709,48.45312667,1,36752,62.39226985,62.19750838,5789,26437,62.77236891,62.57791721,5789,26437,SAT,SAT,SAT,SAT,SAT,SAT,SAT,SAT
CABP_Par_(datasize=4_capacity=1_windowsize=1)eq=branching-sim.dzn,8.17028904,8.108,36760,0,60.3128221,60.12427054,1,46.90304708,46.71401571,1,167244,0,36752,48.29759097,48.105189,1,36752,63.00417185,62.80189796,5789,26437,48.71579695,48.51831317,1,36752,62.00763202,61.79003692,5789,26437,62.94868398,62.75270346,5789,26437,SAT,SAT,SAT,SAT,SAT,SAT,SAT,SAT
CABP_Par_(datasize=4_capacity=1_windowsize=1)eq=strong-bisim.dzn,0.013353908,0.001,1,1,0.0111709,7.03E-05,1,0.010909653,7.04E-05,1,,,,0.011795545,6.32E-05,1,,0.011214828,4.87E-05,1,,0.011127186,7.43E-05,1,,0.011206222,6.92E-05,1,,0.01114496,6.82E-05,1,,UNSAT,UNSAT,UNSAT,UNSAT,UNSAT,UNSAT,UNSAT,UNSAT
CABP_Par_(datasize=4_capacity=1_windowsize=1)eq=weak-bisim.dzn,4.626217842,4.56,11109,0,15.43276,15.26832683,1,13.64537597,13.46645833,1,147303,0,10976,14.06089401,13.85801433,1,10976,180,,,,14.80182981,14.60865888,1,10976,180,,,,180,,,,SAT,TIMEOUT,SAT,TIMEOUT,TIMEOUT,SAT,SAT,SAT
CABP_SWP_(datasize=2_capacity=1_windowsize=1)eq=branching-bisim.dzn,5.617522001,5.528,1,1,0.42047863,0.163351458,1,3.661814213,3.395469167,1,,,,3.716278076,3.449346208,1,,3.699513197,3.416178625,1,,3.700791121,3.419988,1,,3.69350481,3.41605425,1,,3.701179743,3.416089042,1,,UNSAT,UNSAT,UNSAT,UNSAT,UNSAT,UNSAT,UNSAT,UNSAT
CABP_SWP_(datasize=2_capacity=1_windowsize=1)eq=branching-sim.dzn,5.683031082,5.593,1,1,0.422380781,0.17135525,1,3.634575844,3.387890417,1,,,,3.760442019,3.49198875,1,,3.765231848,3.492291,1,,3.642610312,3.371773167,1,,3.640290022,3.375305125,1,,3.718958855,3.458219375,1,,UNSAT,UNSAT,UNSAT,UNSAT,UNSAT,UNSAT,UNSAT,UNSAT
CABP_SWP_(datasize=2_capacity=1_windowsize=1)eq=strong-bisim.dzn,0.877363956,0.942,3223,0,0.349552083,0.315119542,1,1.0249331,0.9782435,1,38494,0,3186,1.194968939,1.142287208,1,3186,157.3555589,157.3080067,3,24755,1.101696968,1.044603375,1,3186,158.5214369,158.4766896,3,24755,158.5910451,158.5411719,3,24755,SAT,SAT,SAT,SAT,SAT,SAT,SAT,SAT
CABP_SWP_(datasize=2_capacity=1_windowsize=1)eq=weak-bisim.dzn,4.906961203,4.831,1,1,0.487678111,0.262541583,1,3.321173906,3.070653875,1,,,,3.368308067,3.0902055,1,,3.392672062,3.097433667,1,,3.40098691,3.117397834,1,,3.3093009,3.026803709,1,,3.424650908,3.140313417,1,,UNSAT,UNSAT,UNSAT,UNSAT,UNSAT,UNSAT,UNSAT,UNSAT
CABP_SWP_(datasize=4_capacity=1_windowsize=1)eq=branching-bisim.dzn,16.646029,16.422,1,1,1.174840212,0.498060042,1,20.04351616,19.32408396,1,,,,20.1615622,19.36407233,1,,20.38695765,19.57896646,1,,20.05098319,19.27422333,1,,20.32479191,19.54958158,1,,20.20588017,19.42575046,1,,UNSAT,UNSAT,UNSAT,UNSAT,UNSAT,UNSAT,UNSAT,UNSAT
CABP_SWP_(datasize=4_capacity=1_windowsize=1)eq=branching-sim.dzn,16.25699115,16.052,1,1,1.173439026,0.528319791,1,20.11411977,19.38360029,1,,,,20.26678777,19.51785192,1,,20.1650629,19.37286392,1,,20.08149195,19.32989008,1,,20.20761228,19.39962575,1,,20.32748914,19.55753021,1,,UNSAT,UNSAT,UNSAT,UNSAT,UNSAT,UNSAT,UNSAT,UNSAT
CABP_SWP_(datasize=4_capacity=1_windowsize=1)eq=strong-bisim.dzn,2.331007957,2.288,7901,0,1.394626856,1.267110583,1,6.900424957,6.78688875,1,104066,0,7864,6.961508036,6.865800083,1,7864,180,,,,7.283180714,7.163065792,1,7864,180,,,,180,,,,SAT,TIMEOUT,SAT,TIMEOUT,TIMEOUT,SAT,SAT,SAT
CABP_SWP_(datasize=4_capacity=1_windowsize=1)eq=weak-bisim.dzn,15.04032707,14.83,1,1,1.372555017,0.731139667,1,18.10397577,17.31325196,1,,,,18.08841491,17.29228604,1,,18.04117799,17.17878058,1,,18.09882188,17.26048321,1,,18.10497999,17.26340371,1,,17.97865915,17.14588579,1,,UNSAT,UNSAT,UNSAT,UNSAT,UNSAT,UNSAT,UNSAT,UNSAT
CABPdatasize=2_infinitely_often_enabled_then_infinitely_often_taken.dzn,0.097299588,0.072,1795,0,0.113819396,0.095967084,1,0.080027533,0.0641695,1,3704,0,1767,0.079056656,0.060024541,1,1767,0.597207677,0.585224375,1,1674,0.077141011,0.062533167,1,1767,0.595239103,0.585629166,1,1674,0.602430904,0.600270417,1,1674,SAT,SAT,SAT,SAT,SAT,SAT,SAT,SAT
CABPdatasize=2_infinitely_often_read_write.dzn,0.023082602,0.008,286,0,0.015812504,0.004327084,1,0.014165282,0.002744541,1,684,0,269,0.018170822,0.002276792,1,269,0.044112253,0.027831,1,445,0.017881203,0.002633209,1,269,0.044003546,0.0287725,1,445,0.043929124,0.028914791,1,445,SAT,SAT,SAT,SAT,SAT,SAT,SAT,SAT
CABPdatasize=2_infinitely_often_receive_d1.dzn,0.024511921,0.006,1,1,0.011773181,0.000473042,1,0.011870039,0.000178416,1,,,,0.012082326,0.00018325,1,,0.011914885,0.000245584,1,,0.012159193,0.000243833,1,,0.012178183,0.000241792,1,,0.012179351,0.000246708,1,,UNSAT,UNSAT,UNSAT,UNSAT,UNSAT,UNSAT,UNSAT,UNSAT
CABPdatasize=2_infinitely_often_receive_for_all_d.dzn,0.026076698,0.012,1,1,0.013162136,0.000757334,1,0.012593734,0.000422583,1,,,,0.013099837,0.000352042,1,,0.012494445,0.000427292,1,,0.012060106,0.000428666,1,,0.012803042,0.000423416,1,,0.012630284,0.000423334,1,,UNSAT,UNSAT,UNSAT,UNSAT,UNSAT,UNSAT,UNSAT,UNSAT
CABPdatasize=2_invariantly_infinitely_many_reachable_taus.dzn,0.030338299,0.016,601,0,0.024112558,0.011302041,1,0.019875538,0.0077245,1,1389,0,577,0.026028264,0.009627,1,577,0.089144886,0.062964625,41,1410,0.027883852,0.013075042,1,577,0.089495814,0.057948292,41,1410,0.091865885,0.069067834,41,1410,SAT,SAT,SAT,SAT,SAT,SAT,SAT,SAT
CABPdatasize=2_no_duplication_of_messages.dzn,0.029596531,0.015,189,0,0.018070543,0.008131167,1,0.016235256,0.003765792,1,1389,0,165,0.017171574,0.003026208,1,165,0.161073887,0.108244583,1,1242,0.017132115,0.003769292,1,165,0.163210166,0.106587125,1,1242,0.171026671,0.152239375,1,1242,SAT,SAT,SAT,SAT,SAT,SAT,SAT,SAT
CABPdatasize=2_no_generation_of_messages.dzn,0.021443403,0.005,82,0,0.013100791,0.001445542,1,0.012499356,0.000973042,1,445,0,65,0.012583065,0.000746125,1,65,0.024653494,0.012946041,1,398,0.012585461,0.000979667,1,65,0.024915254,0.010695083,1,398,0.024138474,0.0127375,1,398,SAT,SAT,SAT,SAT,SAT,SAT,SAT,SAT
CABPdatasize=2_nodeadlock.dzn,0.019135201,0.005,93,0,0.013281035,0.00156625,1,0.012584007,0.001008042,1,461,0,69,0.012758231,0.000861,1,69,0.026184952,0.014583792,1,416,0.012671471,0.001023583,1,69,0.025971413,0.013907625,1,416,0.0264395,0.014601292,1,416,SAT,SAT,SAT,SAT,SAT,SAT,SAT,SAT
CABPdatasize=2_read_then_eventually_send.dzn,0.032663429,0.018,1,1,0.013231933,0.000533375,1,0.012518716,0.000400959,1,,,,0.014234531,0.0004475,1,,0.014130139,0.000598333,1,,0.013980842,0.000593958,1,,0.014183998,0.000604542,1,,0.014102972,0.000610583,1,,UNSAT,UNSAT,UNSAT,UNSAT,UNSAT,UNSAT,UNSAT,UNSAT
CABPdatasize=4_infinitely_often_enabled_then_infinitely_often_taken.dzn,0.5756006,0.347,7797,0,1.50929594,1.486910042,1,1.028801918,0.993825375,1,16632,0,7753,1.097844923,0.748524875,1,7753,12.64137602,12.60011458,1,7668,1.047230959,1.014134958,1,7753,12.8329711,12.79537379,1,7668,12.90014315,12.86754467,1,7668,SAT,SAT,SAT,SAT,SAT,SAT,SAT,SAT
CABPdatasize=4_infinitely_often_read_write.dzn,0.038195729,0.019,684,0,0.026339257,0.014298459,1,0.021556938,0.010249417,1,1612,0,657,0.025118303,0.008186708,1,657,0.1808568,0.127955459,1,1009,0.022093844,0.010922667,1,657,0.178192759,0.1125245,1,1009,0.180295146,0.165061208,1,1009,SAT,SAT,SAT,SAT,SAT,SAT,SAT,SAT
CABPdatasize=4_infinitely_often_receive_d1.dzn,0.025912011,0.011,1,1,0.012774265,0.000856375,1,0.012976873,0.000455959,1,,,,0.012712955,0.00033125,1,,0.012802815,0.000458583,1,,0.012822628,0.000459125,1,,0.012825322,0.000461583,1,,0.012403643,0.000459833,1,,UNSAT,UNSAT,UNSAT,UNSAT,UNSAT,UNSAT,UNSAT,UNSAT
CABPdatasize=4_infinitely_often_receive_for_all_d.dzn,0.094207883,0.061,1,1,0.021294808,0.003701125,1,0.021160614,0.002366458,1,,,,0.022345614,0.002753166,1,,0.02203238,0.002671292,1,,0.022322142,0.002752792,1,,0.022212803,0.002977125,1,,0.021854258,0.002646084,1,,UNSAT,UNSAT,UNSAT,UNSAT,UNSAT,UNSAT,UNSAT,UNSAT
CABPdatasize=4_invariantly_infinitely_many_reachable_taus.dzn,0.07121855,0.042,1287,0,0.073001671,0.041725667,1,0.038465405,0.023299209,1,3117,0,1249,0.03897177,0.023713334,1,1249,0.189677143,0.120961,77,1859,0.050545132,0.034379416,1,1249,0.189606428,0.166299709,77,1859,0.188468361,0.17917075,77,1859,SAT,SAT,SAT,SAT,SAT,SAT,SAT,SAT
CABPdatasize=4_no_duplication_of_messages.dzn,0.109537292,0.087,515,0,0.05669812,0.036097292,1,0.035634887,0.021930666,1,5197,0,477,0.039026141,0.02393225,1,477,1.994978905,1.979958291,1,4748,0.035223222,0.021149417,1,477,1.391678095,1.376874833,1,4748,2.146382093,2.127210541,1,4748,SAT,SAT,SAT,SAT,SAT,SAT,SAT,SAT
CABPdatasize=4_no_generation_of_messages.dzn,0.069052434,0.051,320,0,0.027939641,0.01553525,1,0.022514784,0.0098325,1,2941,0,289,0.027368808,0.008381792,1,289,0.680662727,0.571879,1,2672,0.026223886,0.010075833,1,289,0.643765986,0.509432125,1,2672,0.652250051,0.607494417,1,2672,SAT,SAT,SAT,SAT,SAT,SAT,SAT,SAT
CABPdatasize=4_nodeadlock.dzn,0.025538337,0.011,163,0,0.015948153,0.003891625,1,0.014579749,0.002641,1,1037,0,125,0.014366663,0.001865333,1,125,0.094766438,0.060390416,1,952,0.014571273,0.0026405,1,125,0.09339956,0.055365292,1,952,0.099939585,0.096730708,1,952,SAT,SAT,SAT,SAT,SAT,SAT,SAT,SAT
CABPdatasize=4_read_then_eventually_send.dzn,0.102320743,0.065,1,1,0.019651341,0.002413083,1,0.016804278,0.002615125,1,,,,0.016255057,0.001902417,1,,0.016592491,0.002634166,1,,0.01622591,0.00265925,1,,0.016746759,0.001886833,1,,0.016328204,0.002679959,1,,UNSAT,UNSAT,UNSAT,UNSAT,UNSAT,UNSAT,UNSAT,UNSAT
CABPdatasize=8_infinitely_often_enabled_then_infinitely_often_taken.dzn,7.025292158,6.989,38648,0,33.94348884,33.85848863,1,21.70698714,21.61736658,1,82424,0,38572,22.78740788,22.68945538,1,38572,180,,,,23.54757595,23.45492504,1,38572,180,,,,180,,,,SAT,TIMEOUT,SAT,TIMEOUT,TIMEOUT,SAT,SAT,SAT
CABPdatasize=8_infinitely_often_read_write.dzn,0.096786404,0.06,1864,0,0.117932665,0.071245792,1,0.08195045,0.044812791,1,4236,0,1817,0.080382454,0.048577,1,1817,1.035307169,1.013910916,1,2521,0.080348086,0.054378917,1,1817,1.070683956,1.052951792,1,2521,1.032974005,1.013938709,1,2521,SAT,SAT,SAT,SAT,SAT,SAT,SAT,SAT
CABPdatasize=8_infinitely_often_receive_d1.dzn,0.053228831,0.023,1,1,0.015254939,0.003629583,1,0.014763677,0.001123875,1,,,,0.017043412,0.000630042,1,,0.014632249,0.001134917,1,,0.014786649,0.001093792,1,,0.01460216,0.001131042,1,,0.014614642,0.000616291,1,,UNSAT,UNSAT,UNSAT,UNSAT,UNSAT,UNSAT,UNSAT,UNSAT
CABPdatasize=8_infinitely_often_receive_for_all_d.dzn,0.41820184,0.259,1,1,0.041658974,0.011296834,1,0.048680449,0.018715083,1,,,,0.050816524,0.018925375,1,,0.057986283,0.021048791,1,,0.056386673,0.025474625,1,,0.05320102,0.027451,1,,0.055870438,0.017858542,1,,UNSAT,UNSAT,UNSAT,UNSAT,UNSAT,UNSAT,UNSAT,UNSAT
CABPdatasize=8_invariantly_infinitely_many_reachable_taus.dzn,0.177435851,0.138,3043,0,0.29937104,0.284813459,1,0.184112883,0.1643165,1,7725,0,2977,0.199210548,0.172935667,1,2977,0.846561432,0.823491542,149,3490,0.19513551,0.177307208,1,2977,0.860230172,0.815862875,149,3490,0.863261139,0.87515325,149,3490,SAT,SAT,SAT,SAT,SAT,SAT,SAT,SAT
CABPdatasize=8_no_duplication_of_messages.dzn,0.543255532,0.504,1647,0,0.463786232,0.415461375,1,0.343923461,0.337518375,1,23181,0,1581,0.491334879,0.4296425,1,1581,62.00319099,61.96550392,1,21648,0.486270034,0.454971625,1,1581,62.0916307,62.04705058,1,21648,62.38913083,62.34203367,1,21648,SAT,SAT,SAT,SAT,SAT,SAT,SAT,SAT
CABPdatasize=8_no_generation_of_messages.dzn,0.360594213,0.341,1276,0,0.270315659,0.240644709,1,0.206871748,0.172462792,1,17149,0,1217,0.218163669,0.192986166,1,1217,23.55237484,23.51525813,1,15968,0.215510702,0.196094584,1,1217,23.82126522,23.7963565,1,15968,23.99431086,23.96400571,1,15968,SAT,SAT,SAT,SAT,SAT,SAT,SAT,SAT
CABPdatasize=8_nodeadlock.dzn,0.059558558,0.039,303,0,0.025072002,0.014542792,1,0.020601988,0.008017958,1,2573,0,237,0.022824228,0.005527166,1,237,0.529317605,0.334719,1,2408,0.022195721,0.008277458,1,237,0.519251263,0.341019667,1,2408,0.520767808,0.515707042,1,2408,SAT,SAT,SAT,SAT,SAT,SAT,SAT,SAT
CABPdatasize=8_read_then_eventually_send.dzn,0.508017838,0.485,1,1,0.03717171,0.010349083,1,0.050970244,0.029730292,1,,,,0.05780741,0.022144125,1,,0.057142997,0.025021875,1,,0.054980755,0.027377834,1,,0.052670932,0.031531375,1,,0.053404963,0.021130708,1,,UNSAT,UNSAT,UNSAT,UNSAT,UNSAT,UNSAT,UNSAT,UNSAT
CCP_3.2._max_copies_per_region.dzn,0.012829792,0.001,1,1,0.011307788,7.00E-05,1,0.011130369,6.88E-05,1,,,,0.013607335,6.38E-05,1,,0.013223946,7.77E-05,1,,0.012470961,7.18E-05,1,,0.012447309,7.08E-05,1,,0.013072979,7.89E-05,1,,UNSAT,UNSAT,UNSAT,UNSAT,UNSAT,UNSAT,UNSAT,UNSAT
cliquegame(100).dzn,0.087201309,0.063,246,0,0.052928436,0.025545791,1,0.028731525,0.01301,3,4999,4850,55,0.035733974,0.017347041,1,52,0.028650177,0.01447025,3,54,0.029019988,0.013690542,3,55,0.027803934,0.012590667,3,55,0.028192604,0.012414,3,55,SAT,SAT,SAT,SAT,SAT,SAT,SAT,SAT
cliquegame(1000).dzn,13.98456311,13.858,2496,0,17.53911519,16.94155125,1,3.935427904,3.484883625,1,500,997999,502,4.012200832,3.533101834,1,502,3.620040178,3.132182666,3,504,2.626076698,2.150624583,3,504,2.439976215,1.93914475,3,505,3.62033391,3.145631291,3,504,SAT,SAT,SAT,SAT,SAT,SAT,SAT,SAT
cliquegame(10000).dzn,180,,,,180,,,180,,,,,,180,,,,180,,,,180,,,,180,,,,180,,,,TIMEOUT,TIMEOUT,TIMEOUT,TIMEOUT,TIMEOUT,TIMEOUT,TIMEOUT,TIMEOUT
cliquegame(200).dzn,0.430286884,0.381,496,0,0.238659787,0.183447708,1,0.107206106,0.076847833,3,19999,19700,104,0.127139032,0.087325667,1,102,0.114395726,0.080847333,3,104,0.110641909,0.071636125,3,104,0.100584209,0.062795334,3,105,0.103095067,0.067066333,3,105,SAT,SAT,SAT,SAT,SAT,SAT,SAT,SAT
cliquegame(2000).dzn,82.693923,82.162,4996,0,138.6558971,136.1208561,1,21.52673006,19.5197815,1,1000,3995999,1002,21.25254989,19.33477738,1,1002,19.13859105,17.22551446,3,1004,11.30999804,9.398710417,3,1004,10.45616674,8.580496333,3,1005,19.77331567,17.70090258,3,1004,SAT,SAT,SAT,SAT,SAT,SAT,SAT,SAT
cliquegame(500).dzn,2.882078886,2.84,1246,0,2.407317162,2.263044625,1,0.784623575,0.660739709,1,250,248999,252,0.877890062,0.695665708,1,252,0.781731081,0.624095375,3,254,0.67480756,0.554920083,3,254,0.623700154,0.470492708,3,255,0.789807534,0.631690583,3,254,SAT,SAT,SAT,SAT,SAT,SAT,SAT,SAT
cliquegame(5000).dzn,180,,,,180,,,180,,,,,,180,,,,180,,,,180,,,,180,,,,180,,,,TIMEOUT,TIMEOUT,TIMEOUT,TIMEOUT,TIMEOUT,TIMEOUT,TIMEOUT,TIMEOUT
Clobberwidth=4_height=4_black_has_winning_strategy.dzn,180,,,,180,,,180,,,,,,180,,,,180,,,,180,,,,180,,,,180,,,,TIMEOUT,TIMEOUT,TIMEOUT,TIMEOUT,TIMEOUT,TIMEOUT,TIMEOUT,TIMEOUT
Clobberwidth=4_height=4_white_has_winning_strategy.dzn,11.90610099,11.742,1,1,1.389298201,0.915356,1,14.53634691,13.99099,1,,,,21.40946794,20.59522963,1,,21.63449025,20.83365608,1,,21.67201996,20.80153329,1,,21.68100405,20.81917346,1,,21.66201377,20.83834496,1,,UNSAT,UNSAT,UNSAT,UNSAT,UNSAT,UNSAT,UNSAT,UNSAT
CTLStarBinaryCountern=1.dzn,0.012927103,0.001,34,0,0.011089921,,,0.011130178,,,,,,0.011226928,,,,0.010628664,,,,0.011107254,,,,0.010803735,,,,0.010811758,,,,SAT,UNKNOWN,UNKNOWN,UNKNOWN,UNKNOWN,UNKNOWN,UNKNOWN,UNKNOWN
CTLStarBinaryCountern=1_compact.dzn,0.012522316,0.001,8,0,0.011245906,,,0.010878611,,,,,,0.011095083,,,,0.011029065,,,,0.011276174,,,,0.010930598,,,,0.010885715,,,,SAT,UNKNOWN,UNKNOWN,UNKNOWN,UNKNOWN,UNKNOWN,UNKNOWN,UNKNOWN
CTLStarBinaryCountern=2.dzn,0.017131531,0.003,250,0,0.011279476,,,0.011260653,,,,,,0.011067867,,,,0.01111933,,,,0.010732985,,,,0.011225247,,,,0.011168957,,,,SAT,UNKNOWN,UNKNOWN,UNKNOWN,UNKNOWN,UNKNOWN,UNKNOWN,UNKNOWN
CTLStarBinaryCountern=2_compact.dzn,0.012990057,0.001,17,0,0.011274743,,,0.011387205,,,,,,0.011082745,,,,0.011081398,,,,0.010844278,,,,0.011408293,,,,0.010565591,,,,SAT,UNKNOWN,UNKNOWN,UNKNOWN,UNKNOWN,UNKNOWN,UNKNOWN,UNKNOWN
CTLStarBinaryCountern=3.dzn,0.024413705,0.009,795,0,0.010899973,,,0.011276448,,,,,,0.011156356,,,,0.011083555,,,,0.011153913,,,,0.011016965,,,,0.011323524,,,,SAT,UNKNOWN,UNKNOWN,UNKNOWN,UNKNOWN,UNKNOWN,UNKNOWN,UNKNOWN
CTLStarBinaryCountern=3_compact.dzn,0.013177848,0.001,38,0,0.011297333,,,0.011021507,,,,,,0.011255908,,,,0.010878062,,,,0.010709417,,,,0.011348307,,,,0.010907817,,,,SAT,UNKNOWN,UNKNOWN,UNKNOWN,UNKNOWN,UNKNOWN,UNKNOWN,UNKNOWN
CTLStarBinaryCountern=4.dzn,0.049256647,0.032,2265,0,0.011627507,,,0.011730969,,,,,,0.011534762,,,,0.011345661,,,,0.011336625,,,,0.01135428,,,,0.011544037,,,,SAT,UNKNOWN,UNKNOWN,UNKNOWN,UNKNOWN,UNKNOWN,UNKNOWN,UNKNOWN
CTLStarBinaryCountern=4_compact.dzn,0.014388955,0.002,89,0,0.011324358,,,0.011006308,,,,,,0.011024976,,,,0.010983741,,,,0.010845351,,,,0.01120255,,,,0.011194634,,,,SAT,UNKNOWN,UNKNOWN,UNKNOWN,UNKNOWN,UNKNOWN,UNKNOWN,UNKNOWN
CTLStarBinaryCountern=5.dzn,0.196124756,0.123,5914,0,0.013312566,,,0.012144625,,,,,,0.012227035,,,,0.011962581,,,,0.012045157,,,,0.011991203,,,,0.01182307,,,,SAT,UNKNOWN,UNKNOWN,UNKNOWN,UNKNOWN,UNKNOWN,UNKNOWN,UNKNOWN
CTLStarBinaryCountern=5_compact.dzn,0.017070854,0.003,209,0,0.011198175,,,0.011294973,,,,,,0.01109786,,,,0.01126411,,,,0.011155856,,,,0.011256528,,,,0.010844707,,,,SAT,UNKNOWN,UNKNOWN,UNKNOWN,UNKNOWN,UNKNOWN,UNKNOWN,UNKNOWN
CTLStarBinaryCountern=6.dzn,0.722247219,0.449,14399,0,0.015606654,,,0.013439894,,,,,,0.013653386,,,,0.01339401,,,,0.013216412,,,,0.013278615,,,,0.013179731,,,,SAT,UNKNOWN,UNKNOWN,UNKNOWN,UNKNOWN,UNKNOWN,UNKNOWN,UNKNOWN
CTLStarBinaryCountern=6_compact.dzn,0.021821642,0.006,478,0,0.011094272,,,0.011359358,,,,,,0.011314344,,,,0.011684954,,,,0.012354803,,,,0.011841333,,,,0.011249077,,,,SAT,UNKNOWN,UNKNOWN,UNKNOWN,UNKNOWN,UNKNOWN,UNKNOWN,UNKNOWN
CTLStarBinaryCountern=7.dzn,2.26026082,2.244,35037,0,0.016800761,,,0.016355777,,,,,,0.016495717,,,,0.016575778,,,,0.016852319,,,,0.017281806,,,,0.017115653,,,,SAT,UNKNOWN,UNKNOWN,UNKNOWN,UNKNOWN,UNKNOWN,UNKNOWN,UNKNOWN
CTLStarBinaryCountern=7_compact.dzn,0.031929874,0.019,1123,0,0.011581409,,,0.012471759,,,,,,0.011216843,,,,0.011240804,,,,0.011213028,,,,0.011219549,,,,0.011147165,,,,SAT,UNKNOWN,UNKNOWN,UNKNOWN,UNKNOWN,UNKNOWN,UNKNOWN,UNKNOWN
CTLStarBinaryCountern=8.dzn,12.81398797,12.79,82968,0,0.02422874,,,0.022599852,,,,,,0.022824883,,,,0.022872949,,,,0.022743404,,,,0.023154211,,,,0.022956741,,,,SAT,UNKNOWN,UNKNOWN,UNKNOWN,UNKNOWN,UNKNOWN,UNKNOWN,UNKNOWN
CTLStarBinaryCountern=8_compact.dzn,0.077886796,0.047,2611,0,0.012004316,,,0.011620641,,,,,,0.011567831,,,,0.011785269,,,,0.011903989,,,,0.011603844,,,,0.011448908,,,,SAT,UNKNOWN,UNKNOWN,UNKNOWN,UNKNOWN,UNKNOWN,UNKNOWN,UNKNOWN
Debug_spec_nodeadlock.dzn,0.012587523,0.001,1,0,0.011622334,7.32E-05,1,0.011073172,6.91E-05,1,0,0,1,0.011839926,6.53E-05,1,1,0.011361587,7.68E-05,1,1,0.011199474,7.51E-05,1,1,0.01121881,7.89E-05,1,1,0.011319876,7.93E-05,1,1,SAT,SAT,SAT,SAT,SAT,SAT,SAT,SAT
DemriKillerFormulan=1.dzn,0.012789309,0.001,16,0,0.011335921,,,0.010913897,,,,,,0.010837269,,,,0.011258614,,,,0.010840523,,,,0.011215985,,,,0.0107324,,,,SAT,UNKNOWN,UNKNOWN,UNKNOWN,UNKNOWN,UNKNOWN,UNKNOWN,UNKNOWN
DemriKillerFormulan=1_compact.dzn,0.01265409,0,8,0,0.011302757,,,0.011202216,,,,,,0.011413503,,,,0.011176455,,,,0.011041164,,,,0.011135685,,,,0.011117947,,,,SAT,UNKNOWN,UNKNOWN,UNKNOWN,UNKNOWN,UNKNOWN,UNKNOWN,UNKNOWN
DemriKillerFormulan=2.dzn,2.321116209,2.303,33977,0,0.018199313,,,0.016355801,,,,,,0.016604912,,,,0.016679108,,,,0.016625977,,,,0.016456771,,,,0.016756094,,,,SAT,UNKNOWN,UNKNOWN,UNKNOWN,UNKNOWN,UNKNOWN,UNKNOWN,UNKNOWN
DemriKillerFormulan=2_compact.dzn,0.389055181,0.23,6831,0,0.013820374,,,0.01375072,,,,,,0.01377275,,,,0.013044143,,,,0.012867296,,,,0.013068819,,,,0.013067389,,,,SAT,UNKNOWN,UNKNOWN,UNKNOWN,UNKNOWN,UNKNOWN,UNKNOWN,UNKNOWN
Domineeringwidth=4_height=4_player1_has_winning_strategy.dzn,0.043865359,0.033,1489,0,0.031368947,0.018087916,1,0.031986809,0.019228083,1,2221,0,1367,0.035553157,0.021261417,1,1367,2.975885153,2.959880625,184,39069,0.034454155,0.025195125,1,1367,3.141872883,3.128305125,184,39069,3.367324114,3.351812208,184,39069,SAT,SAT,SAT,SAT,SAT,SAT,SAT,SAT
Domineeringwidth=4_height=4_player2_has_winning_strategy.dzn,0.055789113,0.03,1,1,0.01467346,0.001836542,1,0.013549697,0.000966291,1,,,,0.01303575,0.000643959,1,,0.013862443,0.000965917,1,,0.014030242,0.000971791,1,,0.013541079,0.000965,1,,0.013683832,0.000965042,1,,UNSAT,UNSAT,UNSAT,UNSAT,UNSAT,UNSAT,UNSAT,UNSAT
Elevatorpolicy=FIFO_storeys=2_always_if_max_floor_requested_eventually_at_max_floor.dzn,0.012801933,0.001,6,0,0.011492622,0.000138542,1,0.011596811,9.97E-05,1,6,0,5,0.011365271,0.000104541,1,5,0.011426091,0.000121875,1,2,0.011149681,0.000122875,1,5,0.010772038,0.000133875,1,2,0.011332726,0.000130708,1,2,SAT,SAT,SAT,SAT,SAT,SAT,SAT,SAT
Elevatorpolicy=FIFO_storeys=3_always_if_max_floor_requested_eventually_at_max_floor.dzn,0.012735844,0.001,10,0,0.011101282,0.000150458,1,0.011421287,0.000144791,1,18,0,8,0.013322842,0.000110291,1,8,0.011218202,0.000158125,1,4,0.011251867,0.000160083,1,8,0.011253047,0.00015725,1,4,0.011321139,0.000166125,1,4,SAT,SAT,SAT,SAT,SAT,SAT,SAT,SAT
Elevatorpolicy=FIFO_storeys=4_always_if_max_floor_requested_eventually_at_max_floor.dzn,0.013579011,0.001,11,0,0.012122953,0.0002245,1,0.011775196,0.000184709,1,36,0,9,0.012587488,0.000150167,1,9,0.011846304,0.000234708,1,6,0.012259114,0.00018675,1,9,0.011863697,0.000169166,1,6,0.011480439,0.000222208,1,6,SAT,SAT,SAT,SAT,SAT,SAT,SAT,SAT
Elevatorpolicy=FIFO_storeys=5_always_if_max_floor_requested_eventually_at_max_floor.dzn,0.013546288,0.002,10,0,0.011539471,0.000300625,1,0.011304963,0.000208292,1,60,0,8,0.013972056,0.000182542,1,8,0.013633382,0.000440833,1,11,0.013177955,0.000231791,1,8,0.01307646,0.000437625,1,11,0.012494886,0.000439708,1,11,SAT,SAT,SAT,SAT,SAT,SAT,SAT,SAT
Elevatorpolicy=FIFO_storeys=6_always_if_max_floor_requested_eventually_at_max_floor.dzn,0.014243507,0.001,10,0,0.01150614,0.000345458,1,0.011363947,0.000187375,1,90,0,8,0.01136142,0.00018875,1,8,0.012064064,0.000781208,1,16,0.011366558,0.000246875,1,8,0.012256241,0.000776125,1,16,0.012232757,0.000764584,1,16,SAT,SAT,SAT,SAT,SAT,SAT,SAT,SAT
Elevatorpolicy=FIFO_storeys=7_always_if_max_floor_requested_eventually_at_max_floor.dzn,0.015642107,0.002,10,0,0.012340045,0.000420417,1,0.012087846,0.00033775,1,126,0,8,0.012891471,0.000264417,1,8,0.012962854,0.001470417,1,22,0.012302268,0.000303875,1,8,0.01326158,0.0015095,1,22,0.012857008,0.001472375,1,22,SAT,SAT,SAT,SAT,SAT,SAT,SAT,SAT
Elevatorpolicy=FIFO_storeys=8_always_if_max_floor_requested_eventually_at_max_floor.dzn,0.015704703,0.002,13,0,0.011654902,0.000528209,1,0.011916065,0.000360542,1,168,0,11,0.011616325,0.000279875,1,11,0.014043856,0.002717958,1,28,0.011503232,0.0002825,1,11,0.01395421,0.002705625,1,28,0.013927686,0.002701291,1,28,SAT,SAT,SAT,SAT,SAT,SAT,SAT,SAT
Elevatorpolicy=LIFO_storeys=2_always_if_max_floor_requested_eventually_at_max_floor.dzn,0.012900376,0.001,6,0,0.011370361,0.000139708,1,0.011678791,0.000146042,1,6,0,5,0.011455107,0.00010225,1,5,0.011104929,0.000124833,1,2,0.011356032,0.000134708,1,5,0.011619556,0.000117166,1,2,0.011487174,0.000121667,1,2,SAT,SAT,SAT,SAT,SAT,SAT,SAT,SAT
Elevatorpolicy=LIFO_storeys=3_always_if_max_floor_requested_eventually_at_max_floor.dzn,0.013274646,0.001,11,0,0.01119082,0.000232583,1,0.011381876,0.000131084,1,36,0,9,0.011811554,0.000148458,1,9,0.011227453,0.000220792,1,8,0.011533272,0.000127375,1,9,0.01158061,0.000230291,1,8,0.011766922,0.000216833,1,8,SAT,SAT,SAT,SAT,SAT,SAT,SAT,SAT
Elevatorpolicy=LIFO_storeys=4_always_if_max_floor_requested_eventually_at_max_floor.dzn,0.018104529,0.004,15,0,0.012018299,0.000947167,1,0.012065494,0.000620208,1,336,0,13,0.012473619,0.00060775,1,13,0.017085874,0.005444375,1,73,0.012045574,0.000601792,1,13,0.016580677,0.00531025,1,73,0.016304398,0.00531575,1,73,SAT,SAT,SAT,SAT,SAT,SAT,SAT,SAT
Elevatorpolicy=LIFO_storeys=5_always_if_max_floor_requested_eventually_at_max_floor.dzn,0.041799819,0.026,31,0,0.01987623,0.006382125,1,0.017481172,0.004022125,1,2388,0,29,0.029210687,0.00476725,1,29,0.588316965,0.53873375,1,569,0.02412014,0.004933959,1,29,0.617997432,0.548288625,1,569,0.622503579,0.584499042,1,569,SAT,SAT,SAT,SAT,SAT,SAT,SAT,SAT
Elevatorpolicy=LIFO_storeys=6_always_if_max_floor_requested_eventually_at_max_floor.dzn,0.361947513,0.324,50,0,0.095204449,0.055632667,1,0.082438588,0.056935875,1,17766,0,48,0.079965305,0.041795333,1,48,31.26561999,31.23115296,1,4457,0.083097184,0.0514315,1,48,30.28385115,30.25327725,1,4457,32.02205682,31.97991088,1,4457,SAT,SAT,SAT,SAT,SAT,SAT,SAT,SAT
elevatorverification(3).dzn,180,,,,180,,,180,,,,,,180,,,,180,,,,180,,,,180,,,,180,,,,TIMEOUT,TIMEOUT,TIMEOUT,TIMEOUT,TIMEOUT,TIMEOUT,TIMEOUT,TIMEOUT
elevatorverification(4).dzn,180,,,,180,,,180,,,,,,180,,,,180,,,,180,,,,180,,,,180,,,,TIMEOUT,TIMEOUT,TIMEOUT,TIMEOUT,TIMEOUT,TIMEOUT,TIMEOUT,TIMEOUT
elevatorverification(5).dzn,180,,,,180,,,180,,,,,,180,,,,180,,,,180,,,,180,,,,180,,,,TIMEOUT,TIMEOUT,TIMEOUT,TIMEOUT,TIMEOUT,TIMEOUT,TIMEOUT,TIMEOUT
elevatorverification(6).dzn,180,,,,180,,,180,,,,,,180,,,,180,,,,180,,,,180,,,,180,,,,TIMEOUT,TIMEOUT,TIMEOUT,TIMEOUT,TIMEOUT,TIMEOUT,TIMEOUT,TIMEOUT
elevatorverification(7).dzn,50.75055885,,,,180,,,47.76047087,,,,,,46.62340188,,,,46.30020094,,,,46.21329689,,,,46.36665606,,,,46.06316996,,,,UNKNOWN,UNKNOWN,UNKNOWN,UNKNOWN,UNKNOWN,UNKNOWN,TIMEOUT,UNKNOWN
"elevatorverification(-u,_3).dzn",180,,,,0.035071373,0.022217375,1,180,,,,,,180,,,,180,,,,180,,,,180,,,,180,,,,TIMEOUT,TIMEOUT,TIMEOUT,TIMEOUT,TIMEOUT,TIMEOUT,UNSAT,TIMEOUT
"elevatorverification(-u,_4).dzn",180,,,,0.262279177,0.248816459,1,180,,,,,,180,,,,180,,,,180,,,,180,,,,180,,,,TIMEOUT,TIMEOUT,TIMEOUT,TIMEOUT,TIMEOUT,TIMEOUT,UNSAT,TIMEOUT
"elevatorverification(-u,_5).dzn",180,,,,0.586394393,0.51200325,1,180,,,,,,180,,,,180,,,,180,,,,180,,,,180,,,,TIMEOUT,TIMEOUT,TIMEOUT,TIMEOUT,TIMEOUT,TIMEOUT,UNSAT,TIMEOUT
"elevatorverification(-u,_6).dzn",180,,,,1.533483744,1.307020417,1,180,,,,,,180,,,,180,,,,180,,,,180,,,,180,,,,TIMEOUT,TIMEOUT,TIMEOUT,TIMEOUT,TIMEOUT,TIMEOUT,UNSAT,TIMEOUT
"elevatorverification(-u,_7).dzn",53.36879396,,,,6.815956116,4.725260417,1,72.69619894,,,,,,78.11591387,,,,76.67157698,,,,76.59850097,,,,77.16610217,,,,77.34365511,,,,UNKNOWN,UNKNOWN,UNKNOWN,UNKNOWN,UNKNOWN,UNKNOWN,UNSAT,UNKNOWN
FairSchedulern=1.dzn,0.01891861,0.004,354,0,0.011504209,,,0.011149776,,,,,,0.011004114,,,,0.011189783,,,,0.01161952,,,,0.011177933,,,,0.012007475,,,,SAT,UNKNOWN,UNKNOWN,UNKNOWN,UNKNOWN,UNKNOWN,UNKNOWN,UNKNOWN
FairSchedulern=1_compact.dzn,0.01308285,0.001,19,0,0.010983193,,,0.011396921,,,,,,0.011081207,,,,0.011038601,,,,0.010847175,,,,0.011187303,,,,0.010924149,,,,SAT,UNKNOWN,UNKNOWN,UNKNOWN,UNKNOWN,UNKNOWN,UNKNOWN,UNKNOWN
FairSchedulern=2.dzn,41.77283502,41.791,140309,0,0.034158254,,,0.030952823,,,,,,0.031295133,,,,0.030773044,,,,0.031011879,,,,0.031559896,,,,0.031133771,,,,SAT,UNKNOWN,UNKNOWN,UNKNOWN,UNKNOWN,UNKNOWN,UNKNOWN,UNKNOWN
FairSchedulern=2_compact.dzn,1.150947809,1.135,5596,0,0.022628212,,,0.022540069,,,,,,0.022579479,,,,0.022264719,,,,0.022707868,,,,0.022157645,,,,0.022197783,,,,SAT,UNKNOWN,UNKNOWN,UNKNOWN,UNKNOWN,UNKNOWN,UNKNOWN,UNKNOWN
FLCTLLimitClosuren=1.dzn,0.021721601,0.007,543,0,0.011429381,,,0.011197162,,,,,,0.011226797,,,,0.011194515,,,,0.011429524,,,,0.01100117,,,,0.011016893,,,,SAT,UNKNOWN,UNKNOWN,UNKNOWN,UNKNOWN,UNKNOWN,UNKNOWN,UNKNOWN
FLCTLLimitClosuren=1_compact.dzn,0.014249718,0.001,69,0,0.011307919,,,0.01117934,,,,,,0.011256468,,,,0.01098597,,,,0.011025071,,,,0.010727561,,,,0.010971272,,,,SAT,UNKNOWN,UNKNOWN,UNKNOWN,UNKNOWN,UNKNOWN,UNKNOWN,UNKNOWN
FLCTLLimitClosuren=2.dzn,0.116645718,0.072,3772,0,0.014462924,,,0.01210624,,,,,,0.011711133,,,,0.011458611,,,,0.011388695,,,,0.011225545,,,,0.011642134,,,,SAT,UNKNOWN,UNKNOWN,UNKNOWN,UNKNOWN,UNKNOWN,UNKNOWN,UNKNOWN
FLCTLLimitClosuren=2_compact.dzn,0.021309495,0.007,348,0,0.011574054,,,0.011325336,,,,,,0.01098423,,,,0.01080184,,,,0.010965681,,,,0.01113677,,,,0.011049926,,,,SAT,UNKNOWN,UNKNOWN,UNKNOWN,UNKNOWN,UNKNOWN,UNKNOWN,UNKNOWN
FLCTLLimitClosuren=3.dzn,0.22578218,0.135,6431,0,0.01348002,,,0.012349653,,,,,,0.012016284,,,,0.012259614,,,,0.012111664,,,,0.011691058,,,,0.01220448,,,,SAT,UNKNOWN,UNKNOWN,UNKNOWN,UNKNOWN,UNKNOWN,UNKNOWN,UNKNOWN
FLCTLLimitClosuren=3_compact.dzn,0.029579592,0.015,730,0,0.011319911,,,0.01141504,,,,,,0.011365116,,,,0.011124146,,,,0.011177611,,,,0.011063683,,,,0.011372125,,,,SAT,UNKNOWN,UNKNOWN,UNKNOWN,UNKNOWN,UNKNOWN,UNKNOWN,UNKNOWN
FLCTLLimitClosuren=4.dzn,3.724051952,3.7,38075,0,0.019150078,,,0.01729666,,,,,,0.018928576,,,,0.016694152,,,,0.016719401,,,,0.017198491,,,,0.016598618,,,,SAT,UNKNOWN,UNKNOWN,UNKNOWN,UNKNOWN,UNKNOWN,UNKNOWN,UNKNOWN
FLCTLLimitClosuren=4_compact.dzn,0.165160453,0.129,3195,0,0.013302457,,,0.012103093,,,,,,0.013610685,,,,0.011867666,,,,0.011974812,,,,0.012644053,,,,0.012053156,,,,SAT,UNKNOWN,UNKNOWN,UNKNOWN,UNKNOWN,UNKNOWN,UNKNOWN,UNKNOWN
FLCTLLimitClosuren=5.dzn,7.719577789,7.699,60011,0,0.02030127,,,0.019932699,,,,,,0.020210254,,,,0.020078111,,,,0.020243275,,,,0.020206785,,,,0.020228219,,,,SAT,UNKNOWN,UNKNOWN,UNKNOWN,UNKNOWN,UNKNOWN,UNKNOWN,UNKNOWN
FLCTLLimitClosuren=5_compact.dzn,0.305475116,0.197,6346,0,0.014629447,,,0.012734842,,,,,,0.012750757,,,,0.012613058,,,,0.012376511,,,,0.01228447,,,,0.012580824,,,,SAT,UNKNOWN,UNKNOWN,UNKNOWN,UNKNOWN,UNKNOWN,UNKNOWN,UNKNOWN
FLCTLLimitClosuren=6.dzn,180,,,,0.07413218,,,0.074786091,,,,,,0.065284038,,,,0.075376689,,,,0.075404656,,,,0.074807835,,,,0.075883555,,,,TIMEOUT,UNKNOWN,UNKNOWN,UNKNOWN,UNKNOWN,UNKNOWN,UNKNOWN,UNKNOWN
FLCTLLimitClosuren=6_compact.dzn,1.926474094,1.909,25971,0,0.020071638,,,0.019214749,,,,,,0.019053149,,,,0.01906532,,,,0.019022334,,,,0.019079709,,,,0.019019401,,,,SAT,UNKNOWN,UNKNOWN,UNKNOWN,UNKNOWN,UNKNOWN,UNKNOWN,UNKNOWN
FLCTLLimitClosuren=7.dzn,180,,,,0.103826261,,,0.103963006,,,,,,0.106363225,,,,0.105717444,,,,0.105191064,,,,0.104002953,,,,0.105999076,,,,TIMEOUT,UNKNOWN,UNKNOWN,UNKNOWN,UNKNOWN,UNKNOWN,UNKNOWN,UNKNOWN
FLCTLLimitClosuren=7_compact.dzn,4.205788136,4.185,49830,0,0.023697662,,,0.023196614,,,,,,0.023528826,,,,0.023338354,,,,0.023259974,,,,0.023420167,,,,0.023160446,,,,SAT,UNKNOWN,UNKNOWN,UNKNOWN,UNKNOWN,UNKNOWN,UNKNOWN,UNKNOWN
FLCTLLimitClosuren=8.dzn,180,,,,0.519069242,,,0.508544219,,,,,,0.53665303,,,,0.53576889,,,,0.529848349,,,,0.524954462,,,,0.532282686,,,,TIMEOUT,UNKNOWN,UNKNOWN,UNKNOWN,UNKNOWN,UNKNOWN,UNKNOWN,UNKNOWN
FLCTLLimitClosuren=8_compact.dzn,85.44841385,85.385,196527,0,0.085158551,,,0.084981287,,,,,,0.083195055,,,,0.086951292,,,,0.084940088,,,,0.087973666,,,,0.08571372,,,,SAT,UNKNOWN,UNKNOWN,UNKNOWN,UNKNOWN,UNKNOWN,UNKNOWN,UNKNOWN
FLCTLStarLimitClosuren=1.dzn,64.15958929,64.116,174667,0,0.048178411,,,0.039544773,,,,,,0.040427899,,,,0.041817355,,,,0.043929076,,,,0.046188223,,,,0.044865501,,,,SAT,UNKNOWN,UNKNOWN,UNKNOWN,UNKNOWN,UNKNOWN,UNKNOWN,UNKNOWN
FLCTLStarLimitClosuren=1_compact.dzn,1.553792012,0.963,9585,0,0.024234235,,,0.020527339,,,,,,0.020926595,,,,0.020579958,,,,0.020733285,,,,0.020341444,,,,0.020150948,,,,SAT,UNKNOWN,UNKNOWN,UNKNOWN,UNKNOWN,UNKNOWN,UNKNOWN,UNKNOWN
FLCTLStarLimitClosuren=2.dzn,180,,,,0.262447691,,,0.26176368,,,,,,0.265314031,,,,0.270850372,,,,0.268136489,,,,0.27407937,,,,0.262981606,,,,TIMEOUT,UNKNOWN,UNKNOWN,UNKNOWN,UNKNOWN,UNKNOWN,UNKNOWN,UNKNOWN
FLCTLStarLimitClosuren=2_compact.dzn,16.31424904,16.282,62953,0,0.081274426,,,0.079725957,,,,,,0.072224259,,,,0.084810221,,,,0.083507776,,,,0.084571791,,,,0.084257019,,,,SAT,UNKNOWN,UNKNOWN,UNKNOWN,UNKNOWN,UNKNOWN,UNKNOWN,UNKNOWN
FLCTLStarSimpleLimitClosuren=1.dzn,2.972365141,2.954,36735,0,0.018335092,,,0.017172539,,,,,,0.017876995,,,,0.017173779,,,,0.017345643,,,,0.017387617,,,,0.017246914,,,,SAT,UNKNOWN,UNKNOWN,UNKNOWN,UNKNOWN,UNKNOWN,UNKNOWN,UNKNOWN
FLCTLStarSimpleLimitClosuren=1_compact.dzn,0.107132769,0.061,1264,0,0.013997567,,,0.012054706,,,,,,0.011902416,,,,0.011955535,,,,0.011529326,,,,0.011785471,,,,0.011798835,,,,SAT,UNKNOWN,UNKNOWN,UNKNOWN,UNKNOWN,UNKNOWN,UNKNOWN,UNKNOWN
FLCTLStarSimpleLimitClosuren=2.dzn,19.58545089,19.56,94631,0,0.027070796,,,0.026717043,,,,,,0.026052058,,,,0.026117814,,,,0.026150072,,,,0.026663327,,,,0.026347136,,,,SAT,UNKNOWN,UNKNOWN,UNKNOWN,UNKNOWN,UNKNOWN,UNKNOWN,UNKNOWN
FLCTLStarSimpleLimitClosuren=2_compact.dzn,0.26010524,0.156,2861,0,0.014904666,,,0.013076699,,,,,,0.013018739,,,,0.012694657,,,,0.012764323,,,,0.012378728,,,,0.012692511,,,,SAT,UNKNOWN,UNKNOWN,UNKNOWN,UNKNOWN,UNKNOWN,UNKNOWN,UNKNOWN
FLCTLStarSimpleLimitClosuren=3.dzn,115.14694,115.093,234577,0,0.064238024,,,0.065012038,,,,,,0.056731117,,,,0.067233956,,,,0.066509807,,,,0.064300859,,,,0.066343856,,,,SAT,UNKNOWN,UNKNOWN,UNKNOWN,UNKNOWN,UNKNOWN,UNKNOWN,UNKNOWN
FLCTLStarSimpleLimitClosuren=3_compact.dzn,0.69100666,0.717,6650,0,0.016492856,,,0.01529088,,,,,,0.017910743,,,,0.015364134,,,,0.014971995,,,,0.014957237,,,,0.015062904,,,,SAT,UNKNOWN,UNKNOWN,UNKNOWN,UNKNOWN,UNKNOWN,UNKNOWN,UNKNOWN
FLCTLStarSimpleLimitClosuren=4.dzn,180,,,,0.133012354,,,0.134343839,,,,,,0.125388956,,,,0.138171792,,,,0.136369681,,,,0.135605979,,,,0.135945201,,,,TIMEOUT,UNKNOWN,UNKNOWN,UNKNOWN,UNKNOWN,UNKNOWN,UNKNOWN,UNKNOWN
FLCTLStarSimpleLimitClosuren=4_compact.dzn,1.201323032,1.185,15427,0,0.020657098,,,0.020291269,,,,,,0.02030741,,,,0.020510375,,,,0.0203318,,,,0.020163,,,,0.020277989,,,,SAT,UNKNOWN,UNKNOWN,UNKNOWN,UNKNOWN,UNKNOWN,UNKNOWN,UNKNOWN
FLCTLStarSimpleLimitClosuren=5.dzn,180,,,,0.29217633,,,0.293405485,,,,,,0.294722164,,,,0.302644408,,,,0.299371648,,,,0.300157166,,,,0.29480108,,,,TIMEOUT,UNKNOWN,UNKNOWN,UNKNOWN,UNKNOWN,UNKNOWN,UNKNOWN,UNKNOWN
FLCTLStarSimpleLimitClosuren=5_compact.dzn,5.250047922,5.227,35388,0,0.033567703,,,0.031006145,,,,,,0.032375467,,,,0.032672906,,,,0.031940007,,,,0.031331599,,,,0.031944501,,,,SAT,UNKNOWN,UNKNOWN,UNKNOWN,UNKNOWN,UNKNOWN,UNKNOWN,UNKNOWN
FLCTLStarSimpleLimitClosuren=6.dzn,180,,,,0.678661191,,,0.688913512,,,,,,0.690801334,,,,0.699217141,,,,0.695666897,,,,0.708182824,,,,0.693278003,,,,TIMEOUT,UNKNOWN,UNKNOWN,UNKNOWN,UNKNOWN,UNKNOWN,UNKNOWN,UNKNOWN
FLCTLStarSimpleLimitClosuren=6_compact.dzn,19.55963111,19.522,80133,0,0.069978833,,,0.071062315,,,,,,0.065001476,,,,0.074076998,,,,0.074521112,,,,0.07127552,,,,0.07383976,,,,SAT,UNKNOWN,UNKNOWN,UNKNOWN,UNKNOWN,UNKNOWN,UNKNOWN,UNKNOWN
Hanoindisks=10_eventually_done.dzn,1.187245703,0.715,1,1,0.111388314,0.039474541,1,0.263297558,0.206491833,1,,,,0.268142247,0.185437792,1,,0.262917721,0.192293042,1,,0.266644049,0.2016815,1,,0.266720986,0.201044167,1,,0.270267415,0.196444166,1,,UNSAT,UNSAT,UNSAT,UNSAT,UNSAT,UNSAT,UNSAT,UNSAT
Hanoindisks=11_eventually_done.dzn,3.999106884,3.934,1,1,0.312220514,0.1295995,1,1.316014051,1.118168875,1,,,,1.258749723,1.044246834,1,,1.243066311,1.066475583,1,,1.288122892,1.109188292,1,,1.298448801,1.08448225,1,,1.226204872,0.994853709,1,,UNSAT,UNSAT,UNSAT,UNSAT,UNSAT,UNSAT,UNSAT,UNSAT
Hanoindisks=12_eventually_done.dzn,6.773416042,6.484,1,1,0.842393446,0.392241625,1,13.35354376,12.84329133,1,,,,12.79387212,12.35150121,1,,13.77229476,13.14726146,1,,13.55224919,12.92975996,1,,13.49297523,12.88229146,1,,13.45373511,12.84600363,1,,UNSAT,UNSAT,UNSAT,UNSAT,UNSAT,UNSAT,UNSAT,UNSAT
Hanoindisks=13_eventually_done.dzn,37.2029109,36.775,1,1,2.710465193,1.260999709,1,78.66772294,76.98463425,1,,,,77.27552295,75.82171404,1,,77.33201003,75.476934,1,,78.17527103,76.40694896,1,,78.79316306,76.96886392,1,,78.80864191,77.01318229,1,,UNSAT,UNSAT,UNSAT,UNSAT,UNSAT,UNSAT,UNSAT,UNSAT
Hanoindisks=8_eventually_done.dzn,0.132830608,0.104,1,1,0.022399521,0.005439416,1,0.019668198,0.006263125,1,,,,0.019764435,0.002148708,1,,0.019698334,0.003149625,1,,0.019030499,0.002151583,1,,0.019741201,0.003070834,1,,0.018993878,0.003090333,1,,UNSAT,UNSAT,UNSAT,UNSAT,UNSAT,UNSAT,UNSAT,UNSAT
Hanoindisks=9_eventually_done.dzn,0.392564011,0.36,1,1,0.034546769,0.012906417,1,0.040062606,0.027892333,1,,,,0.057754171,0.018038333,1,,0.057346714,0.015031334,1,,0.052517116,0.02750925,1,,0.057778192,0.02635125,1,,0.046738195,0.015477667,1,,UNSAT,UNSAT,UNSAT,UNSAT,UNSAT,UNSAT,UNSAT,UNSAT
Hesselink_(Implementation)_Hesselink_(Specification)_(datasize=2)eq=branching-bisim.dzn,180,,,,180,,,180,,,,,,180,,,,180,,,,180,,,,180,,,,180,,,,TIMEOUT,TIMEOUT,TIMEOUT,TIMEOUT,TIMEOUT,TIMEOUT,TIMEOUT,TIMEOUT
Hesselink_(Implementation)_Hesselink_(Specification)_(datasize=2)eq=branching-sim.dzn,180,,,,180,,,180,,,,,,180,,,,180,,,,180,,,,180,,,,180,,,,TIMEOUT,TIMEOUT,TIMEOUT,TIMEOUT,TIMEOUT,TIMEOUT,TIMEOUT,TIMEOUT
Hesselink_(Implementation)_Hesselink_(Specification)_(datasize=2)eq=strong-bisim.dzn,0.01378994,0.001,1,1,0.011194909,9.96E-05,1,0.011292088,7.87E-05,1,,,,0.012764657,8.43E-05,1,,0.011647832,8.58E-05,1,,0.01119591,8.74E-05,1,,0.011309624,7.99E-05,1,,0.011223614,8.74E-05,1,,UNSAT,UNSAT,UNSAT,UNSAT,UNSAT,UNSAT,UNSAT,UNSAT
Hesselink_(Implementation)_Hesselink_(Specification)_(datasize=2)eq=weak-bisim.dzn,180,,,,138.6102149,109.0143254,1,180,,,,,,180,,,,180,,,,180,,,,180,,,,180,,,,TIMEOUT,TIMEOUT,TIMEOUT,TIMEOUT,TIMEOUT,TIMEOUT,UNSAT,TIMEOUT
Hesselink_(Implementation)_Hesselink_(Specification)_(datasize=3)eq=strong-bisim.dzn,0.014632738,0.001,1,1,0.011255455,0.000120041,1,0.011283326,8.58E-05,1,,,,0.012836599,8.73E-05,1,,0.011786187,9.88E-05,1,,0.011228454,9.24E-05,1,,0.011205554,9.20E-05,1,,0.01122123,8.44E-05,1,,UNSAT,UNSAT,UNSAT,UNSAT,UNSAT,UNSAT,UNSAT,UNSAT
Hesselink_(Specification)_Hesselink_(Implementation)_(datasize=2)eq=branching-bisim.dzn,180,,,,180,,,180,,,,,,180,,,,180,,,,180,,,,180,,,,180,,,,TIMEOUT,TIMEOUT,TIMEOUT,TIMEOUT,TIMEOUT,TIMEOUT,TIMEOUT,TIMEOUT
Hesselink_(Specification)_Hesselink_(Implementation)_(datasize=2)eq=branching-sim.dzn,180,,,,180,,,180,,,,,,180,,,,180,,,,180,,,,180,,,,180,,,,TIMEOUT,TIMEOUT,TIMEOUT,TIMEOUT,TIMEOUT,TIMEOUT,TIMEOUT,TIMEOUT
Hesselink_(Specification)_Hesselink_(Implementation)_(datasize=2)eq=strong-bisim.dzn,0.013233781,0.001,1,1,0.011340916,9.45E-05,1,0.011027968,8.00E-05,1,,,,0.011217666,5.48E-05,1,,0.011550307,8.57E-05,1,,0.011418784,7.67E-05,1,,0.011161625,8.54E-05,1,,0.011320651,8.10E-05,1,,UNSAT,UNSAT,UNSAT,UNSAT,UNSAT,UNSAT,UNSAT,UNSAT
Hesselink_(Specification)_Hesselink_(Implementation)_(datasize=2)eq=weak-bisim.dzn,180,,,,180,,,180,,,,,,180,,,,180,,,,180,,,,180,,,,180,,,,TIMEOUT,TIMEOUT,TIMEOUT,TIMEOUT,TIMEOUT,TIMEOUT,TIMEOUT,TIMEOUT
Hesselink_(Specification)_Hesselink_(Implementation)_(datasize=3)eq=strong-bisim.dzn,0.013631773,0.001,1,1,0.01099776,0.000105917,1,0.011335611,8.41E-05,1,,,,0.011041403,5.73E-05,1,,0.011303258,8.73E-05,1,,0.011180019,8.21E-05,1,,0.011684573,8.82E-05,1,,0.011324322,8.72E-05,1,,UNSAT,UNSAT,UNSAT,UNSAT,UNSAT,UNSAT,UNSAT,UNSAT
Hesselinkdatasize=2_nodeadlock.dzn,85.05238581,84.863,98200,0,180,,,180,,,,,,180,,,,180,,,,180,,,,180,,,,180,,,,SAT,TIMEOUT,TIMEOUT,TIMEOUT,TIMEOUT,TIMEOUT,TIMEOUT,TIMEOUT
Hesselinkdatasize=2_property1.dzn,180,,,,180,,,180,,,,,,180,,,,180,,,,180,,,,180,,,,180,,,,TIMEOUT,TIMEOUT,TIMEOUT,TIMEOUT,TIMEOUT,TIMEOUT,TIMEOUT,TIMEOUT
Hesselinkdatasize=2_property2.dzn,180,,,,180,,,180,,,,,,180,,,,180,,,,180,,,,180,,,,180,,,,TIMEOUT,TIMEOUT,TIMEOUT,TIMEOUT,TIMEOUT,TIMEOUT,TIMEOUT,TIMEOUT
Hesselinkdatasize=3_nodeadlock.dzn,180,,,,180,,,180,,,,,,180,,,,180,,,,180,,,,180,,,,180,,,,TIMEOUT,TIMEOUT,TIMEOUT,TIMEOUT,TIMEOUT,TIMEOUT,TIMEOUT,TIMEOUT
Hesselinkdatasize=3_property2.dzn,180,,,,180,,,180,,,,,,180,,,,180,,,,180,,,,180,,,,180,,,,TIMEOUT,TIMEOUT,TIMEOUT,TIMEOUT,TIMEOUT,TIMEOUT,TIMEOUT,TIMEOUT
IEEE1394nparties=2_datasize=2_headersize=2_acksize=2_nodeadlock.dzn,6.107429981,6.04,10981,0,17.27198601,17.08933858,1,18.61215091,18.469534,1,188536,0,10926,18.11034799,17.94538454,1,10926,180,,,,18.18047214,18.00775938,1,10926,180,,,,180,,,,SAT,TIMEOUT,SAT,TIMEOUT,TIMEOUT,SAT,SAT,SAT
IEEE1394nparties=2_datasize=2_headersize=2_acksize=2_property1.dzn,180,,,,180,,,180,,,,,,180,,,,180,,,,180,,,,180,,,,180,,,,TIMEOUT,TIMEOUT,TIMEOUT,TIMEOUT,TIMEOUT,TIMEOUT,TIMEOUT,TIMEOUT
IEEE1394nparties=2_datasize=2_headersize=2_acksize=2_property2.dzn,180,,,,180,,,180,,,,,,180,,,,180,,,,180,,,,180,,,,180,,,,TIMEOUT,TIMEOUT,TIMEOUT,TIMEOUT,TIMEOUT,TIMEOUT,TIMEOUT,TIMEOUT
IEEE1394nparties=2_datasize=2_headersize=2_acksize=2_property3.dzn,180,,,,180,,,180,,,,,,180,,,,180,,,,180,,,,180,,,,180,,,,TIMEOUT,TIMEOUT,TIMEOUT,TIMEOUT,TIMEOUT,TIMEOUT,TIMEOUT,TIMEOUT
IEEE1394nparties=2_datasize=2_headersize=2_acksize=2_property4.dzn,37.02286005,36.845,25214,0,90.05169702,89.47597292,1,115.8312109,115.3454546,1,571343,0,25159,120.7330081,120.2700687,1,25159,180,,,,120.8376861,120.3325721,1,25159,180,,,,180,,,,SAT,TIMEOUT,SAT,TIMEOUT,TIMEOUT,SAT,SAT,SAT
IEEE1394nparties=2_datasize=2_headersize=2_acksize=2_property5.dzn,180,,,,180,,,180,,,,,,180,,,,180,,,,180,,,,180,,,,180,,,,TIMEOUT,TIMEOUT,TIMEOUT,TIMEOUT,TIMEOUT,TIMEOUT,TIMEOUT,TIMEOUT
Includen=1.dzn,0.023808968,0.009,693,0,0.010988152,,,0.011551225,,,,,,0.01104238,,,,0.010771346,,,,0.011039102,,,,0.011220801,,,,0.011247623,,,,SAT,UNKNOWN,UNKNOWN,UNKNOWN,UNKNOWN,UNKNOWN,UNKNOWN,UNKNOWN
Includen=1_compact.dzn,0.019638741,0.005,298,0,0.011309135,,,0.011093593,,,,,,0.011276937,,,,0.010860479,,,,0.011143637,,,,0.011243248,,,,0.011200118,,,,SAT,UNKNOWN,UNKNOWN,UNKNOWN,UNKNOWN,UNKNOWN,UNKNOWN,UNKNOWN
Includen=2.dzn,0.030235147,0.015,1126,0,0.011473131,,,0.011543071,,,,,,0.011155367,,,,0.011127484,,,,0.011278749,,,,0.011266494,,,,0.011296225,,,,SAT,UNKNOWN,UNKNOWN,UNKNOWN,UNKNOWN,UNKNOWN,UNKNOWN,UNKNOWN
Includen=2_compact.dzn,0.02231884,0.007,467,0,0.011569035,,,0.011443043,,,,,,0.011087382,,,,0.011260426,,,,0.010979295,,,,0.010853279,,,,0.011140537,,,,SAT,UNKNOWN,UNKNOWN,UNKNOWN,UNKNOWN,UNKNOWN,UNKNOWN,UNKNOWN
Includen=3.dzn,0.03837899,0.022,1559,0,0.011627936,,,0.011581874,,,,,,0.011597168,,,,0.011074126,,,,0.01185379,,,,0.011277378,,,,0.011666095,,,,SAT,UNKNOWN,UNKNOWN,UNKNOWN,UNKNOWN,UNKNOWN,UNKNOWN,UNKNOWN
Includen=3_compact.dzn,0.024919975,0.01,636,0,0.01113435,,,0.011343324,,,,,,0.011067331,,,,0.010893917,,,,0.010767901,,,,0.010916603,,,,0.011458111,,,,SAT,UNKNOWN,UNKNOWN,UNKNOWN,UNKNOWN,UNKNOWN,UNKNOWN,UNKNOWN
Includen=4.dzn,0.051080012,0.029,1992,0,0.012651408,,,0.011349618,,,,,,0.011800003,,,,0.012531626,,,,0.011660218,,,,0.011855543,,,,0.011447227,,,,SAT,UNKNOWN,UNKNOWN,UNKNOWN,UNKNOWN,UNKNOWN,UNKNOWN,UNKNOWN
Includen=4_compact.dzn,0.028324163,0.013,805,0,0.011441994,,,0.011893201,,,,,,0.011970592,,,,0.013143599,,,,0.011567712,,,,0.011489153,,,,0.011365271,,,,SAT,UNKNOWN,UNKNOWN,UNKNOWN,UNKNOWN,UNKNOWN,UNKNOWN,UNKNOWN
Includen=5.dzn,0.060397971,0.038,2425,0,0.01310482,,,0.011658502,,,,,,0.011243236,,,,0.011393321,,,,0.011182857,,,,0.011570132,,,,0.011451745,,,,SAT,UNKNOWN,UNKNOWN,UNKNOWN,UNKNOWN,UNKNOWN,UNKNOWN,UNKNOWN
Includen=5_compact.dzn,0.030752921,0.016,974,0,0.011079848,,,0.011321568,,,,,,0.011402762,,,,0.011103368,,,,0.011013091,,,,0.011205924,,,,0.010967863,,,,SAT,UNKNOWN,UNKNOWN,UNKNOWN,UNKNOWN,UNKNOWN,UNKNOWN,UNKNOWN
Includen=6.dzn,0.093929541,0.068,2858,0,0.013343894,,,0.011437738,,,,,,0.012263894,,,,0.011527133,,,,0.011567104,,,,0.011399531,,,,0.011735332,,,,SAT,UNKNOWN,UNKNOWN,UNKNOWN,UNKNOWN,UNKNOWN,UNKNOWN,UNKNOWN
Includen=6_compact.dzn,0.034183943,0.019,1143,0,0.011533058,,,0.011759222,,,,,,0.011689937,,,,0.011107028,,,,0.011173463,,,,0.011292636,,,,0.011260891,,,,SAT,UNKNOWN,UNKNOWN,UNKNOWN,UNKNOWN,UNKNOWN,UNKNOWN,UNKNOWN
Includen=7.dzn,0.095645058,0.056,3291,0,0.012903655,,,0.011798501,,,,,,0.011853611,,,,0.011479461,,,,0.011557043,,,,0.011540079,,,,0.011505139,,,,SAT,UNKNOWN,UNKNOWN,UNKNOWN,UNKNOWN,UNKNOWN,UNKNOWN,UNKNOWN
Includen=7_compact.dzn,0.037633169,0.022,1312,0,0.011555958,,,0.011187255,,,,,,0.011004388,,,,0.01106025,,,,0.01086489,,,,0.011370182,,,,0.01090821,,,,SAT,UNKNOWN,UNKNOWN,UNKNOWN,UNKNOWN,UNKNOWN,UNKNOWN,UNKNOWN
Includen=8.dzn,0.11404047,0.065,3724,0,0.013748455,,,0.011688495,,,,,,0.011368155,,,,0.011602318,,,,0.011782515,,,,0.011865139,,,,0.011549294,,,,SAT,UNKNOWN,UNKNOWN,UNKNOWN,UNKNOWN,UNKNOWN,UNKNOWN,UNKNOWN
Includen=8_compact.dzn,0.041206551,0.025,1481,0,0.011477888,,,0.011526,,,,,,0.011321545,,,,0.011491036,,,,0.011063385,,,,0.011347067,,,,0.0114254,,,,SAT,UNKNOWN,UNKNOWN,UNKNOWN,UNKNOWN,UNKNOWN,UNKNOWN,UNKNOWN
"jurdzinskigame(100,_100).dzn",180,,,,180,,,180,,,,,,180,,,,180,,,,180,,,,180,,,,180,,,,TIMEOUT,TIMEOUT,TIMEOUT,TIMEOUT,TIMEOUT,TIMEOUT,TIMEOUT,TIMEOUT
"jurdzinskigame(100,_200).dzn",180,,,,180,,,180,,,,,,180,,,,180,,,,180,,,,180,,,,180,,,,TIMEOUT,TIMEOUT,TIMEOUT,TIMEOUT,TIMEOUT,TIMEOUT,TIMEOUT,TIMEOUT
"jurdzinskigame(100,_50).dzn",180,,,,180,,,180,,,,,,180,,,,180,,,,180,,,,180,,,,180,,,,TIMEOUT,TIMEOUT,TIMEOUT,TIMEOUT,TIMEOUT,TIMEOUT,TIMEOUT,TIMEOUT
"jurdzinskigame(100,_500).dzn",180,,,,180,,,180,,,,,,180,,,,180,,,,180,,,,180,,,,180,,,,TIMEOUT,TIMEOUT,TIMEOUT,TIMEOUT,TIMEOUT,TIMEOUT,TIMEOUT,TIMEOUT
"jurdzinskigame(200,_100).dzn",180,,,,180,,,180,,,,,,180,,,,180,,,,180,,,,180,,,,180,,,,TIMEOUT,TIMEOUT,TIMEOUT,TIMEOUT,TIMEOUT,TIMEOUT,TIMEOUT,TIMEOUT
"jurdzinskigame(200,_200).dzn",180,,,,180,,,180,,,,,,180,,,,180,,,,180,,,,180,,,,180,,,,TIMEOUT,TIMEOUT,TIMEOUT,TIMEOUT,TIMEOUT,TIMEOUT,TIMEOUT,TIMEOUT
"jurdzinskigame(200,_50).dzn",180,,,,180,,,180,,,,,,180,,,,180,,,,180,,,,180,,,,180,,,,TIMEOUT,TIMEOUT,TIMEOUT,TIMEOUT,TIMEOUT,TIMEOUT,TIMEOUT,TIMEOUT
"jurdzinskigame(200,_500).dzn",180,,,,180,,,180,,,,,,180,,,,180,,,,180,,,,180,,,,180,,,,TIMEOUT,TIMEOUT,TIMEOUT,TIMEOUT,TIMEOUT,TIMEOUT,TIMEOUT,TIMEOUT
"jurdzinskigame(50,_100).dzn",180,,,,180,,,180,,,,,,180,,,,180,,,,180,,,,180,,,,180,,,,TIMEOUT,TIMEOUT,TIMEOUT,TIMEOUT,TIMEOUT,TIMEOUT,TIMEOUT,TIMEOUT
"jurdzinskigame(50,_200).dzn",180,,,,180,,,180,,,,,,180,,,,180,,,,180,,,,180,,,,180,,,,TIMEOUT,TIMEOUT,TIMEOUT,TIMEOUT,TIMEOUT,TIMEOUT,TIMEOUT,TIMEOUT
"jurdzinskigame(50,_50).dzn",180,,,,180,,,180,,,,,,180,,,,180,,,,180,,,,180,,,,180,,,,TIMEOUT,TIMEOUT,TIMEOUT,TIMEOUT,TIMEOUT,TIMEOUT,TIMEOUT,TIMEOUT
"jurdzinskigame(50,_500).dzn",180,,,,180,,,180,,,,,,180,,,,180,,,,180,,,,180,,,,180,,,,TIMEOUT,TIMEOUT,TIMEOUT,TIMEOUT,TIMEOUT,TIMEOUT,TIMEOUT,TIMEOUT
"jurdzinskigame(500,_100).dzn",180,,,,180,,,180,,,,,,180,,,,180,,,,180,,,,180,,,,180,,,,TIMEOUT,TIMEOUT,TIMEOUT,TIMEOUT,TIMEOUT,TIMEOUT,TIMEOUT,TIMEOUT
"jurdzinskigame(500,_200).dzn",180,,,,180,,,180,,,,,,180,,,,180,,,,180,,,,180,,,,180,,,,TIMEOUT,TIMEOUT,TIMEOUT,TIMEOUT,TIMEOUT,TIMEOUT,TIMEOUT,TIMEOUT
"jurdzinskigame(500,_50).dzn",180,,,,180,,,180,,,,,,180,,,,180,,,,180,,,,180,,,,180,,,,TIMEOUT,TIMEOUT,TIMEOUT,TIMEOUT,TIMEOUT,TIMEOUT,TIMEOUT,TIMEOUT
"jurdzinskigame(500,_500).dzn",180,,,,180,,,180,,,,,,180,,,,180,,,,180,,,,180,,,,180,,,,TIMEOUT,TIMEOUT,TIMEOUT,TIMEOUT,TIMEOUT,TIMEOUT,TIMEOUT,TIMEOUT
laddergame(100).dzn,0.021305978,0.006,102,0,0.034902322,0.031886875,1,0.013079512,0.00096,3,299,99,5,0.012354505,0.00089125,3,5,0.018421531,0.006878958,102,203,0.012250996,0.000964375,3,5,0.018269873,0.006742875,102,203,0.018539786,0.00619375,102,203,SAT,SAT,SAT,SAT,SAT,SAT,SAT,SAT
laddergame(1000).dzn,2.788624763,2.774,1002,0,34.14566207,34.12608983,1,0.053452373,0.038742833,3,2999,999,5,0.054248798,0.031260708,3,5,4.888864994,4.870761291,1002,2003,0.056890428,0.036119792,3,5,4.883012295,4.864470125,1002,2003,4.925146103,4.908461292,1002,2003,SAT,SAT,SAT,SAT,SAT,SAT,SAT,SAT
laddergame(10000).dzn,180,,,,180,,,3.11323595,3.070713083,3,29999,9999,5,4.791462898,4.726325667,3,5,180,,,,4.793423891,4.732684042,3,5,180,,,,180,,,,TIMEOUT,TIMEOUT,SAT,TIMEOUT,TIMEOUT,SAT,TIMEOUT,SAT
laddergame(200).dzn,0.050795221,0.033,202,0,0.235146987,0.218427209,1,0.015912867,0.002304709,3,599,199,5,0.014173222,0.0018315,3,5,0.045731556,0.032582333,202,403,0.013650012,0.002297333,3,5,0.045265913,0.032993125,202,403,0.057657409,0.042123541,202,403,SAT,SAT,SAT,SAT,SAT,SAT,SAT,SAT
laddergame(2000).dzn,20.61947989,20.594,2002,0,180,,,0.141203558,0.119976791,3,5999,1999,5,0.156016171,0.121560625,3,5,39.19403291,39.19339708,2002,4003,0.154039741,0.134708667,3,5,39.04429817,39.0333995,2002,4003,39.56390405,39.54765217,2002,4003,SAT,SAT,SAT,SAT,SAT,SAT,TIMEOUT,SAT
laddergame(20000).dzn,180,,,,180,,,13.2793479,13.20367742,3,59999,19999,5,13.90432215,13.83819358,3,5,180,,,,13.62038517,13.55086421,3,5,180,,,,180,,,,TIMEOUT,TIMEOUT,SAT,TIMEOUT,TIMEOUT,SAT,TIMEOUT,SAT
laddergame(500).dzn,0.4110636,0.373,502,0,4.444316149,4.424244708,1,0.024659145,0.009634125,3,1499,499,5,0.022328842,0.008030916,3,5,0.628424287,0.471372084,502,1003,0.024698675,0.009578666,3,5,0.620532846,0.555003083,502,1003,0.621195579,0.611700875,502,1003,SAT,SAT,SAT,SAT,SAT,SAT,SAT,SAT
laddergame(5000).dzn,180,,,,180,,,0.703445196,0.6757595,3,14999,4999,5,0.836211681,0.797978,3,5,180,,,,0.845368969,0.825258667,3,5,180,,,,180,,,,TIMEOUT,TIMEOUT,SAT,TIMEOUT,TIMEOUT,SAT,TIMEOUT,SAT
laddergame(50000).dzn,6.504992008,,,,180,,,1.030781031,,,,,,1.088327885,,,,1.093510866,,,,1.109865904,,,,1.064564943,,,,1.085939884,,,,UNKNOWN,UNKNOWN,UNKNOWN,UNKNOWN,UNKNOWN,UNKNOWN,TIMEOUT,UNKNOWN
Leadernparticipants=3_eventually-stable.dzn,0.162388742,0.118,2633,0,0.06599735,0.035701625,1,0.148872352,0.114821542,1,5858,0,2619,0.213534486,0.183643917,1,2619,2.881215096,2.857298167,3,4221,0.213975179,0.170274709,1,2619,2.934452057,2.906856958,3,4221,2.953680992,2.929489833,3,4221,SAT,SAT,SAT,SAT,SAT,SAT,SAT,SAT
Leadernparticipants=4_eventually-stable.dzn,180,,,,180,,,180,,,,,,180,,,,180,,,,180,,,,180,,,,180,,,,TIMEOUT,TIMEOUT,TIMEOUT,TIMEOUT,TIMEOUT,TIMEOUT,TIMEOUT,TIMEOUT
Lift_(Correct)nlifts=2_liveness_1_1.dzn,0.022578144,0.007,226,0,0.017275405,0.005244542,1,0.015831804,0.004228,1,630,0,214,0.0169824,0.002867584,1,214,0.039842176,0.026005208,1,265,0.017398751,0.004134916,1,214,0.040495503,0.027061917,1,265,0.043994749,0.027387125,1,265,SAT,SAT,SAT,SAT,SAT,SAT,SAT,SAT
Lift_(Correct)nlifts=2_liveness_1_2.dzn,0.02227602,0.007,226,0,0.017456841,0.005242167,1,0.015204918,0.004142667,1,630,0,214,0.016284776,0.003037542,1,214,0.039905035,0.028047708,1,265,0.015929246,0.004209334,1,214,0.039973593,0.027498375,1,265,0.042075884,0.027547333,1,265,SAT,SAT,SAT,SAT,SAT,SAT,SAT,SAT
Lift_(Correct)nlifts=2_liveness_2_1.dzn,0.022358584,0.008,240,0,0.017614806,0.005586041,1,0.015762961,0.003042291,1,623,0,232,0.015867329,0.003101458,1,232,0.035728264,0.024882291,3,209,0.01613934,0.003071417,1,232,0.035817051,0.025356375,3,209,0.035615182,0.023304459,3,209,SAT,SAT,SAT,SAT,SAT,SAT,SAT,SAT
Lift_(Correct)nlifts=2_liveness_2_2.dzn,0.023191619,0.009,240,0,0.017584109,0.004603166,1,0.016205418,0.004324541,1,623,0,232,0.018055546,0.003093292,1,232,0.035280919,0.021565792,3,209,0.015588439,0.004381542,1,232,0.034823036,0.0229585,3,209,0.034184861,0.023347167,3,209,SAT,SAT,SAT,SAT,SAT,SAT,SAT,SAT
Lift_(Correct)nlifts=2_nodeadlock.dzn,0.019846022,0.004,75,0,0.013372493,0.001838709,1,0.012605262,0.0008305,1,302,0,63,0.015219951,0.001066792,1,63,0.021945584,0.0100845,1,128,0.013509941,0.001311291,1,63,0.020891237,0.010138833,1,128,0.021888697,0.009965917,1,128,SAT,SAT,SAT,SAT,SAT,SAT,SAT,SAT
Lift_(Correct)nlifts=2_safety_1.dzn,0.018166506,0.004,98,0,0.013666308,0.002129709,1,0.012787199,0.001630584,1,281,0,86,0.013537598,0.001089792,1,86,0.019856703,0.008657125,1,114,0.013010025,0.00163675,1,86,0.02026006,0.008667917,1,114,0.020347857,0.009999375,1,114,SAT,SAT,SAT,SAT,SAT,SAT,SAT,SAT
Lift_(Correct)nlifts=2_safety_2_1.dzn,0.01657629,0.003,74,0,0.012792397,0.001395459,1,0.012673092,0.000766833,1,201,0,63,0.012319219,0.000772875,1,63,0.017700398,0.006514917,3,128,0.012440896,0.00114075,1,63,0.017331612,0.006495834,3,128,0.017409945,0.006496791,3,128,SAT,SAT,SAT,SAT,SAT,SAT,SAT,SAT
Lift_(Correct)nlifts=2_safety_2_2.dzn,0.01658473,0.003,74,0,0.013184583,0.001057416,1,0.012451708,0.001125709,1,201,0,63,0.011980641,0.000766041,1,63,0.017653871,0.006488375,3,128,0.012289667,0.001149083,1,63,0.017273104,0.006507208,3,128,0.017720497,0.006498792,3,128,SAT,SAT,SAT,SAT,SAT,SAT,SAT,SAT
Lift_(Correct)nlifts=3_liveness_1_1.dzn,0.362613201,0.227,3988,0,0.969885671,0.9242105,1,0.829882562,0.794088208,1,8548,0,3884,0.821393609,0.773904708,1,3884,31.49158001,31.46177471,1,4405,0.815671694,0.802906375,1,3884,30.44591308,30.42298317,1,4405,30.13934493,30.11648317,1,4405,SAT,SAT,SAT,SAT,SAT,SAT,SAT,SAT
Lift_(Correct)nlifts=3_liveness_1_2.dzn,0.372145832,0.356,3988,0,1.005781889,0.984122958,1,0.84836669,0.818548209,1,8548,0,3884,0.820098853,0.798657958,1,3884,30.17186379,30.15141217,1,4405,0.810835612,0.790966209,1,3884,30.06218767,30.04192238,1,4405,30.00317478,29.98353383,1,4405,SAT,SAT,SAT,SAT,SAT,SAT,SAT,SAT
Lift_(Correct)nlifts=3_liveness_2_1.dzn,0.165732849,0.101,2173,0,0.232169282,0.143540125,1,0.184867167,0.111110166,1,6318,0,2146,0.184114218,0.1180745,1,2146,6.188474178,6.170881,7,2336,0.190461135,0.144829667,1,2146,6.096567869,6.075870833,7,2336,6.180220842,6.161054208,7,2336,SAT,SAT,SAT,SAT,SAT,SAT,SAT,SAT
Lift_(Correct)nlifts=3_liveness_2_2.dzn,0.175630033,0.15,2173,0,0.235987115,0.219696625,1,0.191484797,0.168914625,1,6318,0,2146,0.209263504,0.1763545,1,2146,6.551691055,6.532527916,7,2336,0.206075728,0.191300875,1,2146,6.518076897,6.496158125,7,2336,6.527280092,6.504565625,7,2336,SAT,SAT,SAT,SAT,SAT,SAT,SAT,SAT
Lift_(Correct)nlifts=3_nodeadlock.dzn,0.128832233,0.098,1207,0,0.235420811,0.221374917,1,0.204263556,0.194853292,1,4235,0,1103,0.228566241,0.199426333,1,1103,10.23477411,10.21810208,1,2008,0.237183654,0.196799416,1,1103,10.52809811,10.51102167,1,2008,10.2150259,10.19930404,1,2008,SAT,SAT,SAT,SAT,SAT,SAT,SAT,SAT
Lift_(Correct)nlifts=3_safety_1.dzn,0.1350353,0.102,1319,0,0.259571218,0.2603115,1,0.223318923,0.227277875,1,3942,0,1215,0.232146728,0.229782083,1,1215,8.077163935,8.062349958,1,1870,0.225068557,0.219825792,1,1215,7.980772257,7.966132958,1,1870,7.913644075,7.896997375,1,1870,SAT,SAT,SAT,SAT,SAT,SAT,SAT,SAT
Lift_(Correct)nlifts=3_safety_2_1.dzn,0.076744223,0.05,659,0,0.127541685,0.107729792,1,0.109111309,0.087407542,1,2048,0,562,0.10486604,0.078986416,1,562,3.072519779,3.055993791,3,1552,0.105682552,0.087442333,1,562,3.033061981,3.011969959,3,1552,3.043081284,3.02776625,3,1552,SAT,SAT,SAT,SAT,SAT,SAT,SAT,SAT
Lift_(Correct)nlifts=3_safety_2_2.dzn,0.073446941,0.05,659,0,0.121280038,0.103096291,1,0.107551134,0.090394541,1,2048,0,562,0.108445537,0.082476542,1,562,2.985961914,2.970988375,3,1552,0.104780018,0.08896375,1,562,2.993907928,2.977114542,3,1552,3.000454903,2.984134125,3,1552,SAT,SAT,SAT,SAT,SAT,SAT,SAT,SAT
Lift_(Correct)nlifts=4_liveness_1_1.dzn,18.74416709,18.698,52688,0,64.25366712,64.12367238,1,51.68676805,51.56953733,1,107190,0,52518,52.55889702,52.43519292,1,52518,180,,,,51.79352236,51.65980088,1,52518,180,,,,180,,,,SAT,TIMEOUT,SAT,TIMEOUT,TIMEOUT,SAT,SAT,SAT
Lift_(Correct)nlifts=4_liveness_1_2.dzn,17.82175994,17.775,52688,0,64.54205799,64.41554167,1,51.40455294,51.28957908,1,107190,0,52518,76.73941517,76.56840163,1,52518,180,,,,80.60626483,80.42540658,1,52518,180,,,,180,,,,SAT,TIMEOUT,SAT,TIMEOUT,TIMEOUT,SAT,SAT,SAT
Lift_(Correct)nlifts=4_liveness_2_1.dzn,1.514608145,1.493,14092,0,7.188737154,7.132212333,1,5.409780025,5.353035458,1,44712,0,14023,5.242900133,5.190704041,1,14023,180,,,,5.416368246,5.348893291,1,14023,180,,,,180,,,,SAT,TIMEOUT,SAT,TIMEOUT,TIMEOUT,SAT,SAT,SAT
Lift_(Correct)nlifts=4_liveness_2_2.dzn,2.347898245,2.318,14092,0,7.146160126,7.092054084,1,5.40905571,5.358963459,1,44712,0,14023,5.325723886,5.269095541,1,14023,180,,,,5.508694172,5.449186708,1,14023,180,,,,180,,,,SAT,TIMEOUT,SAT,TIMEOUT,TIMEOUT,SAT,SAT,SAT
Lift_(Correct)nlifts=4_nodeadlock.dzn,1.193431854,1.165,6778,0,4.698127031,4.633561542,1,3.966894865,3.904414375,1,53552,0,6608,3.908795118,3.84155675,1,6608,180,,,,3.866673231,3.813983959,1,6608,180,,,,180,,,,SAT,TIMEOUT,SAT,TIMEOUT,TIMEOUT,SAT,SAT,SAT
Lift_(Correct)nlifts=4_safety_1.dzn,1.612607956,1.588,7271,0,4.69150877,4.630507542,1,4.020475149,3.97197575,1,51133,0,7101,3.54817009,3.501029292,1,7101,180,,,,4.039112806,3.991352792,1,7101,180,,,,180,,,,SAT,TIMEOUT,SAT,TIMEOUT,TIMEOUT,SAT,SAT,SAT
Lift_(Correct)nlifts=4_safety_2_1.dzn,0.534958959,0.497,2833,0,1.101370096,1.068857334,1,0.899532485,0.883739167,1,18539,0,2670,0.881572247,0.841582417,1,2670,180,,,,0.875991344,0.845723333,1,2670,180,,,,180,,,,SAT,TIMEOUT,SAT,TIMEOUT,TIMEOUT,SAT,SAT,SAT
Lift_(Correct)nlifts=4_safety_2_2.dzn,0.524968696,0.516,2833,0,1.047497034,1.015863417,1,0.884643924,0.855691375,1,18539,0,2670,0.858425856,0.844238125,1,2670,180,,,,0.864182246,0.825436959,1,2670,180,,,,180,,,,SAT,TIMEOUT,SAT,TIMEOUT,TIMEOUT,SAT,SAT,SAT
Lift_(Incorrect)nlifts=2_liveness_1_1.dzn,0.032905173,0.018,1,1,0.013892174,0.001146583,1,0.013208508,0.000610042,1,,,,0.016905427,0.000490167,1,,0.015749013,0.00067475,1,,0.016776204,0.000674208,1,,0.016202295,0.000666834,1,,0.014871824,0.000681791,1,,UNSAT,UNSAT,UNSAT,UNSAT,UNSAT,UNSAT,UNSAT,UNSAT
Lift_(Incorrect)nlifts=2_liveness_1_2.dzn,0.036219895,0.021,1,1,0.013312006,0.000812916,1,0.012986612,0.000595625,1,,,,0.01347729,0.000361417,1,,0.012917423,0.000609666,1,,0.012491667,0.000624958,1,,0.0127545,0.000613167,1,,0.012769377,0.000616375,1,,UNSAT,UNSAT,UNSAT,UNSAT,UNSAT,UNSAT,UNSAT,UNSAT
Lift_(Incorrect)nlifts=2_liveness_2_1.dzn,0.024052346,0.01,402,0,0.017552602,0.005955333,1,0.015303504,0.00370075,1,872,0,314,0.015940082,0.003723125,1,314,0.043636048,0.032129375,18,637,0.01529299,0.002668041,1,314,0.045971751,0.030906333,18,637,0.056058347,0.0448435,18,637,SAT,SAT,SAT,SAT,SAT,SAT,SAT,SAT
Lift_(Incorrect)nlifts=2_liveness_2_2.dzn,0.025133121,0.01,402,0,0.01746316,0.005946625,1,0.015513217,0.002573042,1,872,0,314,0.015385473,0.002752292,1,314,0.044193196,0.033000916,18,639,0.015660608,0.003737833,1,314,0.046284962,0.03193675,18,639,0.059237933,0.041120042,18,639,SAT,SAT,SAT,SAT,SAT,SAT,SAT,SAT
Lift_(Incorrect)nlifts=2_nodeadlock.dzn,0.023044837,0.008,1,1,0.012329185,0.000369792,1,0.011865258,0.000217833,1,,,,0.011951995,0.000220125,1,,0.011882854,0.000320333,1,,0.01214627,0.000318083,1,,0.012028098,0.000323959,1,,0.011908817,0.000324125,1,,UNSAT,UNSAT,UNSAT,UNSAT,UNSAT,UNSAT,UNSAT,UNSAT
Lift_(Incorrect)nlifts=2_safety_1.dzn,0.026242042,0.007,210,0,0.015412307,0.002991583,1,0.014276052,0.002513541,1,753,0,180,0.014732957,0.002120458,1,180,0.043270981,0.031019791,1,556,0.014778841,0.002535417,1,180,0.04392432,0.031497417,1,556,0.044988561,0.031056667,1,556,SAT,SAT,SAT,SAT,SAT,SAT,SAT,SAT
Lift_(Incorrect)nlifts=2_safety_2_1.dzn,0.019662154,0.006,147,0,0.01382494,0.002013334,1,0.013068199,0.001054375,1,477,0,125,0.012858617,0.001194417,1,125,0.027434659,0.015385084,3,449,0.013363659,0.001500084,1,125,0.027983117,0.013683375,3,449,0.027663636,0.015910375,3,449,SAT,SAT,SAT,SAT,SAT,SAT,SAT,SAT
Lift_(Incorrect)nlifts=2_safety_2_2.dzn,0.019854105,0.006,147,0,0.013449073,0.0020145,1,0.0128227,0.001388084,1,477,0,125,0.014030862,0.001052417,1,125,0.026187789,0.012228,3,449,0.012872601,0.001489125,1,125,0.025912666,0.014668666,3,449,0.026079881,0.014566833,3,449,SAT,SAT,SAT,SAT,SAT,SAT,SAT,SAT
Lift_(Incorrect)nlifts=3_liveness_1_1.dzn,1.275151193,0.784,1,1,0.111552918,0.048670666,1,0.274801862,0.213103625,1,,,,0.280334461,0.139087833,1,,0.286072803,0.211439667,1,,0.278828454,0.209196292,1,,0.276539326,0.238357166,1,,0.282160616,0.216378375,1,,UNSAT,UNSAT,UNSAT,UNSAT,UNSAT,UNSAT,UNSAT,UNSAT
Lift_(Incorrect)nlifts=3_liveness_1_2.dzn,1.312338829,1.272,1,1,0.113496733,0.0524175,1,0.275024116,0.223813291,1,,,,0.278903306,0.223280958,1,,0.279933453,0.206045,1,,0.276286829,0.206595959,1,,0.284397364,0.247066417,1,,0.280363667,0.226099042,1,,UNSAT,UNSAT,UNSAT,UNSAT,UNSAT,UNSAT,UNSAT,UNSAT
Lift_(Incorrect)nlifts=3_liveness_2_1.dzn,0.49001143,0.298,8177,0,1.091229415,0.917775083,1,0.62125901,0.603964125,1,13211,0,6509,0.604677653,0.526148875,1,6509,7.783315182,7.756318875,274,7462,0.607300067,0.560727375,1,6509,7.735834122,7.710452708,274,7462,8.112293959,8.077076208,274,7462,SAT,SAT,SAT,SAT,SAT,SAT,SAT,SAT
Lift_(Incorrect)nlifts=3_liveness_2_2.dzn,0.480329251,0.289,8152,0,1.081700158,0.729576792,1,0.624088347,0.555244875,1,13211,0,6484,0.958915865,0.705728333,1,6484,12.11330509,12.07648963,273,7468,0.953617501,0.899789708,1,6484,12.20444798,12.17143454,273,7468,12.29588103,12.25629775,273,7468,SAT,SAT,SAT,SAT,SAT,SAT,SAT,SAT
Lift_(Incorrect)nlifts=3_nodeadlock.dzn,0.655779183,0.617,1,1,0.055761993,0.019076708,1,0.091540992,0.059258875,1,,,,0.089784598,0.047871959,1,,0.089986885,0.058540667,1,,0.089785469,0.049688417,1,,0.093224454,0.0577745,1,,0.09275434,0.060102958,1,,UNSAT,UNSAT,UNSAT,UNSAT,UNSAT,UNSAT,UNSAT,UNSAT
Lift_(Incorrect)nlifts=3_safety_1.dzn,0.774758649,0.469,5286,0,1.293090105,1.25523975,1,1.138122797,1.099330792,1,26985,0,4824,1.270428669,0.85798825,1,4824,63.07637405,63.03926071,1,21994,1.240442991,1.202171209,1,4824,63.12207699,63.07756388,1,21994,63.27848482,63.23911325,1,21994,SAT,SAT,SAT,SAT,SAT,SAT,SAT,SAT
Lift_(Incorrect)nlifts=3_safety_2_1.dzn,0.266083419,0.216,2827,0,0.405648541,0.37887475,1,0.281340969,0.245291458,1,11967,0,2558,0.277321482,0.248884958,1,2558,11.55646896,11.53914017,3,11606,0.292928362,0.2692885,1,2558,11.44451618,11.43332267,3,11606,11.66858697,11.64670638,3,11606,SAT,SAT,SAT,SAT,SAT,SAT,SAT,SAT
Lift_(Incorrect)nlifts=3_safety_2_2.dzn,0.288440156,0.253,2827,0,0.456816435,0.423728042,1,0.320222998,0.272503125,1,11967,0,2558,0.434171844,0.384876083,1,2558,17.5654211,17.53752629,3,11606,0.436499047,0.402992708,1,2558,17.34906793,17.32432171,3,11606,17.36069083,17.3288795,3,11606,SAT,SAT,SAT,SAT,SAT,SAT,SAT,SAT
Lift_(Incorrect)nlifts=4_liveness_1_1.dzn,48.86192322,48.24,1,1,3.564745903,1.645459209,1,180,,,,,,180,,,,180,,,,180,,,,180,,,,180,,,,UNSAT,TIMEOUT,TIMEOUT,TIMEOUT,TIMEOUT,TIMEOUT,UNSAT,TIMEOUT
Lift_(Incorrect)nlifts=4_liveness_1_2.dzn,47.86688209,47.264,1,1,3.444472075,1.587382333,1,180,,,,,,180,,,,180,,,,180,,,,180,,,,180,,,,UNSAT,TIMEOUT,TIMEOUT,TIMEOUT,TIMEOUT,TIMEOUT,UNSAT,TIMEOUT
Lift_(Incorrect)nlifts=4_liveness_2_1.dzn,24.07997584,24.02,89535,0,119.9339149,119.7916558,1,73.80639482,73.66634258,1,134150,0,74016,71.19097805,71.05772013,1,74016,180,,,,71.24157596,71.11037817,1,74016,180,,,,180,,,,SAT,TIMEOUT,SAT,TIMEOUT,TIMEOUT,SAT,SAT,SAT
Lift_(Incorrect)nlifts=4_liveness_2_2.dzn,21.43821216,21.384,89233,0,116.233954,116.092412,1,70.84900093,70.71878775,1,134150,0,73714,74.26030517,74.13811938,1,73714,180,,,,76.24879909,76.092371,1,73714,180,,,,180,,,,SAT,TIMEOUT,SAT,TIMEOUT,TIMEOUT,SAT,SAT,SAT
Lift_(Incorrect)nlifts=4_nodeadlock.dzn,22.84842896,22.491,1,1,1.501796246,0.6553955,1,49.20300198,48.45395146,1,,,,49.12944508,48.40981642,1,,49.12609601,48.36226867,1,,49.38333178,48.66386004,1,,48.99512506,48.26418621,1,,49.18508315,48.46930746,1,,UNSAT,UNSAT,UNSAT,UNSAT,UNSAT,UNSAT,UNSAT,UNSAT
Lift_(Incorrect)nlifts=4_safety_1.dzn,145.4848678,145.237,85625,0,180,,,180,,,,,,180,,,,180,,,,180,,,,180,,,,180,,,,SAT,TIMEOUT,TIMEOUT,TIMEOUT,TIMEOUT,TIMEOUT,TIMEOUT,TIMEOUT
Lift_(Incorrect)nlifts=4_safety_2_1.dzn,69.65045309,69.628,42469,0,1125.038755,169.32716,1,82.54746413,82.33612671,1,267367,0,40620,151.8062739,151.4344289,1,40620,180,,,,151.3653841,150.9688267,1,40620,180,,,,180,,,,SAT,TIMEOUT,SAT,TIMEOUT,TIMEOUT,SAT,SAT,SAT
Lift_(Incorrect)nlifts=4_safety_2_2.dzn,20.78314209,20.704,42469,0,118.1705041,117.8658236,1,97.28924322,97.04125258,1,267367,0,40620,101.7954772,101.5392019,1,40620,180,,,,103.2348838,102.9698989,1,40620,180,,,,180,,,,SAT,TIMEOUT,SAT,TIMEOUT,TIMEOUT,SAT,SAT,SAT
LTMucalcBinaryCountern=1.dzn,0.012936449,0,14,0,0.011401331,,,0.011330903,,,,,,0.010934961,,,,0.011138594,,,,0.010972691,,,,0.01108377,,,,0.011184156,,,,SAT,UNKNOWN,UNKNOWN,UNKNOWN,UNKNOWN,UNKNOWN,UNKNOWN,UNKNOWN
LTMucalcBinaryCountern=1_compact.dzn,0.012633812,0,7,0,0.011149728,,,0.011470413,,,,,,0.010982585,,,,0.010889947,,,,0.011220026,,,,0.010894346,,,,0.010955441,,,,SAT,UNKNOWN,UNKNOWN,UNKNOWN,UNKNOWN,UNKNOWN,UNKNOWN,UNKNOWN
LTMucalcBinaryCountern=2.dzn,0.013949084,0.001,86,0,0.011177063,,,0.011108351,,,,,,0.011024785,,,,0.01136477,,,,0.010906172,,,,0.011002874,,,,0.010655916,,,,SAT,UNKNOWN,UNKNOWN,UNKNOWN,UNKNOWN,UNKNOWN,UNKNOWN,UNKNOWN
LTMucalcBinaryCountern=2_compact.dzn,0.012694907,0.001,15,0,0.011281836,,,0.011288261,,,,,,0.011223841,,,,0.011086416,,,,0.010899913,,,,0.01118834,,,,0.011232328,,,,SAT,UNKNOWN,UNKNOWN,UNKNOWN,UNKNOWN,UNKNOWN,UNKNOWN,UNKNOWN
LTMucalcBinaryCountern=3.dzn,0.018587971,0.004,334,0,0.011210227,,,0.011301446,,,,,,0.010934305,,,,0.011193705,,,,0.010938418,,,,0.011048269,,,,0.01101805,,,,SAT,UNKNOWN,UNKNOWN,UNKNOWN,UNKNOWN,UNKNOWN,UNKNOWN,UNKNOWN
LTMucalcBinaryCountern=3_compact.dzn,0.013444531,0.001,30,0,0.011507916,,,0.011364388,,,,,,0.010897148,,,,0.012040067,,,,0.011567008,,,,0.012222087,,,,0.011848843,,,,SAT,UNKNOWN,UNKNOWN,UNKNOWN,UNKNOWN,UNKNOWN,UNKNOWN,UNKNOWN
LTMucalcBinaryCountern=4.dzn,0.027854586,0.013,970,0,0.011417627,,,0.011197162,,,,,,0.011079597,,,,0.01127125,,,,0.011103797,,,,0.011471128,,,,0.011259341,,,,SAT,UNKNOWN,UNKNOWN,UNKNOWN,UNKNOWN,UNKNOWN,UNKNOWN,UNKNOWN
LTMucalcBinaryCountern=4_compact.dzn,0.014288783,0.001,65,0,0.011483324,,,0.010706031,,,,,,0.011465871,,,,0.011349511,,,,0.011310554,,,,0.01114527,,,,0.011298835,,,,SAT,UNKNOWN,UNKNOWN,UNKNOWN,UNKNOWN,UNKNOWN,UNKNOWN,UNKNOWN
LTMucalcBinaryCountern=5.dzn,0.064074647,0.038,2443,0,0.011956608,,,0.011490786,,,,,,0.011397696,,,,0.011684239,,,,0.012062502,,,,0.011402476,,,,0.011545634,,,,SAT,UNKNOWN,UNKNOWN,UNKNOWN,UNKNOWN,UNKNOWN,UNKNOWN,UNKNOWN
LTMucalcBinaryCountern=5_compact.dzn,0.016401076,0.002,148,0,0.011405087,,,0.011229897,,,,,,0.011177623,,,,0.01145345,,,,0.010932207,,,,0.011115229,,,,0.010915196,,,,SAT,UNKNOWN,UNKNOWN,UNKNOWN,UNKNOWN,UNKNOWN,UNKNOWN,UNKNOWN
LTMucalcBinaryCountern=6.dzn,0.206768501,0.118,5837,0,0.014872468,,,0.011606395,,,,,,0.012139082,,,,0.012165475,,,,0.011834908,,,,0.01197654,,,,0.012026966,,,,SAT,UNKNOWN,UNKNOWN,UNKNOWN,UNKNOWN,UNKNOWN,UNKNOWN,UNKNOWN
LTMucalcBinaryCountern=6_compact.dzn,0.020475399,0.005,332,0,0.011318064,,,0.01138823,,,,,,0.011260068,,,,0.01107564,,,,0.011111748,,,,0.010940063,,,,0.011112511,,,,SAT,UNKNOWN,UNKNOWN,UNKNOWN,UNKNOWN,UNKNOWN,UNKNOWN,UNKNOWN
LTMucalcBinaryCountern=7.dzn,0.697759414,0.664,13687,0,0.014459014,,,0.013766038,,,,,,0.013369226,,,,0.013107538,,,,0.013313234,,,,0.013394487,,,,0.013463712,,,,SAT,UNKNOWN,UNKNOWN,UNKNOWN,UNKNOWN,UNKNOWN,UNKNOWN,UNKNOWN
LTMucalcBinaryCountern=7_compact.dzn,0.028430021,0.013,778,0,0.011345565,,,0.011286628,,,,,,0.011155522,,,,0.011418891,,,,0.012258601,,,,0.012098086,,,,0.011411047,,,,SAT,UNKNOWN,UNKNOWN,UNKNOWN,UNKNOWN,UNKNOWN,UNKNOWN,UNKNOWN
LTMucalcBinaryCountern=8.dzn,2.08091712,2.062,32233,0,0.017353475,,,0.016528273,,,,,,0.017317307,,,,0.017105603,,,,0.017049813,,,,0.017037451,,,,0.016493464,,,,SAT,UNKNOWN,UNKNOWN,UNKNOWN,UNKNOWN,UNKNOWN,UNKNOWN,UNKNOWN
LTMucalcBinaryCountern=8_compact.dzn,0.060488033,0.036,1794,0,0.011725092,,,0.011847723,,,,,,0.011406028,,,,0.011471236,,,,0.011545646,,,,0.011383319,,,,0.011489975,,,,SAT,UNKNOWN,UNKNOWN,UNKNOWN,UNKNOWN,UNKNOWN,UNKNOWN,UNKNOWN
modelcheckerladder(100).dzn,180,,,,180,,,180,,,,,,180,,,,180,,,,180,,,,180,,,,180,,,,TIMEOUT,TIMEOUT,TIMEOUT,TIMEOUT,TIMEOUT,TIMEOUT,TIMEOUT,TIMEOUT
modelcheckerladder(1000).dzn,180,,,,180,,,180,,,,,,180,,,,180,,,,180,,,,180,,,,180,,,,TIMEOUT,TIMEOUT,TIMEOUT,TIMEOUT,TIMEOUT,TIMEOUT,TIMEOUT,TIMEOUT
modelcheckerladder(10000).dzn,180,,,,180,,,0.183085012,,,,,,0.199240243,,,,0.204105985,,,,0.20376327,,,,0.201130068,,,,0.204610682,,,,TIMEOUT,UNKNOWN,UNKNOWN,UNKNOWN,UNKNOWN,UNKNOWN,TIMEOUT,UNKNOWN
modelcheckerladder(200).dzn,180,,,,180,,,180,,,,,,180,,,,180,,,,180,,,,180,,,,180,,,,TIMEOUT,TIMEOUT,TIMEOUT,TIMEOUT,TIMEOUT,TIMEOUT,TIMEOUT,TIMEOUT
modelcheckerladder(2000).dzn,180,,,,180,,,180,,,,,,180,,,,180,,,,180,,,,180,,,,180,,,,TIMEOUT,TIMEOUT,TIMEOUT,TIMEOUT,TIMEOUT,TIMEOUT,TIMEOUT,TIMEOUT
modelcheckerladder(20000).dzn,4.934525013,,,,180,,,0.687180924,,,,,,0.679204094,,,,0.681735921,,,,0.671842742,,,,0.67812587,,,,0.67627064,,,,UNKNOWN,UNKNOWN,UNKNOWN,UNKNOWN,UNKNOWN,UNKNOWN,TIMEOUT,UNKNOWN
modelcheckerladder(500).dzn,180,,,,180,,,180,,,,,,180,,,,180,,,,180,,,,180,,,,180,,,,TIMEOUT,TIMEOUT,TIMEOUT,TIMEOUT,TIMEOUT,TIMEOUT,TIMEOUT,TIMEOUT
modelcheckerladder(5000).dzn,180,,,,180,,,180,,,,,,180,,,,180,,,,180,,,,180,,,,180,,,,TIMEOUT,TIMEOUT,TIMEOUT,TIMEOUT,TIMEOUT,TIMEOUT,TIMEOUT,TIMEOUT
MuCalcLimitClosurephi=p_n=0.dzn,0.012535703,0,16,0,0.01136086,,,0.011035728,,,,,,0.011161244,,,,0.010856545,,,,0.011127722,,,,0.011107719,,,,0.011634874,,,,SAT,UNKNOWN,UNKNOWN,UNKNOWN,UNKNOWN,UNKNOWN,UNKNOWN,UNKNOWN
MuCalcLimitClosurephi=p_n=0_compact.dzn,0.012827229,0,8,0,0.011256766,,,0.011310947,,,,,,0.011143529,,,,0.011130321,,,,0.010854077,,,,0.011007106,,,,0.010832727,,,,SAT,UNKNOWN,UNKNOWN,UNKNOWN,UNKNOWN,UNKNOWN,UNKNOWN,UNKNOWN
Nestern=1.dzn,0.012961912,0.001,22,0,0.011323917,,,0.011060929,,,,,,0.01085757,,,,0.011308038,,,,0.010782194,,,,0.010972667,,,,0.011076438,,,,SAT,UNKNOWN,UNKNOWN,UNKNOWN,UNKNOWN,UNKNOWN,UNKNOWN,UNKNOWN
Nestern=1_compact.dzn,0.012521064,0.001,12,0,0.011280751,,,0.011210108,,,,,,0.010938311,,,,0.010722315,,,,0.011031461,,,,0.010926306,,,,0.010990465,,,,SAT,UNKNOWN,UNKNOWN,UNKNOWN,UNKNOWN,UNKNOWN,UNKNOWN,UNKNOWN
Nestern=2.dzn,0.022673738,0.004,365,0,0.011870134,,,0.011292791,,,,,,0.012838221,,,,0.011121416,,,,0.011054468,,,,0.010952759,,,,0.011418235,,,,SAT,UNKNOWN,UNKNOWN,UNKNOWN,UNKNOWN,UNKNOWN,UNKNOWN,UNKNOWN
Nestern=2_compact.dzn,0.017365241,0.003,191,0,0.011316824,,,0.011383343,,,,,,0.010966873,,,,0.011026525,,,,0.011329043,,,,0.010826051,,,,0.01116327,,,,SAT,UNKNOWN,UNKNOWN,UNKNOWN,UNKNOWN,UNKNOWN,UNKNOWN,UNKNOWN
Nestern=3.dzn,0.080368686,0.049,3029,0,0.012262964,,,0.011655259,,,,,,0.011324358,,,,0.011543512,,,,0.011375558,,,,0.011675084,,,,0.011708319,,,,SAT,UNKNOWN,UNKNOWN,UNKNOWN,UNKNOWN,UNKNOWN,UNKNOWN,UNKNOWN
Nestern=3_compact.dzn,0.063884473,0.044,1562,0,0.012250483,,,0.011646056,,,,,,0.012162673,,,,0.011432385,,,,0.011456513,,,,0.011576116,,,,0.011339009,,,,SAT,UNKNOWN,UNKNOWN,UNKNOWN,UNKNOWN,UNKNOWN,UNKNOWN,UNKNOWN
Nestern=4.dzn,0.714987588,0.65,14053,0,0.016793132,,,0.013462412,,,,,,0.01326499,,,,0.013280094,,,,0.013266098,,,,0.013363004,,,,0.01345135,,,,SAT,UNKNOWN,UNKNOWN,UNKNOWN,UNKNOWN,UNKNOWN,UNKNOWN,UNKNOWN
Nestern=4_compact.dzn,0.3207111,0.204,6817,0,0.013405001,,,0.012616634,,,,,,0.012814438,,,,0.012708342,,,,0.012818062,,,,0.013215685,,,,0.012806332,,,,SAT,UNKNOWN,UNKNOWN,UNKNOWN,UNKNOWN,UNKNOWN,UNKNOWN,UNKNOWN
Nestern=5.dzn,5.722887039,5.699,62707,0,0.022825217,,,0.020500863,,,,,,0.020472753,,,,0.020005929,,,,0.020412934,,,,0.020320582,,,,0.020730925,,,,SAT,UNKNOWN,UNKNOWN,UNKNOWN,UNKNOWN,UNKNOWN,UNKNOWN,UNKNOWN
Nestern=5_compact.dzn,2.749819994,2.726,29335,0,0.021545386,,,0.019298828,,,,,,0.019144821,,,,0.018272841,,,,0.018738639,,,,0.018152809,,,,0.0184389,,,,SAT,UNKNOWN,UNKNOWN,UNKNOWN,UNKNOWN,UNKNOWN,UNKNOWN,UNKNOWN
Nestern=6.dzn,140.0808461,140.031,259455,0,0.06195451,,,0.055413723,,,,,,0.04768362,,,,0.055324626,,,,0.058281147,,,,0.061162543,,,,0.056708932,,,,SAT,UNKNOWN,UNKNOWN,UNKNOWN,UNKNOWN,UNKNOWN,UNKNOWN,UNKNOWN
Nestern=6_compact.dzn,27.51560211,27.475,110328,0,0.03972398,,,0.036095667,,,,,,0.036512768,,,,0.036676764,,,,0.036981559,,,,0.036820829,,,,0.0367468,,,,SAT,UNKNOWN,UNKNOWN,UNKNOWN,UNKNOWN,UNKNOWN,UNKNOWN,UNKNOWN
Nestern=7.dzn,180,,,,0.195796371,,,0.202384424,,,,,,0.20335623,,,,0.203681958,,,,0.206393683,,,,0.205839944,,,,0.205619502,,,,TIMEOUT,UNKNOWN,UNKNOWN,UNKNOWN,UNKNOWN,UNKNOWN,UNKNOWN,UNKNOWN
Nestern=7_compact.dzn,180,,,,0.14365505,,,0.144483161,,,,,,0.143616819,,,,0.148273635,,,,0.147880375,,,,0.147236216,,,,0.148013723,,,,TIMEOUT,UNKNOWN,UNKNOWN,UNKNOWN,UNKNOWN,UNKNOWN,UNKNOWN,UNKNOWN
Onebit_SWP_(datasize=2_capacity=1_windowsize=1)eq=strong-bisim.dzn,180,,,,180,,,180,,,,,,180,,,,180,,,,180,,,,180,,,,180,,,,TIMEOUT,TIMEOUT,TIMEOUT,TIMEOUT,TIMEOUT,TIMEOUT,TIMEOUT,TIMEOUT
Onebit_SWP_(datasize=3_capacity=1_windowsize=1)eq=strong-bisim.dzn,180,,,,180,,,180,,,,,,180,,,,180,,,,180,,,,180,,,,180,,,,TIMEOUT,TIMEOUT,TIMEOUT,TIMEOUT,TIMEOUT,TIMEOUT,TIMEOUT,TIMEOUT
Onebitdatasize=2_infinitely_often_enabled_then_infinitely_often_taken.dzn,180,,,,180,,,180,,,,,,180,,,,180,,,,180,,,,180,,,,180,,,,TIMEOUT,TIMEOUT,TIMEOUT,TIMEOUT,TIMEOUT,TIMEOUT,TIMEOUT,TIMEOUT
Onebitdatasize=2_infinitely_often_read_write.dzn,17.778579,17.718,80370,0,164.323523,164.1282117,1,119.9133701,119.7625285,1,170747,0,80360,180,,,,180,,,,180,,,,180,,,,180,,,,SAT,TIMEOUT,TIMEOUT,TIMEOUT,TIMEOUT,SAT,SAT,TIMEOUT
Onebitdatasize=2_infinitely_often_receive_d1.dzn,1.81056118,1.768,1,1,0.208153176,0.111037792,1,0.413198793,0.317377792,1,,,,0.411391521,0.308077542,1,,0.41645031,0.301564416,1,,0.412091875,0.302231334,1,,0.411063814,0.290038625,1,,0.405275202,0.273936042,1,,UNSAT,UNSAT,UNSAT,UNSAT,UNSAT,UNSAT,UNSAT,UNSAT
Onebitdatasize=2_infinitely_often_receive_for_all_d.dzn,3.737641811,3.674,1,1,0.407039499,0.225342375,1,1.33348012,1.111598125,1,,,,1.341535091,1.135443959,1,,1.336519241,1.126970417,1,,1.368871927,1.161621417,1,,1.323654175,1.1208045,1,,1.371465921,1.154086334,1,,UNSAT,UNSAT,UNSAT,UNSAT,UNSAT,UNSAT,UNSAT,UNSAT
Onebitdatasize=2_invariantly_infinitely_many_reachable_taus.dzn,17.46504378,17.378,46889,0,133.0274651,132.7694917,1,113.671102,113.4005464,1,245758,0,46873,113.9009817,113.66735,1,46873,180,,,,112.2123332,111.9618745,1,46873,180,,,,180,,,,SAT,TIMEOUT,SAT,TIMEOUT,TIMEOUT,SAT,SAT,SAT
Onebitdatasize=2_message_can_be_lost_infinitely_often.dzn,3.217724085,3.166,1,1,0.286090815,0.089275417,1,1.146789074,0.9691675,1,,,,1.165814877,0.981343666,1,,1.151995182,0.957291917,1,,1.139406204,0.951868791,1,,1.165941,0.968698208,1,,1.223712683,1.014497833,1,,UNSAT,UNSAT,UNSAT,UNSAT,UNSAT,UNSAT,UNSAT,UNSAT
Onebitdatasize=2_messages_can_be_overtaken.dzn,3.384094954,3.327,1,1,0.330749655,0.1554335,1,1.228668928,1.041934084,1,,,,1.261991262,1.058753834,1,,1.243587971,1.046813792,1,,1.301124096,1.091383834,1,,1.2577672,1.054361459,1,,1.283677816,1.075568416,1,,UNSAT,UNSAT,UNSAT,UNSAT,UNSAT,UNSAT,UNSAT,UNSAT
Onebitdatasize=2_messages_read_are_inevitably_sent.dzn,9.791815996,9.733,24640,0,15.24757314,15.10314175,1,32.06008983,31.92413796,1,153982,0,24624,30.25398302,30.13576567,1,24624,180,,,,31.4209857,31.27349288,1,24624,180,,,,180,,,,SAT,TIMEOUT,SAT,TIMEOUT,TIMEOUT,SAT,SAT,SAT
Onebitdatasize=2_no_duplication_of_messages.dzn,21.75445414,21.666,43351,0,115.6201739,115.3400035,1,101.4121442,101.1971646,1,258047,0,43335,100.666177,100.422514,1,43335,180,,,,105.9070039,105.6680749,1,43335,180,,,,180,,,,SAT,TIMEOUT,SAT,TIMEOUT,TIMEOUT,SAT,SAT,SAT
Onebitdatasize=2_no_generation_of_messages.dzn,1.376123905,1.352,9796,0,6.536380291,6.467393292,1,5.522387981,5.453841875,1,65502,0,9783,8.160048962,8.068545292,1,9783,180,,,,8.117127895,8.016532792,1,9783,180,,,,180,,,,SAT,TIMEOUT,SAT,TIMEOUT,TIMEOUT,SAT,SAT,SAT
Onebitdatasize=2_no_spontaneous_messages.dzn,10.41119003,10.348,27312,0,57.53703189,57.35033875,1,51.98868775,51.82679283,1,185086,0,27294,334.6393867,72.38765692,1,27294,180,,,,43.88273001,43.72962621,1,27294,180,,,,180,,,,SAT,TIMEOUT,SAT,TIMEOUT,TIMEOUT,SAT,SAT,SAT
Onebitdatasize=2_nodeadlock.dzn,3.173313141,3.134,12488,0,11.33692622,11.24588808,1,8.861906767,8.780391125,1,81918,0,12472,8.451889753,8.37045025,1,12472,180,,,,8.620260954,8.533998333,1,12472,180,,,,180,,,,SAT,TIMEOUT,SAT,TIMEOUT,TIMEOUT,SAT,SAT,SAT
Onebitdatasize=2_read_then_eventually_send.dzn,5.911952972,5.81,1,1,0.417741728,0.182826833,1,3.953396082,3.747949333,1,,,,3.381728888,3.243227,1,,3.455712795,3.26715675,1,,3.036687851,2.870657917,1,,3.890318155,3.715392625,1,,3.832406998,3.650519916,1,,UNSAT,UNSAT,UNSAT,UNSAT,UNSAT,UNSAT,UNSAT,UNSAT
Onebitdatasize=3_infinitely_often_enabled_then_infinitely_often_taken.dzn,180,,,,180,,,180,,,,,,180,,,,180,,,,180,,,,180,,,,180,,,,TIMEOUT,TIMEOUT,TIMEOUT,TIMEOUT,TIMEOUT,TIMEOUT,TIMEOUT,TIMEOUT
Onebitdatasize=3_infinitely_often_read_write.dzn,180,,,,180,,,180,,,,,,180,,,,180,,,,180,,,,180,,,,180,,,,TIMEOUT,TIMEOUT,TIMEOUT,TIMEOUT,TIMEOUT,TIMEOUT,TIMEOUT,TIMEOUT
Onebitdatasize=3_infinitely_often_receive_d1.dzn,6.658012867,6.553,1,1,0.710049963,0.408108708,1,4.105051279,3.759756709,1,,,,4.313387632,3.925038417,1,,4.291762114,3.892490042,1,,4.361119986,3.954930834,1,,4.285876036,3.893778709,1,,4.216098785,3.832212958,1,,UNSAT,UNSAT,UNSAT,UNSAT,UNSAT,UNSAT,UNSAT,UNSAT
Onebitdatasize=3_infinitely_often_receive_for_all_d.dzn,21.15535212,20.877,1,1,2.135509014,1.2640835,1,45.7944479,44.69500088,1,,,,46.03929019,45.00728788,1,,45.88003111,44.75830521,1,,45.79709101,44.71495217,1,,45.85981512,44.76371779,1,,46.18544197,45.13407067,1,,UNSAT,UNSAT,UNSAT,UNSAT,UNSAT,UNSAT,UNSAT,UNSAT
Onebitdatasize=3_invariantly_infinitely_many_reachable_taus.dzn,180,,,,180,,,180,,,,,,180,,,,180,,,,180,,,,180,,,,180,,,,TIMEOUT,TIMEOUT,TIMEOUT,TIMEOUT,TIMEOUT,TIMEOUT,TIMEOUT,TIMEOUT
Onebitdatasize=3_message_can_be_lost_infinitely_often.dzn,11.68864417,11.521,1,1,1.028560877,0.488384333,1,14.59344816,13.9534255,1,,,,13.71194696,13.18890346,1,,14.75659704,14.05161983,1,,14.79114389,14.10394167,1,,14.80280304,14.12485463,1,,14.57442403,13.92870704,1,,UNSAT,UNSAT,UNSAT,UNSAT,UNSAT,UNSAT,UNSAT,UNSAT
Onebitdatasize=3_messages_can_be_overtaken.dzn,14.19821095,13.999,1,1,1.247117043,0.66535275,1,16.26559091,15.45747671,1,,,,16.32595086,15.58183979,1,,16.30154181,15.52636475,1,,16.36561418,15.61941925,1,,16.32191277,15.62464221,1,,16.49467087,15.70400008,1,,UNSAT,UNSAT,UNSAT,UNSAT,UNSAT,UNSAT,UNSAT,UNSAT
Onebitdatasize=3_messages_read_are_inevitably_sent.dzn,117.6944358,117.506,100002,0,180,,,180,,,,,,180,,,,180,,,,180,,,,180,,,,180,,,,SAT,TIMEOUT,TIMEOUT,TIMEOUT,TIMEOUT,TIMEOUT,TIMEOUT,TIMEOUT
Onebitdatasize=3_no_duplication_of_messages.dzn,180,,,,180,,,180,,,,,,180,,,,180,,,,180,,,,180,,,,180,,,,TIMEOUT,TIMEOUT,TIMEOUT,TIMEOUT,TIMEOUT,TIMEOUT,TIMEOUT,TIMEOUT
Onebitdatasize=3_no_generation_of_messages.dzn,64.9780612,64.816,77884,0,180,,,180,,,,,,180,,,,180,,,,180,,,,180,,,,180,,,,SAT,TIMEOUT,TIMEOUT,TIMEOUT,TIMEOUT,TIMEOUT,TIMEOUT,TIMEOUT
Onebitdatasize=3_no_spontaneous_messages.dzn,180,,,,180,,,180,,,,,,180,,,,180,,,,180,,,,180,,,,180,,,,TIMEOUT,TIMEOUT,TIMEOUT,TIMEOUT,TIMEOUT,TIMEOUT,TIMEOUT,TIMEOUT
Onebitdatasize=3_nodeadlock.dzn,23.37925673,23.283,48071,0,149.1348872,148.8180918,1,126.0725739,125.8152319,1,289294,0,48055,118.2318909,118.0210158,1,48055,180,,,,123.1677949,122.9125643,1,48055,180,,,,180,,,,SAT,TIMEOUT,SAT,TIMEOUT,TIMEOUT,SAT,SAT,SAT
Onebitdatasize=3_read_then_eventually_send.dzn,30.69467998,30.29,1,1,1.922192812,0.876913959,1,66.23522806,65.30999663,1,,,,66.72462916,65.78758488,1,,66.70534492,65.75768417,1,,66.25055599,65.30505696,1,,66.32789707,65.35211046,1,,64.94679809,63.860753,1,,UNSAT,UNSAT,UNSAT,UNSAT,UNSAT,UNSAT,UNSAT,UNSAT
Par_Onebit_(datasize=2_capacity=1_windowsize=1)eq=branching-bisim.dzn,180,,,,17.17781901,7.683665542,1,180,,,,,,180,,,,180,,,,180,,,,180,,,,180,,,,TIMEOUT,TIMEOUT,TIMEOUT,TIMEOUT,TIMEOUT,TIMEOUT,UNSAT,TIMEOUT
Par_Onebit_(datasize=2_capacity=1_windowsize=1)eq=branching-sim.dzn,180,,,,17.10687518,7.587618333,1,180,,,,,,180,,,,180,,,,180,,,,180,,,,180,,,,TIMEOUT,TIMEOUT,TIMEOUT,TIMEOUT,TIMEOUT,TIMEOUT,UNSAT,TIMEOUT
Par_Onebit_(datasize=2_capacity=1_windowsize=1)eq=strong-bisim.dzn,0.012858415,0.001,1,1,0.011260426,6.85E-05,1,0.011083865,6.99E-05,1,,,,0.013178742,5.63E-05,1,,0.01110971,4.00E-05,1,,0.011074853,6.63E-05,1,,0.010894597,6.88E-05,1,,0.01092,6.65E-05,1,,UNSAT,UNSAT,UNSAT,UNSAT,UNSAT,UNSAT,UNSAT,UNSAT
Par_Onebit_(datasize=2_capacity=1_windowsize=1)eq=weak-bisim.dzn,180,,,,180,,,180,,,,,,180,,,,180,,,,180,,,,180,,,,180,,,,TIMEOUT,TIMEOUT,TIMEOUT,TIMEOUT,TIMEOUT,TIMEOUT,TIMEOUT,TIMEOUT
Par_Onebit_(datasize=4_capacity=1_windowsize=1)eq=strong-bisim.dzn,0.01281513,0.001,1,1,0.010854924,6.88E-05,1,0.01146059,6.67E-05,1,,,,0.013050354,5.35E-05,1,,0.011059511,7.05E-05,1,,0.011397088,5.04E-05,1,,0.01116854,6.50E-05,1,,0.011273801,6.45E-05,1,,UNSAT,UNSAT,UNSAT,UNSAT,UNSAT,UNSAT,UNSAT,UNSAT
Par_Par_(datasize=2_capacity=1_windowsize=1)eq=branching-bisim.dzn,0.196101117,0.174,2499,0,0.304297066,0.296664,1,0.203914988,0.205340833,1,9504,0,2497,0.213059521,0.19131475,1,2497,0.631937432,0.608481875,241,3240,0.214980531,0.180356292,1,2497,0.6441818,0.573007542,241,3240,0.609097803,0.64761625,241,3240,SAT,SAT,SAT,SAT,SAT,SAT,SAT,SAT
Par_Par_(datasize=2_capacity=1_windowsize=1)eq=branching-sim.dzn,0.197558165,0.113,2499,0,0.302185333,0.188139417,1,0.205033004,0.120210417,1,9504,0,2497,0.213748324,0.139900291,1,2497,0.655540478,0.641845959,241,3240,0.216360819,0.194177667,1,2497,0.658722448,0.625518417,241,3240,0.676125336,0.653153291,241,3240,SAT,SAT,SAT,SAT,SAT,SAT,SAT,SAT
Par_Par_(datasize=2_capacity=1_windowsize=1)eq=strong-bisim.dzn,0.05738802,0.035,441,0,0.022281802,0.015391791,1,0.022856486,0.011510084,1,2367,0,433,0.02756747,0.0084885,1,433,0.35724709,0.233136958,3,1200,0.025769114,0.011012375,1,433,0.360206652,0.260991791,3,1200,0.359344578,0.347684375,3,1200,SAT,SAT,SAT,SAT,SAT,SAT,SAT,SAT
Par_Par_(datasize=2_capacity=1_windowsize=1)eq=weak-bisim.dzn,0.156042588,0.092,912,0,0.128801763,0.074266583,1,0.096303308,0.054272584,1,7858,0,879,0.093732965,0.054929416,1,879,8.159237862,8.130724667,25,4958,0.098862743,0.077695042,1,879,7.935024023,7.912702834,25,4958,7.933175802,7.909961459,25,4958,SAT,SAT,SAT,SAT,SAT,SAT,SAT,SAT
Par_Par_(datasize=4_capacity=1_windowsize=1)eq=branching-bisim.dzn,0.452621269,0.271,5123,0,1.134932458,0.724162125,1,0.765992403,0.761434583,1,19420,0,5119,0.754887342,0.484869583,1,5119,1.869220018,1.838517542,513,4933,0.781509674,0.740585083,1,5119,1.985848904,1.950801,513,4933,1.937041044,1.902367083,513,4933,SAT,SAT,SAT,SAT,SAT,SAT,SAT,SAT
Par_Par_(datasize=4_capacity=1_windowsize=1)eq=branching-sim.dzn,0.456390679,0.415,5123,0,1.154083014,1.1188405,1,0.768210697,0.748153,1,19420,0,5119,0.771767282,0.714464459,1,5119,1.958719969,1.919051542,513,4933,0.784238183,0.812812334,1,5119,1.97617197,1.941934,513,4933,1.975463152,1.932489125,513,4933,SAT,SAT,SAT,SAT,SAT,SAT,SAT,SAT
Par_Par_(datasize=4_capacity=1_windowsize=1)eq=strong-bisim.dzn,0.10712775,0.067,863,0,0.033758342,0.0197405,1,0.045733166,0.041759,1,4735,0,855,0.058480704,0.030843667,1,855,1.415655136,1.397759042,3,2398,0.059395897,0.041393958,1,855,1.374522686,1.354692,3,2398,1.370709896,1.352970791,3,2398,SAT,SAT,SAT,SAT,SAT,SAT,SAT,SAT
Par_Par_(datasize=4_capacity=1_windowsize=1)eq=weak-bisim.dzn,0.348158419,0.305,1936,0,0.396826804,0.379356792,1,0.316310477,0.290623625,1,16142,0,1903,0.318752646,0.290799625,1,1903,33.78757691,33.75368267,81,9845,0.324164164,0.29126675,1,1903,34.00794911,33.96837267,81,9845,33.49860191,33.46183321,81,9845,SAT,SAT,SAT,SAT,SAT,SAT,SAT,SAT
Par_SWP_(datasize=2_capacity=1_windowsize=1)eq=branching-bisim.dzn,0.753914928,0.485,1,1,0.071448433,0.022267584,1,0.115400994,0.077449,1,,,,0.116286337,0.056652083,1,,0.120043695,0.06979775,1,,0.118130136,0.071751375,1,,0.120798326,0.072467708,1,,0.119295013,0.080432,1,,UNSAT,UNSAT,UNSAT,UNSAT,UNSAT,UNSAT,UNSAT,UNSAT
Par_SWP_(datasize=2_capacity=1_windowsize=1)eq=branching-sim.dzn,0.765469587,0.726,1,1,0.07086587,0.02703675,1,0.114826787,0.072726875,1,,,,0.116874313,0.0762975,1,,0.120798743,0.077901792,1,,0.120528305,0.069690708,1,,0.117599702,0.077379625,1,,0.118573141,0.072876292,1,,UNSAT,UNSAT,UNSAT,UNSAT,UNSAT,UNSAT,UNSAT,UNSAT
Par_SWP_(datasize=2_capacity=1_windowsize=1)eq=strong-bisim.dzn,0.012730694,0,1,1,0.011486316,6.88E-05,1,0.011318696,4.68E-05,1,,,,0.011085594,4.55E-05,1,,0.011006343,3.85E-05,1,,0.010848677,7.30E-05,1,,0.011066794,5.72E-05,1,,0.011091423,3.96E-05,1,,UNSAT,UNSAT,UNSAT,UNSAT,UNSAT,UNSAT,UNSAT,UNSAT
Par_SWP_(datasize=2_capacity=1_windowsize=1)eq=weak-bisim.dzn,0.64829092,0.399,1,1,0.083355963,0.02576025,1,0.116857851,0.048587959,1,,,,0.112107432,0.058058958,1,,0.12138536,0.06931675,1,,0.121797037,0.077543625,1,,0.122193003,0.074030541,1,,0.122425783,0.066957459,1,,UNSAT,UNSAT,UNSAT,UNSAT,UNSAT,UNSAT,UNSAT,UNSAT
Par_SWP_(datasize=4_capacity=1_windowsize=1)eq=branching-bisim.dzn,2.100193977,2.053,1,1,0.169992304,0.057207,1,0.46774869,0.380585209,1,,,,0.465169084,0.365635875,1,,0.476140416,0.361752125,1,,0.4766294,0.372640292,1,,0.474007714,0.356091375,1,,0.477576053,0.386885417,1,,UNSAT,UNSAT,UNSAT,UNSAT,UNSAT,UNSAT,UNSAT,UNSAT
Par_SWP_(datasize=4_capacity=1_windowsize=1)eq=branching-sim.dzn,2.103029013,2.049,1,1,0.169403374,0.062007875,1,0.465757775,0.348166667,1,,,,0.47834965,0.364327625,1,,0.475237131,0.342209833,1,,0.475333858,0.376303334,1,,0.476822972,0.390494792,1,,0.479514754,0.36283125,1,,UNSAT,UNSAT,UNSAT,UNSAT,UNSAT,UNSAT,UNSAT,UNSAT
Par_SWP_(datasize=4_capacity=1_windowsize=1)eq=strong-bisim.dzn,0.014340258,0,1,1,0.010996377,5.88E-05,1,0.011162496,0.00218675,1,,,,0.014032471,7.45E-05,1,,0.0114079,7.22E-05,1,,0.011079705,6.46E-05,1,,0.010975146,6.84E-05,1,,0.011335027,4.99E-05,1,,UNSAT,UNSAT,UNSAT,UNSAT,UNSAT,UNSAT,UNSAT,UNSAT
Par_SWP_(datasize=4_capacity=1_windowsize=1)eq=weak-bisim.dzn,1.943745613,1.904,1,1,0.199788713,0.102732791,1,0.446554744,0.328532583,1,,,,0.454059565,0.357923708,1,,0.457524168,0.344794709,1,,0.4620772,0.34726625,1,,0.461689949,0.348292625,1,,0.456292582,0.340271625,1,,UNSAT,UNSAT,UNSAT,UNSAT,UNSAT,UNSAT,UNSAT,UNSAT
Pardatasize=2_infinitely_often_enabled_then_infinitely_often_taken.dzn,0.024370289,0.009,561,0,0.01949712,0.007862417,1,0.017549157,0.005628625,1,717,0,554,0.017221415,0.004037709,1,554,0.031715405,0.019529583,1,232,0.017303634,0.005572542,1,554,0.031273973,0.01962875,1,232,0.031334591,0.019490458,1,232,SAT,SAT,SAT,SAT,SAT,SAT,SAT,SAT
Pardatasize=2_infinitely_often_read_write.dzn,0.013900948,0.002,47,0,0.011750162,0.000508209,1,0.011592746,0.00051125,1,98,0,45,0.014094377,0.0003485,1,45,0.012457728,0.00073125,1,34,0.011789274,0.000410709,1,45,0.012081635,0.000865083,1,34,0.012477779,0.000739417,1,34,SAT,SAT,SAT,SAT,SAT,SAT,SAT,SAT
Pardatasize=2_infinitely_often_receive_d1.dzn,0.014437699,0.001,1,1,0.011245954,0.000148709,1,0.011346197,0.000126875,1,,,,0.011544573,8.85E-05,1,,0.012295914,0.000106375,1,,0.011583722,0.000107792,1,,0.011573029,0.000116,1,,0.011562657,0.000103167,1,,UNSAT,UNSAT,UNSAT,UNSAT,UNSAT,UNSAT,UNSAT,UNSAT
Pardatasize=2_infinitely_often_receive_for_all_d.dzn,0.016674733,0.002,1,1,0.011492288,0.000215167,1,0.011534333,0.000144167,1,,,,0.011967182,0.000112208,1,,0.011606181,0.000144333,1,,0.011306,0.00013825,1,,0.011902261,0.00014275,1,,0.011722827,0.000141083,1,,UNSAT,UNSAT,UNSAT,UNSAT,UNSAT,UNSAT,UNSAT,UNSAT
Pardatasize=2_invariantly_infinitely_many_reachable_taus.dzn,0.018474865,0.003,181,0,0.013082087,0.001580958,1,0.012285995,0.001115625,1,267,0,179,0.01310209,0.000748667,1,179,0.013410223,0.001833416,9,103,0.01258291,0.001099333,1,179,0.013217866,0.001910666,9,103,0.013206708,0.001801583,9,103,SAT,SAT,SAT,SAT,SAT,SAT,SAT,SAT
Pardatasize=2_no_duplication_of_messages.dzn,0.017134571,0.003,136,0,0.012805223,0.001260375,1,0.012341845,0.000946541,1,265,0,134,0.012576354,0.000733,1,134,0.014734924,0.003328,1,82,0.011904311,0.000943417,1,134,0.014912891,0.003325375,1,82,0.0141729,0.002566292,1,82,SAT,SAT,SAT,SAT,SAT,SAT,SAT,SAT
Pardatasize=2_no_generation_of_messages.dzn,0.014291525,0.002,49,0,0.011663699,0.000442833,1,0.011858308,0.000353,1,88,0,47,0.011276555,0.00027275,1,47,0.011481476,0.000586583,1,26,0.011680746,0.000349834,1,47,0.01146189,0.000567541,1,26,0.011649585,0.000567958,1,26,SAT,SAT,SAT,SAT,SAT,SAT,SAT,SAT
Pardatasize=2_nodeadlock.dzn,0.015166557,0.002,48,0,0.011727977,0.000413042,1,0.011392605,0.000359792,1,85,0,46,0.01132704,0.00026675,1,46,0.011519337,0.000583625,1,28,0.011527658,0.000330833,1,46,0.01208955,0.000456333,1,28,0.011693585,0.000584292,1,28,SAT,SAT,SAT,SAT,SAT,SAT,SAT,SAT
Pardatasize=2_read_then_eventually_send.dzn,0.016608667,0.004,1,1,0.011491728,0.000205084,1,0.011382878,0.000151666,1,,,,0.01168505,0.000113583,1,,0.011889195,0.000149916,1,,0.011605799,0.000155917,1,,0.011713481,0.000158125,1,,0.011354685,0.000157292,1,,UNSAT,UNSAT,UNSAT,UNSAT,UNSAT,UNSAT,UNSAT,UNSAT
Pardatasize=4_infinitely_often_enabled_then_infinitely_often_taken.dzn,0.075395143,0.049,2205,0,0.096253288,0.061764792,1,0.070389807,0.043980583,1,2853,0,2198,0.061541891,0.038246917,1,2198,0.388175905,0.3552545,1,936,0.06745199,0.050744917,1,2198,0.387914979,0.358732542,1,936,0.389874506,0.383940959,1,936,SAT,SAT,SAT,SAT,SAT,SAT,SAT,SAT
Pardatasize=4_infinitely_often_read_write.dzn,0.017051709,0.003,91,0,0.012503076,0.000973583,1,0.012095678,0.000513958,1,200,0,89,0.011994469,0.000516833,1,89,0.013841975,0.002651167,1,68,0.011861193,0.000745208,1,89,0.013962567,0.002651083,1,68,0.013764334,0.002657416,1,68,SAT,SAT,SAT,SAT,SAT,SAT,SAT,SAT
Pardatasize=4_infinitely_often_receive_d1.dzn,0.014853525,0.003,1,1,0.011534381,0.000212,1,0.011378169,0.000140292,1,,,,0.014049244,0.000183542,1,,0.015891385,0.00017875,1,,0.016428709,0.0001895,1,,0.014528561,0.000187166,1,,0.014654827,0.00017475,1,,UNSAT,UNSAT,UNSAT,UNSAT,UNSAT,UNSAT,UNSAT,UNSAT
Pardatasize=4_infinitely_often_receive_for_all_d.dzn,0.026167428,0.009,1,1,0.012456667,0.00063425,1,0.012385356,0.00034375,1,,,,0.012748718,0.000252083,1,,0.011899042,0.000341166,1,,0.012057865,0.000347625,1,,0.011889219,0.000342375,1,,0.011791611,0.000339584,1,,UNSAT,UNSAT,UNSAT,UNSAT,UNSAT,UNSAT,UNSAT,UNSAT
Pardatasize=4_invariantly_infinitely_many_reachable_taus.dzn,0.022871375,0.006,351,0,0.015798593,0.003921666,1,0.013848615,0.002609,1,531,0,349,0.015806365,0.001882625,1,349,0.020680439,0.00884425,17,367,0.014117026,0.002624417,1,349,0.020638525,0.006794125,17,367,0.020344377,0.008810875,17,367,SAT,SAT,SAT,SAT,SAT,SAT,SAT,SAT
Pardatasize=4_no_duplication_of_messages.dzn,0.024949574,0.011,434,0,0.018093801,0.006219583,1,0.01644274,0.004510041,1,885,0,432,0.016385853,0.003409292,1,432,0.035884786,0.024988125,1,278,0.01581676,0.004546917,1,432,0.035790336,0.02418575,1,278,0.036477351,0.022108083,1,278,SAT,SAT,SAT,SAT,SAT,SAT,SAT,SAT
Pardatasize=4_no_generation_of_messages.dzn,0.024649179,0.007,255,0,0.014903772,0.002654583,1,0.01379602,0.002304875,1,534,0,253,0.014791918,0.001918375,1,253,0.023543549,0.011911833,1,172,0.013657475,0.002269917,1,253,0.022976577,0.011838375,1,172,0.022701967,0.011452125,1,172,SAT,SAT,SAT,SAT,SAT,SAT,SAT,SAT
Pardatasize=4_nodeadlock.dzn,0.015654397,0.002,90,0,0.012050927,0.000769667,1,0.011429155,0.000646125,1,173,0,88,0.011866581,0.000449,1,88,0.013019741,0.001714792,1,58,0.0118613,0.000598334,1,88,0.012752843,0.001713916,1,58,0.013038146,0.001423917,1,58,SAT,SAT,SAT,SAT,SAT,SAT,SAT,SAT
Pardatasize=4_read_then_eventually_send.dzn,0.025026846,0.011,1,1,0.012194145,0.000415625,1,0.012243617,0.000361084,1,,,,0.015272951,0.000274334,1,,0.011874521,0.000361583,1,,0.011872935,0.000362791,1,,0.011762369,0.00025225,1,,0.011982024,0.000252916,1,,UNSAT,UNSAT,UNSAT,UNSAT,UNSAT,UNSAT,UNSAT,UNSAT
Pardatasize=8_infinitely_often_enabled_then_infinitely_often_taken.dzn,0.370520139,0.208,8757,0,0.986378598,0.600010875,1,0.612371635,0.58529525,1,11349,0,8750,0.593407333,0.3812025,1,8750,5.274399042,5.250369,1,3760,0.615338767,0.599033333,1,8750,5.132436991,5.110252042,1,3760,5.237778187,5.208846125,1,3760,SAT,SAT,SAT,SAT,SAT,SAT,SAT,SAT
Pardatasize=8_infinitely_often_read_write.dzn,0.019653046,0.005,179,0,0.013781214,0.0021255,1,0.013515699,0.001172917,1,404,0,177,0.013109577,0.001085792,1,177,0.020471632,0.008878583,1,136,0.013098097,0.001598333,1,177,0.020573652,0.008877708,1,136,0.01997261,0.008920291,1,136,SAT,SAT,SAT,SAT,SAT,SAT,SAT,SAT
Pardatasize=8_infinitely_often_receive_d1.dzn,0.01956116,0.004,1,1,0.012321937,0.000338041,1,0.011850023,0.000137,1,,,,0.013110447,0.000170917,1,,0.011839712,0.000198833,1,,0.011933208,0.000152292,1,,0.011596096,0.000192959,1,,0.011787975,0.000200791,1,,UNSAT,UNSAT,UNSAT,UNSAT,UNSAT,UNSAT,UNSAT,UNSAT
Pardatasize=8_infinitely_often_receive_for_all_d.dzn,0.063149023,0.042,1,1,0.016537583,0.002182875,1,0.014653206,0.001307167,1,,,,0.01724205,0.001031333,1,,0.015292752,0.001256709,1,,0.015374637,0.001037459,1,,0.015034544,0.001290333,1,,0.015826356,0.001295542,1,,UNSAT,UNSAT,UNSAT,UNSAT,UNSAT,UNSAT,UNSAT,UNSAT
Pardatasize=8_invariantly_infinitely_many_reachable_taus.dzn,0.029584861,0.014,691,0,0.023333192,0.011224791,1,0.019777048,0.00623725,1,1059,0,689,0.019843614,0.006106334,1,689,0.072875202,0.046451459,33,1375,0.019984448,0.0073965,1,689,0.0726794,0.041836917,33,1375,0.07811898,0.062479291,33,1375,SAT,SAT,SAT,SAT,SAT,SAT,SAT,SAT
Pardatasize=8_no_duplication_of_messages.dzn,0.077305067,0.046,1534,0,0.07934078,0.044955041,1,0.058727527,0.03140225,1,3181,0,1532,0.043339324,0.02962925,1,1532,0.449074543,0.386002375,1,1006,0.057513213,0.039786417,1,1532,0.443152261,0.423110709,1,1006,0.437200224,0.4597855,1,1006,SAT,SAT,SAT,SAT,SAT,SAT,SAT,SAT
Pardatasize=8_no_generation_of_messages.dzn,0.046712685,0.036,1147,0,0.045688522,0.027203041,1,0.032309985,0.019576041,1,2482,0,1145,0.030270255,0.016130334,1,1145,0.2568905,0.1593855,1,824,0.032517362,0.018698167,1,1145,0.250186777,0.232136791,1,824,0.226363957,0.215695791,1,824,SAT,SAT,SAT,SAT,SAT,SAT,SAT,SAT
Pardatasize=8_nodeadlock.dzn,0.018407202,0.004,165,0,0.012924969,0.001666792,1,0.01252861,0.00122825,1,349,0,163,0.013314271,0.000946459,1,163,0.017627633,0.006003083,1,118,0.012454522,0.000911209,1,163,0.017469394,0.004419917,1,118,0.018291032,0.005937916,1,118,SAT,SAT,SAT,SAT,SAT,SAT,SAT,SAT
Pardatasize=8_read_then_eventually_send.dzn,0.072272861,0.043,1,1,0.015406144,0.001200292,1,0.014162898,0.000913416,1,,,,0.018677759,0.001624375,1,,0.018890929,0.001569333,1,,0.018241143,0.001556958,1,,0.020537436,0.001492458,1,,0.019065273,0.001648666,1,,UNSAT,UNSAT,UNSAT,UNSAT,UNSAT,UNSAT,UNSAT,UNSAT
ParityAndBuechin=1.dzn,0.013126457,0.001,63,0,0.011296594,,,0.011320412,,,,,,0.010866427,,,,0.011107802,,,,0.011250377,,,,0.010941875,,,,0.011143589,,,,SAT,UNKNOWN,UNKNOWN,UNKNOWN,UNKNOWN,UNKNOWN,UNKNOWN,UNKNOWN
ParityAndBuechin=1_compact.dzn,0.012689734,0,19,0,0.011297894,,,0.011222923,,,,,,0.01128031,,,,0.010827482,,,,0.010942352,,,,0.010903132,,,,0.011060858,,,,SAT,UNKNOWN,UNKNOWN,UNKNOWN,UNKNOWN,UNKNOWN,UNKNOWN,UNKNOWN
ParityAndBuechin=2.dzn,0.06578784,0.039,2497,0,0.012030041,,,0.011670077,,,,,,0.011421955,,,,0.011369419,,,,0.011643302,,,,0.011415398,,,,0.01147933,,,,SAT,UNKNOWN,UNKNOWN,UNKNOWN,UNKNOWN,UNKNOWN,UNKNOWN,UNKNOWN
ParityAndBuechin=2_compact.dzn,0.023299766,0.008,456,0,0.01117152,,,0.011360919,,,,,,0.011170244,,,,0.011019099,,,,0.01131773,,,,0.01105032,,,,0.011337495,,,,SAT,UNKNOWN,UNKNOWN,UNKNOWN,UNKNOWN,UNKNOWN,UNKNOWN,UNKNOWN
ParityAndBuechin=3.dzn,1.877385855,1.861,33969,0,0.016827452,,,0.016393685,,,,,,0.016182423,,,,0.016577876,,,,0.016592753,,,,0.016081417,,,,0.016196382,,,,SAT,UNKNOWN,UNKNOWN,UNKNOWN,UNKNOWN,UNKNOWN,UNKNOWN,UNKNOWN
ParityAndBuechin=3_compact.dzn,0.43042804,0.268,6182,0,0.015589416,,,0.013767111,,,,,,0.013735342,,,,0.013291597,,,,0.013587952,,,,0.013554358,,,,0.013689113,,,,SAT,UNKNOWN,UNKNOWN,UNKNOWN,UNKNOWN,UNKNOWN,UNKNOWN,UNKNOWN
ParityAndBuechin=4.dzn,180,,,,0.209577012,,,0.205995226,,,,,,0.203899443,,,,0.21162163,,,,0.209904945,,,,0.209969282,,,,0.214506185,,,,TIMEOUT,UNKNOWN,UNKNOWN,UNKNOWN,UNKNOWN,UNKNOWN,UNKNOWN,UNKNOWN
ParityAndBuechin=4_compact.dzn,89.19629908,89.127,183781,0,0.191697657,,,0.191156018,,,,,,0.197140312,,,,0.200136948,,,,0.199439681,,,,0.199125957,,,,0.203151989,,,,SAT,UNKNOWN,UNKNOWN,UNKNOWN,UNKNOWN,UNKNOWN,UNKNOWN,UNKNOWN
PDLBinaryCountern=1.dzn,0.013142192,0.001,17,0,0.011503136,,,0.011218417,,,,,,0.011422384,,,,0.011036015,,,,0.010987842,,,,0.011028373,,,,0.01113559,,,,SAT,UNKNOWN,UNKNOWN,UNKNOWN,UNKNOWN,UNKNOWN,UNKNOWN,UNKNOWN
PDLBinaryCountern=1_compact.dzn,0.013786221,0.001,9,0,0.011002553,,,0.011100745,,,,,,0.012116373,,,,0.011108983,,,,0.010828769,,,,0.010801363,,,,0.011863303,,,,SAT,UNKNOWN,UNKNOWN,UNKNOWN,UNKNOWN,UNKNOWN,UNKNOWN,UNKNOWN
PDLBinaryCountern=2.dzn,0.016521561,0.003,203,0,0.011116147,,,0.011437452,,,,,,0.011323309,,,,0.011283875,,,,0.011236334,,,,0.011145854,,,,0.01149627,,,,SAT,UNKNOWN,UNKNOWN,UNKNOWN,UNKNOWN,UNKNOWN,UNKNOWN,UNKNOWN
PDLBinaryCountern=2_compact.dzn,0.013153708,0.001,27,0,0.011162877,,,0.01152389,,,,,,0.011172223,,,,0.010806537,,,,0.01087389,,,,0.011339259,,,,0.01102972,,,,SAT,UNKNOWN,UNKNOWN,UNKNOWN,UNKNOWN,UNKNOWN,UNKNOWN,UNKNOWN
PDLBinaryCountern=3.dzn,0.038829255,0.023,1546,0,0.01164875,,,0.011578882,,,,,,0.011253524,,,,0.011225808,,,,0.011084378,,,,0.011410761,,,,0.011344039,,,,SAT,UNKNOWN,UNKNOWN,UNKNOWN,UNKNOWN,UNKNOWN,UNKNOWN,UNKNOWN
PDLBinaryCountern=3_compact.dzn,0.014880109,0.003,105,0,0.011250722,,,0.011129236,,,,,,0.011595201,,,,0.011028433,,,,0.010944676,,,,0.011222446,,,,0.011069274,,,,SAT,UNKNOWN,UNKNOWN,UNKNOWN,UNKNOWN,UNKNOWN,UNKNOWN,UNKNOWN
PDLBinaryCountern=4.dzn,0.355118132,0.216,8691,0,0.014264131,,,0.012646472,,,,,,0.012596607,,,,0.012439036,,,,0.012874281,,,,0.012545991,,,,0.012718904,,,,SAT,UNKNOWN,UNKNOWN,UNKNOWN,UNKNOWN,UNKNOWN,UNKNOWN,UNKNOWN
PDLBinaryCountern=4_compact.dzn,0.022856045,0.008,467,0,0.011401522,,,0.011236918,,,,,,0.010952377,,,,0.01099025,,,,0.011202109,,,,0.011123407,,,,0.010828865,,,,SAT,UNKNOWN,UNKNOWN,UNKNOWN,UNKNOWN,UNKNOWN,UNKNOWN,UNKNOWN
PDLBinaryCountern=5.dzn,5.025367022,5.001,44028,0,0.021591043,,,0.018737149,,,,,,0.021278477,,,,0.018384039,,,,0.018625224,,,,0.018525624,,,,0.018781483,,,,SAT,UNKNOWN,UNKNOWN,UNKNOWN,UNKNOWN,UNKNOWN,UNKNOWN,UNKNOWN
PDLBinaryCountern=5_compact.dzn,0.07264961,0.042,2163,0,0.012232995,,,0.011424351,,,,,,0.011675513,,,,0.011288404,,,,0.011332309,,,,0.011525261,,,,0.011373305,,,,SAT,UNKNOWN,UNKNOWN,UNKNOWN,UNKNOWN,UNKNOWN,UNKNOWN,UNKNOWN
PDLBinaryCountern=6.dzn,97.32178092,97.278,214775,0,0.056393337,,,0.05652709,,,,,,0.045456326,,,,0.054271221,,,,0.055342472,,,,0.057645476,,,,0.05564127,,,,SAT,UNKNOWN,UNKNOWN,UNKNOWN,UNKNOWN,UNKNOWN,UNKNOWN,UNKNOWN
PDLBinaryCountern=6_compact.dzn,0.5047279,0.298,10183,0,0.013996029,,,0.013126397,,,,,,0.012825787,,,,0.013323581,,,,0.013163888,,,,0.013051331,,,,0.013325572,,,,SAT,UNKNOWN,UNKNOWN,UNKNOWN,UNKNOWN,UNKNOWN,UNKNOWN,UNKNOWN
PDLBinaryCountern=7.dzn,180,,,,0.219625795,,,0.223179531,,,,,,0.222862399,,,,0.229565418,,,,0.232806003,,,,0.232227671,,,,0.230035985,,,,TIMEOUT,UNKNOWN,UNKNOWN,UNKNOWN,UNKNOWN,UNKNOWN,UNKNOWN,UNKNOWN
PDLBinaryCountern=7_compact.dzn,5.040325165,5.019,48211,0,0.02314142,,,0.02059896,,,,,,0.021565592,,,,0.02102313,,,,0.021862829,,,,0.020948279,,,,0.021204102,,,,SAT,UNKNOWN,UNKNOWN,UNKNOWN,UNKNOWN,UNKNOWN,UNKNOWN,UNKNOWN
PDLBinaryCountern=8.dzn,180,,,,1.040420771,,,1.08908987,,,,,,1.082696211,,,,1.068412304,,,,1.160384893,,,,1.061798096,,,,1.113461733,,,,TIMEOUT,UNKNOWN,UNKNOWN,UNKNOWN,UNKNOWN,UNKNOWN,UNKNOWN,UNKNOWN
PDLBinaryCountern=8_compact.dzn,111.3404872,111.283,228787,0,0.070152462,,,0.069566453,,,,,,0.061827958,,,,0.070937049,,,,0.073120439,,,,0.071828103,,,,0.072599149,,,,SAT,UNKNOWN,UNKNOWN,UNKNOWN,UNKNOWN,UNKNOWN,UNKNOWN,UNKNOWN
Petrin=1.dzn,0.014198411,0.001,105,0,0.011358249,,,0.011190057,,,,,,0.011232185,,,,0.011076963,,,,0.01103332,,,,0.011133432,,,,0.011326098,,,,SAT,UNKNOWN,UNKNOWN,UNKNOWN,UNKNOWN,UNKNOWN,UNKNOWN,UNKNOWN
Petrin=1_compact.dzn,0.012863934,0.001,34,0,0.010888696,,,0.01165117,,,,,,0.011106801,,,,0.01106149,,,,0.011039472,,,,0.011047137,,,,0.011313438,,,,SAT,UNKNOWN,UNKNOWN,UNKNOWN,UNKNOWN,UNKNOWN,UNKNOWN,UNKNOWN
Petrin=2.dzn,0.015280724,0.002,200,0,0.010984957,,,0.011150134,,,,,,0.011142325,,,,0.010901451,,,,0.011071515,,,,0.011233532,,,,0.011161458,,,,SAT,UNKNOWN,UNKNOWN,UNKNOWN,UNKNOWN,UNKNOWN,UNKNOWN,UNKNOWN
Petrin=2_compact.dzn,0.013485122,0.001,47,0,0.011159849,,,0.011067271,,,,,,0.010988939,,,,0.010942709,,,,0.010991168,,,,0.010904121,,,,0.011054111,,,,SAT,UNKNOWN,UNKNOWN,UNKNOWN,UNKNOWN,UNKNOWN,UNKNOWN,UNKNOWN
Petrin=3.dzn,0.018277061,0.004,330,0,0.011094427,,,0.011357296,,,,,,0.010966682,,,,0.011138594,,,,0.011123168,,,,0.010994399,,,,0.010775447,,,,SAT,UNKNOWN,UNKNOWN,UNKNOWN,UNKNOWN,UNKNOWN,UNKNOWN,UNKNOWN
Petrin=3_compact.dzn,0.013625574,0.001,59,0,0.011254406,,,0.01141845,,,,,,0.011080027,,,,0.011010516,,,,0.011064219,,,,0.011065805,,,,0.01131345,,,,SAT,UNKNOWN,UNKNOWN,UNKNOWN,UNKNOWN,UNKNOWN,UNKNOWN,UNKNOWN
Petrin=4.dzn,0.020491064,0.005,494,0,0.011338913,,,0.010996008,,,,,,0.011277449,,,,0.01156981,,,,0.011054015,,,,0.011316609,,,,0.011926055,,,,SAT,UNKNOWN,UNKNOWN,UNKNOWN,UNKNOWN,UNKNOWN,UNKNOWN,UNKNOWN
Petrin=4_compact.dzn,0.013717198,0.001,71,0,0.011158264,,,0.011283445,,,,,,0.010676634,,,,0.010993862,,,,0.010861182,,,,0.011433637,,,,0.011112487,,,,SAT,UNKNOWN,UNKNOWN,UNKNOWN,UNKNOWN,UNKNOWN,UNKNOWN,UNKNOWN
Petrin=5.dzn,0.023067212,0.008,692,0,0.011145198,,,0.011181748,,,,,,0.011146915,,,,0.011265552,,,,0.011043847,,,,0.011139178,,,,0.010994494,,,,SAT,UNKNOWN,UNKNOWN,UNKNOWN,UNKNOWN,UNKNOWN,UNKNOWN,UNKNOWN
Petrin=5_compact.dzn,0.013641536,0.001,83,0,0.01094749,,,0.011284828,,,,,,0.011131895,,,,0.011245966,,,,0.011117208,,,,0.010986304,,,,0.011343884,,,,SAT,UNKNOWN,UNKNOWN,UNKNOWN,UNKNOWN,UNKNOWN,UNKNOWN,UNKNOWN
Petrin=6.dzn,0.025412512,0.01,924,0,0.010925126,,,0.01124289,,,,,,0.011305904,,,,0.011414671,,,,0.011793149,,,,0.012020886,,,,0.011701822,,,,SAT,UNKNOWN,UNKNOWN,UNKNOWN,UNKNOWN,UNKNOWN,UNKNOWN,UNKNOWN
Petrin=6_compact.dzn,0.014034009,0.001,95,0,0.011284435,,,0.01131748,,,,,,0.011331487,,,,0.011005557,,,,0.010976589,,,,0.010946274,,,,0.010855258,,,,SAT,UNKNOWN,UNKNOWN,UNKNOWN,UNKNOWN,UNKNOWN,UNKNOWN,UNKNOWN
Petrin=7.dzn,0.029526913,0.014,1190,0,0.011481965,,,0.0114622,,,,,,0.01130693,,,,0.010975778,,,,0.010897768,,,,0.011129224,,,,0.011249006,,,,SAT,UNKNOWN,UNKNOWN,UNKNOWN,UNKNOWN,UNKNOWN,UNKNOWN,UNKNOWN
Petrin=7_compact.dzn,0.014320815,0.001,107,0,0.011751187,,,0.010925674,,,,,,0.011176133,,,,0.011070037,,,,0.011291313,,,,0.011246657,,,,0.011067116,,,,SAT,UNKNOWN,UNKNOWN,UNKNOWN,UNKNOWN,UNKNOWN,UNKNOWN,UNKNOWN
Petrin=8.dzn,0.033422589,0.019,1490,0,0.011608076,,,0.01149776,,,,,,0.011387527,,,,0.011223662,,,,0.011098695,,,,0.011257613,,,,0.011158216,,,,SAT,UNKNOWN,UNKNOWN,UNKNOWN,UNKNOWN,UNKNOWN,UNKNOWN,UNKNOWN
Petrin=8_compact.dzn,0.014752734,0.001,119,0,0.011375785,,,0.011238611,,,,,,0.011085868,,,,0.010921454,,,,0.010945868,,,,0.011157548,,,,0.011079633,,,,SAT,UNKNOWN,UNKNOWN,UNKNOWN,UNKNOWN,UNKNOWN,UNKNOWN,UNKNOWN
"randomgame(1000,_10,_1,_20)id=0.dzn",0.135030293,0.104,1,1,0.021974313,0.004421542,1,0.01850034,0.003076041,1,,,,0.018991888,0.002156833,1,,0.018210447,0.003071541,1,,0.017741144,0.0030955,1,,0.017995679,0.003039625,1,,0.017173076,0.003069459,1,,UNSAT,UNSAT,UNSAT,UNSAT,UNSAT,UNSAT,UNSAT,UNSAT
"randomgame(1000,_10,_1,_20)id=1.dzn",0.124107111,0.077,1,1,0.023355103,0.004779417,1,0.018757594,0.003488375,1,,,,0.01855762,0.00252225,1,,0.018095315,0.003454666,1,,0.018436801,0.003446083,1,,0.017853248,0.003453,1,,0.018707621,0.003446208,1,,UNSAT,UNSAT,UNSAT,UNSAT,UNSAT,UNSAT,UNSAT,UNSAT
"randomgame(1000,_10,_1,_20)id=10.dzn",0.137467575,0.099,390,0,0.085270488,0.063439375,1,0.064132929,0.046842292,6,5729,4726,895,0.073306453,0.053388083,5,934,0.143219101,0.115655417,5,482,0.067575324,0.044584209,6,895,0.140852523,0.116257458,5,482,0.142347383,0.116697375,5,482,SAT,SAT,SAT,SAT,SAT,SAT,SAT,SAT
"randomgame(1000,_10,_1,_20)id=11.dzn",0.13511405,0.102,429,0,0.0883044,0.071637917,1,0.064782214,0.040932166,5,5586,4575,995,0.073746574,0.048446,5,955,0.139835978,0.112559,5,654,0.071051562,0.046974375,5,995,0.138245308,0.113944375,5,654,0.138263524,0.112382958,5,654,SAT,SAT,SAT,SAT,SAT,SAT,SAT,SAT
"randomgame(1000,_10,_1,_20)id=12.dzn",0.13197732,0.105,441,0,0.089169037,0.072350541,2,0.050137687,0.035537291,2,5871,4864,481,0.050877118,0.029653625,2,494,0.224592733,0.196907208,5,546,0.058486712,0.033033084,2,481,0.218895972,0.209814333,5,546,0.218207562,0.19719125,5,546,SAT,SAT,SAT,SAT,SAT,SAT,SAT,SAT
"randomgame(1000,_10,_1,_20)id=13.dzn",0.127102125,0.068,1,1,0.023028064,0.011819458,1,0.018169272,0.002320625,1,,,,0.020655262,0.002398917,1,,0.017978716,0.002491042,1,,0.01754142,0.003375125,1,,0.018385077,0.003394542,1,,0.018382037,0.002288375,1,,UNSAT,UNSAT,UNSAT,UNSAT,UNSAT,UNSAT,UNSAT,UNSAT
"randomgame(1000,_10,_1,_20)id=14.dzn",0.14455744,0.108,489,0,0.093188953,0.072733709,1,0.055248582,0.032825791,5,5675,4667,473,0.068729293,0.041073458,5,919,0.110079098,0.087681708,4,494,0.053360903,0.035214166,5,473,0.106723034,0.061468208,4,496,0.109443855,0.086287292,4,496,SAT,SAT,SAT,SAT,SAT,SAT,SAT,SAT
"randomgame(1000,_10,_1,_20)id=15.dzn",0.137166274,0.105,1,1,0.022582221,0.00765875,1,0.018976569,0.003544042,1,,,,0.019466555,0.002604917,1,,0.017803705,0.003532333,1,,0.018128502,0.003517334,1,,0.0183447,0.00355775,1,,0.01805191,0.002628375,1,,UNSAT,UNSAT,UNSAT,UNSAT,UNSAT,UNSAT,UNSAT,UNSAT
"randomgame(1000,_10,_1,_20)id=16.dzn",0.137969267,0.096,416,2,0.085380197,0.065654792,2,0.049038255,0.029672666,4,5571,4564,438,0.057020915,0.035898583,4,447,0.094671607,0.050365333,3,446,0.047154772,0.029475042,4,438,0.094269729,0.050122375,3,446,0.092056406,0.073228792,3,446,SAT,SAT,SAT,SAT,SAT,SAT,SAT,SAT
"randomgame(1000,_10,_1,_20)id=17.dzn",0.135710347,0.106,408,3,0.089384854,0.063438458,4,0.055732048,0.031482166,9,5640,4631,620,0.051127291,0.028147583,7,475,0.133003974,0.07688525,6,839,0.050128114,0.037488458,9,620,0.136264384,0.115372083,6,840,0.135750496,0.122926291,6,840,SAT,SAT,SAT,SAT,SAT,SAT,SAT,SAT
"randomgame(1000,_10,_1,_20)id=18.dzn",0.130376756,0.085,1,1,0.02421633,0.002877708,1,0.018558884,0.003608666,1,,,,0.018184769,0.002533333,1,,0.018316245,0.003476083,1,,0.01819315,0.003426417,1,,0.018249977,0.00281525,1,,0.017950749,0.003456708,1,,UNSAT,UNSAT,UNSAT,UNSAT,UNSAT,UNSAT,UNSAT,UNSAT
"randomgame(1000,_10,_1,_20)id=19.dzn",0.136118984,0.073,432,3,0.087454832,0.062425417,1,0.071083558,0.0476555,4,6030,5029,972,0.079232824,0.044594958,3,1003,0.180125952,0.136838875,3,514,0.07403295,0.060009417,4,972,0.17781719,0.152291833,3,515,0.181540906,0.160622375,3,515,SAT,SAT,SAT,SAT,SAT,SAT,SAT,SAT
"randomgame(1000,_10,_1,_20)id=2.dzn",0.132266831,0.106,416,4,0.086150253,0.063565125,5,0.064064586,0.042872916,8,5359,4357,1266,0.069231367,0.049851459,9,1065,0.18061533,0.18022275,4,436,0.070586324,0.049406959,8,1266,0.183683252,0.168588125,4,437,0.17879715,0.159232,4,437,SAT,SAT,SAT,SAT,SAT,SAT,SAT,SAT
"randomgame(1000,_10,_1,_20)id=20.dzn",0.125269032,0.076,1,1,0.022035873,0.003181125,1,0.019054794,0.002561375,1,,,,0.018593121,0.00286,1,,0.018345547,0.003505291,1,,0.018879747,0.003559667,1,,0.018222439,0.003512709,1,,0.018372476,0.003478583,1,,UNSAT,UNSAT,UNSAT,UNSAT,UNSAT,UNSAT,UNSAT,UNSAT
"randomgame(1000,_10,_1,_20)id=21.dzn",0.136190283,0.109,1,1,0.024117613,0.00462325,1,0.018914771,0.003318167,1,,,,0.020409536,0.002344083,1,,0.018662,0.0025895,1,,0.018458295,0.003299083,1,,0.01796478,0.00332725,1,,0.018582809,0.0033135,1,,UNSAT,UNSAT,UNSAT,UNSAT,UNSAT,UNSAT,UNSAT,UNSAT
"randomgame(1000,_10,_1,_20)id=22.dzn",0.137007058,0.102,374,0,0.112051702,0.085203917,1,0.045260394,0.036357833,1,5856,4854,467,0.060322154,0.031318833,1,476,0.131162047,0.11173125,3,480,0.047730291,0.036983542,1,467,0.136455238,0.105496417,3,480,0.133993864,0.116481209,3,480,SAT,SAT,SAT,SAT,SAT,SAT,SAT,SAT
"randomgame(1000,_10,_1,_20)id=23.dzn",0.128276384,0.075,461,0,0.09172703,0.045717167,2,0.048119724,0.023210458,3,5644,4640,479,0.043107963,0.025504458,3,496,0.161999631,0.099910292,5,626,0.056962895,0.046455667,3,479,0.161150563,0.132987625,5,626,0.163516533,0.139651708,5,626,SAT,SAT,SAT,SAT,SAT,SAT,SAT,SAT
"randomgame(1000,_10,_1,_20)id=24.dzn",0.122562444,0.075,1,1,0.021483111,0.004892125,1,0.019790554,0.00521675,1,,,,0.020012796,0.004134708,1,,0.020090759,0.005244791,1,,0.020296574,0.004050834,1,,0.019775343,0.005261417,1,,0.019664609,0.005270125,1,,UNSAT,UNSAT,UNSAT,UNSAT,UNSAT,UNSAT,UNSAT,UNSAT
"randomgame(1000,_10,_1,_20)id=3.dzn",0.138493669,0.099,435,0,0.097159672,0.079694583,1,0.055340636,0.034353542,1,6184,5174,514,0.061574709,0.031419709,1,516,0.285416639,0.262137125,5,508,0.057730341,0.035687541,1,514,0.289981472,0.269337292,5,508,0.288555932,0.254763708,5,508,SAT,SAT,SAT,SAT,SAT,SAT,SAT,SAT
"randomgame(1000,_10,_1,_20)id=4.dzn",0.138267851,0.079,1,1,0.021589875,0.00928625,1,0.018524694,0.003204708,1,,,,0.018556046,0.002553208,1,,0.018343174,0.003205375,1,,0.018389261,0.002268834,1,,0.018118072,0.002549583,1,,0.018542421,0.003155208,1,,UNSAT,UNSAT,UNSAT,UNSAT,UNSAT,UNSAT,UNSAT,UNSAT
"randomgame(1000,_10,_1,_20)id=5.dzn",0.136390924,0.112,469,3,0.091812372,0.075438875,2,0.063801658,0.042976375,5,5871,4868,897,0.075929105,0.041527166,6,922,0.189832461,0.160579416,3,488,0.067028224,0.043891667,5,897,0.186648238,0.156760167,3,488,0.186976314,0.159731667,3,488,SAT,SAT,SAT,SAT,SAT,SAT,SAT,SAT
"randomgame(1000,_10,_1,_20)id=6.dzn",0.119391084,0.101,402,0,0.080277526,0.056173667,1,0.059206796,0.040920459,5,5784,4778,478,0.063996685,0.036590292,5,488,0.111282408,0.097641833,5,482,0.04658879,0.037564667,5,478,0.109985232,0.058982583,5,482,0.112347245,0.088074083,5,482,SAT,SAT,SAT,SAT,SAT,SAT,SAT,SAT
"randomgame(1000,_10,_1,_20)id=7.dzn",0.126716697,0.074,392,0,0.1133515,0.064432333,1,0.053556585,0.023916458,4,5699,4693,720,0.042708755,0.024515209,4,606,0.249443698,0.153334375,5,741,0.058901072,0.039168583,4,720,0.244659579,0.242807416,5,741,0.250085568,0.228274,5,741,SAT,SAT,SAT,SAT,SAT,SAT,SAT,SAT
"randomgame(1000,_10,_1,_20)id=8.dzn",0.135839736,0.104,1,1,0.022010958,0.002813375,1,0.019023657,0.003461958,1,,,,0.018672955,0.00284975,1,,0.018940401,0.003988166,1,,0.018350863,0.0034685,1,,0.018518353,0.003496875,1,,0.018161082,0.003526375,1,,UNSAT,UNSAT,UNSAT,UNSAT,UNSAT,UNSAT,UNSAT,UNSAT
"randomgame(1000,_10,_1,_20)id=9.dzn",0.161695683,0.132,2196,112,0.104027462,0.079959333,14,0.082360125,0.06230725,4,5544,4543,942,0.082993853,0.057507084,4,964,0.154835367,0.138105958,2,473,0.086840272,0.066846,4,942,0.149742496,0.133684,2,474,0.15030452,0.141292167,2,474,SAT,SAT,SAT,SAT,SAT,SAT,SAT,SAT
"randomgame(10000,_10,_1,_20)id=0.dzn",1.540019035,1.507,3600,1,7.361107826,7.283779167,2,1.774003029,1.685447083,2,57688,47686,4736,1.954668999,1.863644583,2,4825,180,,,,1.717579842,1.62793275,2,4736,180,,,,180,,,,SAT,TIMEOUT,SAT,TIMEOUT,TIMEOUT,SAT,SAT,SAT
"randomgame(10000,_10,_1,_20)id=1.dzn",1.466059685,1.435,1,1,0.133679473,0.052951584,1,0.14491111,0.079218041,1,,,,0.210346925,0.133250625,1,,0.215966666,0.115050333,1,,0.214530444,0.115873542,1,,0.211726177,0.12445325,1,,0.206680775,0.119131333,1,,UNSAT,UNSAT,UNSAT,UNSAT,UNSAT,UNSAT,UNSAT,UNSAT
"randomgame(10000,_10,_1,_20)id=10.dzn",1.555780888,1.515,3540,0,7.02459383,6.950048958,1,3.639774084,3.549943917,3,57103,47098,4633,3.541412115,3.45407475,2,4725,57.68274689,57.59542996,2,4728,3.974753141,3.884363834,3,4633,58.26691008,58.18484242,2,4728,57.79076886,57.69976429,2,4728,SAT,SAT,SAT,SAT,SAT,SAT,SAT,SAT
"randomgame(10000,_10,_1,_20)id=11.dzn",1.464056969,1.433,89,4,0.188107264,0.120198042,1,0.351721621,0.264416375,2,56402,46398,2,0.371294081,0.274682875,2,2,0.371531606,0.288249625,1,2,0.370349836,0.285074292,2,2,0.37668314,0.27367275,1,2,0.370938301,0.281917542,1,2,UNSAT,UNSAT,UNSAT,UNSAT,UNSAT,UNSAT,UNSAT,UNSAT
"randomgame(10000,_10,_1,_20)id=12.dzn",1.287807941,1.262,3324,1,6.725321054,6.654633875,2,2.829226017,2.751938125,4,56942,46937,8885,3.139646053,3.070906542,3,9212,79.18679714,79.09970575,4,4739,3.105136871,3.021561,4,8885,78.07067084,77.98389413,4,4739,78.24566126,77.76732467,4,4739,SAT,SAT,SAT,SAT,SAT,SAT,SAT,SAT
"randomgame(10000,_10,_1,_20)id=13.dzn",1.417186022,1.381,1,1,0.130171156,0.051931792,1,0.148360896,0.076506917,1,,,,0.157600689,0.081385291,1,,0.15452472,0.087381083,1,,0.158089232,0.08847975,1,,0.160001612,0.090274667,1,,0.157980311,0.090393416,1,,UNSAT,UNSAT,UNSAT,UNSAT,UNSAT,UNSAT,UNSAT,UNSAT
"randomgame(10000,_10,_1,_20)id=14.dzn",1.324991941,1.289,3316,0,6.390887976,6.318081083,1,1.73967886,1.651432542,3,57630,47628,4661,1.975493193,1.889514458,3,4769,180,,,,1.937187195,1.8489375,3,4661,180,,,,180,,,,SAT,TIMEOUT,SAT,TIMEOUT,TIMEOUT,SAT,SAT,SAT
"randomgame(10000,_10,_1,_20)id=15.dzn",1.405712843,1.379,1,1,0.129643631,0.059155166,1,0.140458071,0.077147583,1,,,,0.151153255,0.083577708,1,,0.145091343,0.084923333,1,,0.150050318,0.080691833,1,,0.145920849,0.065576708,1,,0.148920107,0.077175958,1,,UNSAT,UNSAT,UNSAT,UNSAT,UNSAT,UNSAT,UNSAT,UNSAT
"randomgame(10000,_10,_1,_20)id=16.dzn",1.381082058,1.357,1,1,0.123046625,0.0462955,1,0.141339111,0.079321375,1,,,,0.151236045,0.089397083,1,,0.148390365,0.073924833,1,,0.146866894,0.075400917,1,,0.150952315,0.081589208,1,,0.148895442,0.077414541,1,,UNSAT,UNSAT,UNSAT,UNSAT,UNSAT,UNSAT,UNSAT,UNSAT
"randomgame(10000,_10,_1,_20)id=17.dzn",1.176275969,1.138,1,1,0.127534211,0.03305475,1,0.148767602,0.069227583,1,,,,0.150740302,0.095549458,1,,0.148724914,0.093349625,1,,0.152025831,0.076063,1,,0.152015424,0.084866333,1,,0.153378189,0.087021083,1,,UNSAT,UNSAT,UNSAT,UNSAT,UNSAT,UNSAT,UNSAT,UNSAT
"randomgame(10000,_10,_1,_20)id=18.dzn",1.465561152,1.433,1,1,0.131407237,0.055345916,1,0.157795823,0.091738708,1,,,,0.157052863,0.089035,1,,0.158770323,0.080515708,1,,0.157990301,0.087836084,1,,0.156780934,0.090940917,1,,0.155221772,0.089810125,1,,UNSAT,UNSAT,UNSAT,UNSAT,UNSAT,UNSAT,UNSAT,UNSAT
"randomgame(10000,_10,_1,_20)id=19.dzn",1.375775099,1.345,3357,1,7.110387325,7.03572425,2,3.44489193,3.365527833,7,57871,47870,9089,2.303874016,2.234201666,6,9414,180,,,,3.521048069,3.429625041,7,9089,180,,,,180,,,,SAT,TIMEOUT,SAT,TIMEOUT,TIMEOUT,SAT,SAT,SAT
"randomgame(10000,_10,_1,_20)id=2.dzn",1.430117846,1.399,1,1,0.130652297,0.056819125,1,0.152094972,0.091304959,1,,,,0.146524727,0.081798375,1,,0.147114563,0.077939667,1,,0.146594965,0.081889625,1,,0.147092938,0.085737792,1,,0.147991621,0.075638166,1,,UNSAT,UNSAT,UNSAT,UNSAT,UNSAT,UNSAT,UNSAT,UNSAT
"randomgame(10000,_10,_1,_20)id=20.dzn",1.540483725,0.925,3540,0,7.362489223,7.279524833,1,10.71060777,10.61963104,3,58621,48615,8890,3.379158974,3.275169084,3,6678,99.36499977,99.27885271,4,4909,10.96163607,10.88817804,3,8890,98.23511577,98.15948996,4,4909,98.12996888,98.04372138,4,4909,SAT,SAT,SAT,SAT,SAT,SAT,SAT,SAT
"randomgame(10000,_10,_1,_20)id=21.dzn",1.563141108,1.532,3525,0,7.204203129,7.128360417,1,2.093034029,2.016117625,4,57172,47169,5321,2.646015882,2.559222125,4,5851,180,,,,2.222928286,2.116197958,4,5321,180,,,,180,,,,SAT,TIMEOUT,SAT,TIMEOUT,TIMEOUT,SAT,SAT,SAT
"randomgame(10000,_10,_1,_20)id=22.dzn",1.269965887,1.242,1,1,0.11681602,0.046074208,1,0.125155711,0.065357708,1,,,,0.146431386,0.070335875,1,,0.146964598,0.076859334,1,,0.147307503,0.080321375,1,,0.144302106,0.076747458,1,,0.150201178,0.081188625,1,,UNSAT,UNSAT,UNSAT,UNSAT,UNSAT,UNSAT,UNSAT,UNSAT
"randomgame(10000,_10,_1,_20)id=23.dzn",1.564468861,1.528,3586,1,7.219768047,7.135672625,2,6.056006908,5.968615542,1,58386,48379,4720,3.797816992,3.710735333,1,4809,45.15161991,45.06374667,2,4808,6.184911966,6.087586333,1,4720,44.89464617,44.80540937,2,4810,44.98707199,44.89865704,2,4810,SAT,SAT,SAT,SAT,SAT,SAT,SAT,SAT
"randomgame(10000,_10,_1,_20)id=24.dzn",1.617914915,1.585,3554,0,7.3617239,7.273772042,1,2.696887016,2.60030175,3,57942,47936,4690,2.890369892,2.810061125,3,4777,180,,,,2.605026007,2.520475292,3,4690,180,,,,180,,,,SAT,TIMEOUT,SAT,TIMEOUT,TIMEOUT,SAT,SAT,SAT
"randomgame(10000,_10,_1,_20)id=3.dzn",1.428829193,1.395,1,1,0.134700787,0.05897375,1,0.148809254,0.089134542,1,,,,0.146790206,0.070524375,1,,0.145804775,0.088792458,1,,0.144152498,0.081548833,1,,0.143024421,0.077356333,1,,0.142993128,0.071856917,1,,UNSAT,UNSAT,UNSAT,UNSAT,UNSAT,UNSAT,UNSAT,UNSAT
"randomgame(10000,_10,_1,_20)id=4.dzn",1.518191814,1.487,3513,0,7.053732157,6.979147208,1,1.318719864,1.255382792,4,57396,47394,4694,3.19172883,3.066578541,3,4774,168.676281,168.534321,5,4762,3.274080038,3.130803875,4,4694,167.85004,167.7229306,5,4762,167.741925,167.6193824,5,4762,SAT,SAT,SAT,SAT,SAT,SAT,SAT,SAT
"randomgame(10000,_10,_1,_20)id=5.dzn",1.488247156,1.449,1,1,0.129930174,0.048333458,1,0.152703345,0.088037,1,,,,0.228829241,0.137570583,1,,0.227585006,0.12572925,1,,0.229862297,0.126893,1,,0.220496285,0.141633625,1,,0.221991289,0.130145,1,,UNSAT,UNSAT,UNSAT,UNSAT,UNSAT,UNSAT,UNSAT,UNSAT
"randomgame(10000,_10,_1,_20)id=6.dzn",1.405017853,1.37,1,1,0.12408092,0.048296333,1,0.148273492,0.081640583,1,,,,0.2197806,0.11321225,1,,0.218236995,0.110276125,1,,0.225348306,0.144882792,1,,0.225118542,0.136763375,1,,0.22010535,0.130267667,1,,UNSAT,UNSAT,UNSAT,UNSAT,UNSAT,UNSAT,UNSAT,UNSAT
"randomgame(10000,_10,_1,_20)id=7.dzn",1.548329115,1.521,3511,1,6.792098045,6.718327208,2,1.826879025,1.744763041,3,56535,46535,4623,2.27529192,2.192477708,3,4706,180,,,,1.977756023,1.88955475,3,4623,180,,,,180,,,,SAT,TIMEOUT,SAT,TIMEOUT,TIMEOUT,SAT,SAT,SAT
"randomgame(10000,_10,_1,_20)id=8.dzn",1.406121969,1.371,1,1,0.129569447,0.047114625,1,0.141589212,0.073845875,1,,,,0.162117982,0.094055125,1,,0.157625723,0.096378542,1,,0.159966397,0.09303,1,,0.160030687,0.089323833,1,,0.157347333,0.086353208,1,,UNSAT,UNSAT,UNSAT,UNSAT,UNSAT,UNSAT,UNSAT,UNSAT
"randomgame(10000,_10,_1,_20)id=9.dzn",1.34264493,1.311,1,1,0.125091565,0.046069625,1,0.151044941,0.084836167,1,,,,0.162594402,0.103586625,1,,0.163499379,0.091953625,1,,0.166865194,0.097116583,1,,0.162359941,0.096942833,1,,0.16481427,0.105264625,1,,UNSAT,UNSAT,UNSAT,UNSAT,UNSAT,UNSAT,UNSAT,UNSAT
"randomgame(20000,_10,_1,_20)id=0.dzn",3.384690285,3.328,6509,1,28.14161396,27.99444125,2,14.97754288,14.80446571,2,113645,93639,9295,17.91448283,17.76184138,2,9500,180,,,,15.30301285,15.12418171,2,9295,180,,,,180,,,,SAT,TIMEOUT,SAT,TIMEOUT,TIMEOUT,SAT,SAT,SAT
"randomgame(20000,_10,_1,_20)id=1.dzn",2.943509102,2.903,1,1,0.261866224,0.095002291,1,0.403115022,0.279292791,1,,,,0.411711204,0.203945333,1,,0.409687614,0.289357084,1,,0.416917968,0.2758645,1,,0.410161054,0.277861,1,,0.409751856,0.263409167,1,,UNSAT,UNSAT,UNSAT,UNSAT,UNSAT,UNSAT,UNSAT,UNSAT
"randomgame(20000,_10,_1,_20)id=10.dzn",3.437021255,3.39,6668,0,29.49631596,29.34010388,1,15.96850181,15.80299229,4,115802,95797,9454,8.942912102,8.786521625,3,9590,180,,,,15.69325686,15.53658179,4,9454,180,,,,180,,,,SAT,TIMEOUT,SAT,TIMEOUT,TIMEOUT,SAT,SAT,SAT
"randomgame(20000,_10,_1,_20)id=11.dzn",3.609070063,3.558,6865,0,30.00776029,29.84998742,1,8.64743495,8.484508625,3,115597,95594,9406,8.128580809,7.975790084,3,9564,180,,,,8.442095041,8.271492042,3,9406,180,,,,180,,,,SAT,TIMEOUT,SAT,TIMEOUT,TIMEOUT,SAT,SAT,SAT
"randomgame(20000,_10,_1,_20)id=12.dzn",3.573868036,3.519,6811,0,30.58209395,30.43296729,1,10.94544983,10.77780417,5,116237,96235,15894,13.05008888,12.88612554,5,17476,180,,,,10.62927508,10.45930063,5,15894,180,,,,180,,,,SAT,TIMEOUT,SAT,TIMEOUT,TIMEOUT,SAT,SAT,SAT
"randomgame(20000,_10,_1,_20)id=13.dzn",3.392374992,3.329,6469,0,28.81686091,28.66549621,1,105.4171388,105.2446332,8,113069,93063,16219,171.5566111,171.2983798,8,17472,180,,,,150.7047529,150.4885819,8,16219,180,,,,180,,,,SAT,TIMEOUT,SAT,TIMEOUT,TIMEOUT,SAT,SAT,SAT
"randomgame(20000,_10,_1,_20)id=14.dzn",3.331387997,3.28,6617,0,28.07059598,27.92459296,1,12.51511407,12.34625042,4,114638,94634,18015,22.48975706,22.2249375,4,18568,180,,,,19.69670796,19.42475683,4,18015,180,,,,180,,,,SAT,TIMEOUT,SAT,TIMEOUT,TIMEOUT,SAT,SAT,SAT
"randomgame(20000,_10,_1,_20)id=15.dzn",3.07021594,3.018,1,1,0.274816799,0.117999042,1,0.36824261,0.231724416,1,,,,0.398286414,0.236628042,1,,0.407977343,0.241502125,1,,0.413476086,0.273627792,1,,0.415906358,0.282128167,1,,0.414701307,0.256163125,1,,UNSAT,UNSAT,UNSAT,UNSAT,UNSAT,UNSAT,UNSAT,UNSAT
"randomgame(20000,_10,_1,_20)id=16.dzn",3.353731871,3.307,6800,1,28.65691113,28.50684296,2,85.19386196,85.03571721,4,115063,95057,18074,61.19824791,60.90983517,3,13366,180,,,,130.820034,130.572663,4,18074,180,,,,180,,,,SAT,TIMEOUT,SAT,TIMEOUT,TIMEOUT,SAT,SAT,SAT
"randomgame(20000,_10,_1,_20)id=17.dzn",3.257083893,3.204,1,1,0.266394722,0.116773666,1,0.409816635,0.27966025,1,,,,0.589788747,0.407901625,1,,0.572611547,0.407336292,1,,0.603386176,0.426579042,1,,0.610132825,0.406857334,1,,0.615688467,0.411479292,1,,UNSAT,UNSAT,UNSAT,UNSAT,UNSAT,UNSAT,UNSAT,UNSAT
"randomgame(20000,_10,_1,_20)id=18.dzn",3.194733143,3.155,6619,0,30.11488986,29.92237896,1,173.1130431,172.9486078,5,115042,95036,16216,147.7170348,147.5466713,5,12664,180,,,,179.4285021,179.2697945,5,16216,180,,,,180,,,,SAT,TIMEOUT,SAT,TIMEOUT,TIMEOUT,SAT,SAT,SAT
"randomgame(20000,_10,_1,_20)id=19.dzn",2.981141806,2.943,1,1,0.252600408,0.069193917,1,0.376803195,0.246623916,1,,,,0.413865578,0.277487,1,,0.415494347,0.277763583,1,,0.408187771,0.295589541,1,,0.403411818,0.288381917,1,,0.40452975,0.273396833,1,,UNSAT,UNSAT,UNSAT,UNSAT,UNSAT,UNSAT,UNSAT,UNSAT
"randomgame(20000,_10,_1,_20)id=2.dzn",3.61404705,3.56,6901,0,30.00190306,29.84804454,1,12.03682733,11.86651108,5,114927,94923,9467,15.34398413,15.18451942,5,9647,180,,,,11.69912601,11.53880279,5,9467,180,,,,180,,,,SAT,TIMEOUT,SAT,TIMEOUT,TIMEOUT,SAT,SAT,SAT
"randomgame(20000,_10,_1,_20)id=20.dzn",2.957895041,2.919,6935,1,26.45370483,26.32814296,2,10.50211096,10.35988996,4,115263,95257,17570,15.36142111,15.17637808,4,18456,180,,,,12.42254996,12.24743146,4,17570,180,,,,180,,,,SAT,TIMEOUT,SAT,TIMEOUT,TIMEOUT,SAT,SAT,SAT
"randomgame(20000,_10,_1,_20)id=21.dzn",2.992431164,2.946,1,1,0.246918154,0.099370333,1,0.375924242,0.259606333,1,,,,0.414945531,0.295230375,1,,0.414354622,0.272383291,1,,0.412907052,0.284169,1,,0.41673131,0.286318792,1,,0.417181158,0.271930625,1,,UNSAT,UNSAT,UNSAT,UNSAT,UNSAT,UNSAT,UNSAT,UNSAT
"randomgame(20000,_10,_1,_20)id=22.dzn",3.195567131,3.145,6658,0,27.87857723,27.72535425,1,14.9002471,14.73180033,5,114596,94590,23496,17.70318794,17.52668029,5,21189,180,,,,16.73338866,16.56337054,5,23496,180,,,,180,,,,SAT,TIMEOUT,SAT,TIMEOUT,TIMEOUT,SAT,SAT,SAT
"randomgame(20000,_10,_1,_20)id=23.dzn",2.970875025,2.931,1,1,0.253245056,0.117931459,1,0.390616071,0.272293291,1,,,,0.433786571,0.338560875,1,,0.437780952,0.3023325,1,,0.44120543,0.309654542,1,,0.437851882,0.295841417,1,,0.436064053,0.291196541,1,,UNSAT,UNSAT,UNSAT,UNSAT,UNSAT,UNSAT,UNSAT,UNSAT
"randomgame(20000,_10,_1,_20)id=24.dzn",3.411541939,3.36,7191,13,29.34092379,29.18715104,10,48.35409284,48.18694658,3,115482,95476,9510,10.27182412,10.11006146,1,9688,180,,,,77.70597982,77.49955788,3,9510,180,,,,180,,,,SAT,TIMEOUT,SAT,TIMEOUT,TIMEOUT,SAT,SAT,SAT
"randomgame(20000,_10,_1,_20)id=3.dzn",3.229075909,3.165,1,1,0.271101701,0.119334792,1,0.380759799,0.252749667,1,,,,0.377886224,0.2538985,1,,0.383898962,0.257109875,1,,0.381335306,0.254345125,1,,0.38053025,0.258320875,1,,0.380238485,0.239924167,1,,UNSAT,UNSAT,UNSAT,UNSAT,UNSAT,UNSAT,UNSAT,UNSAT
"randomgame(20000,_10,_1,_20)id=4.dzn",3.163990974,3.114,333,6,0.391773844,0.252882084,1,0.848151016,0.683563833,2,114923,94908,2,0.870436347,0.691591792,2,2,0.844819248,0.663163708,1,2,0.865404499,0.716638708,2,2,0.854320741,0.686174958,1,2,0.8544698,0.701840792,1,2,UNSAT,UNSAT,UNSAT,UNSAT,UNSAT,UNSAT,UNSAT,UNSAT
"randomgame(20000,_10,_1,_20)id=5.dzn",2.730064154,2.684,1,1,0.244602823,0.114341667,1,0.359250438,0.225778875,1,,,,0.421229589,0.2938175,1,,0.41965816,0.277888708,1,,0.41763072,0.277580291,1,,0.412149882,0.275202083,1,,0.41729337,0.29619225,1,,UNSAT,UNSAT,UNSAT,UNSAT,UNSAT,UNSAT,UNSAT,UNSAT
"randomgame(20000,_10,_1,_20)id=6.dzn",2.516066074,2.478,1,1,0.258376539,0.099649541,1,0.381302023,0.256645708,1,,,,0.406837666,0.178144792,1,,0.406371975,0.303904417,1,,0.411299133,0.262247,1,,0.404374075,0.288284875,1,,0.403988194,0.281981042,1,,UNSAT,UNSAT,UNSAT,UNSAT,UNSAT,UNSAT,UNSAT,UNSAT
"randomgame(20000,_10,_1,_20)id=7.dzn",3.522329807,3.475,6927,0,29.69689989,29.53051742,1,10.07622004,9.905081834,4,115253,95242,9477,9.879288912,9.695960083,2,9648,180,,,,10.75997996,10.52005908,4,9477,180,,,,180,,,,SAT,TIMEOUT,SAT,TIMEOUT,TIMEOUT,SAT,SAT,SAT
"randomgame(20000,_10,_1,_20)id=8.dzn",3.421893835,3.363,7085,3,29.1931088,29.04944083,4,9.983584166,9.825673,4,114518,94516,9468,8.944946289,8.782222166,1,9588,180,,,,10.45933294,10.28665454,4,9468,180,,,,180,,,,SAT,TIMEOUT,SAT,TIMEOUT,TIMEOUT,SAT,SAT,SAT
"randomgame(20000,_10,_1,_20)id=9.dzn",3.021815062,2.973,1,1,0.253389955,0.104276792,1,0.371547306,0.245518125,1,,,,0.392735255,0.268185417,1,,0.398018026,0.260252042,1,,0.401019001,0.274507292,1,,0.400604963,0.276161167,1,,0.398906863,0.259411416,1,,UNSAT,UNSAT,UNSAT,UNSAT,UNSAT,UNSAT,UNSAT,UNSAT
"randomgame(5000,_10,_1,_20)id=0.dzn",0.627653384,0.608,1,1,0.069968402,0.024128917,1,0.063897908,0.0260395,1,,,,0.068322945,0.03088825,1,,0.065137279,0.025948875,1,,0.065491593,0.026540792,1,,0.067444253,0.027291416,1,,0.067521608,0.028202833,1,,UNSAT,UNSAT,UNSAT,UNSAT,UNSAT,UNSAT,UNSAT,UNSAT
"randomgame(5000,_10,_1,_20)id=1.dzn",0.750722528,0.744,1960,1,1.779534101,1.735991,2,0.82761997,0.752443166,8,28839,23831,4637,0.891576827,0.830387209,6,4774,6.021428108,5.974820416,3,2382,0.855525267,0.800594334,8,4637,5.915423155,5.859512584,3,2382,5.986891031,5.938350666,3,2382,SAT,SAT,SAT,SAT,SAT,SAT,SAT,SAT
"randomgame(5000,_10,_1,_20)id=10.dzn",0.715283585,0.683,1,1,0.070098364,0.027431291,1,0.061944222,0.018433167,1,,,,0.063736093,0.022227459,1,,0.06491065,0.022662583,1,,0.05966053,0.017592667,1,,0.060783637,0.017095916,1,,0.064141655,0.026270959,1,,UNSAT,UNSAT,UNSAT,UNSAT,UNSAT,UNSAT,UNSAT,UNSAT
"randomgame(5000,_10,_1,_20)id=11.dzn",0.742013729,0.701,1752,1,1.786110163,1.735077917,2,0.899301064,0.911813834,3,28616,23614,2341,0.814542294,0.786032208,3,2396,10.74885607,10.70479771,9,3248,0.919023824,0.852949334,3,2341,10.98200417,10.92514183,9,3248,10.74673009,10.70039708,9,3248,SAT,SAT,SAT,SAT,SAT,SAT,SAT,SAT
"randomgame(5000,_10,_1,_20)id=12.dzn",0.730938852,0.709,1,1,0.07292403,0.029076084,1,0.063115549,0.028442916,1,,,,0.063928509,0.028914292,1,,0.064838672,0.025786959,1,,0.067339218,0.024430583,1,,0.068241525,0.027436959,1,,0.067123377,0.025403667,1,,UNSAT,UNSAT,UNSAT,UNSAT,UNSAT,UNSAT,UNSAT,UNSAT
"randomgame(5000,_10,_1,_20)id=13.dzn",0.748763657,0.709,1815,6,1.787715912,1.745331416,10,0.551699686,0.499426667,3,28338,23336,2346,0.729651105,0.675795334,3,2388,7.845522881,7.79935625,3,2382,0.555867743,0.517001167,3,2346,7.612359047,7.573341292,3,2382,6.58395195,6.538961458,3,2382,SAT,SAT,SAT,SAT,SAT,SAT,SAT,SAT
"randomgame(5000,_10,_1,_20)id=14.dzn",0.758342469,0.745,2129,9,1.836297035,1.793372417,8,1.365553856,1.315971708,8,29128,24125,4526,0.86485517,0.811087333,6,4685,12.15734792,12.11147196,6,2445,1.412320137,1.367823125,8,4526,12.36583018,12.32095675,6,2445,12.20683217,12.15956983,6,2445,SAT,SAT,SAT,SAT,SAT,SAT,SAT,SAT
"randomgame(5000,_10,_1,_20)id=15.dzn",0.661292851,0.628,1853,0,1.588274956,1.549807625,1,0.549258792,0.505862458,2,28891,23885,2380,0.708639431,0.702221291,2,2433,21.77721405,21.73266225,6,2425,0.657738245,0.590575875,2,2380,21.819695,21.77170838,6,2425,21.64139295,21.58576608,6,2425,SAT,SAT,SAT,SAT,SAT,SAT,SAT,SAT
"randomgame(5000,_10,_1,_20)id=16.dzn",0.757184267,0.694,1717,0,1.734822035,1.688504584,1,0.500102055,0.477797083,1,28920,23919,2387,0.604022336,0.538134792,1,2419,6.654453993,6.61283775,3,2420,0.544185972,0.50952925,1,2387,6.572009802,6.519917416,3,2420,6.544158936,6.497216375,3,2420,SAT,SAT,SAT,SAT,SAT,SAT,SAT,SAT
"randomgame(5000,_10,_1,_20)id=17.dzn",0.713382423,0.699,1,1,0.070916605,0.024944459,1,0.06343894,0.026516792,1,,,,0.066769421,0.023921875,1,,0.067284083,0.029885209,1,,0.065930438,0.03118775,1,,0.067476606,0.029909583,1,,0.070292413,0.02845775,1,,UNSAT,UNSAT,UNSAT,UNSAT,UNSAT,UNSAT,UNSAT,UNSAT
"randomgame(5000,_10,_1,_20)id=18.dzn",0.71053133,0.647,1,1,0.069889414,0.032826625,1,0.059281588,0.018847667,1,,,,0.062025023,0.022060792,1,,0.059079492,0.015840125,1,,0.057218945,0.021557417,1,,0.055805135,0.023938416,1,,0.058242643,0.023733,1,,UNSAT,UNSAT,UNSAT,UNSAT,UNSAT,UNSAT,UNSAT,UNSAT
"randomgame(5000,_10,_1,_20)id=19.dzn",0.768143988,0.714,1913,2,1.828202009,1.780929709,2,2.12522912,2.078152167,3,28952,23946,2388,0.647970676,0.581975459,2,2430,62.99984694,62.94946542,5,2429,2.262560844,2.209034083,3,2388,62.58585119,62.54624554,5,2429,63.18512893,63.13582617,5,2429,SAT,SAT,SAT,SAT,SAT,SAT,SAT,SAT
"randomgame(5000,_10,_1,_20)id=2.dzn",0.727215743,0.685,1,1,0.074317849,0.02793775,1,0.065300107,0.02579675,1,,,,0.069008029,0.024633875,1,,0.067932272,0.029297125,1,,0.068794346,0.029387125,1,,0.069997728,0.02922975,1,,0.069135582,0.032094208,1,,UNSAT,UNSAT,UNSAT,UNSAT,UNSAT,UNSAT,UNSAT,UNSAT
"randomgame(5000,_10,_1,_20)id=20.dzn",0.717247403,0.711,1,1,0.071379697,0.029439625,1,0.055661583,0.025110292,1,,,,0.06848402,0.022247667,1,,0.068081272,0.022210875,1,,0.069465268,0.025736542,1,,0.066942537,0.030851959,1,,0.067267454,0.02778175,1,,UNSAT,UNSAT,UNSAT,UNSAT,UNSAT,UNSAT,UNSAT,UNSAT
"randomgame(5000,_10,_1,_20)id=21.dzn",0.751854014,0.707,1770,0,1.680191994,1.630708083,1,0.58899709,0.538250875,4,28121,23115,2293,0.770953202,0.716783666,4,2349,7.945573092,7.893527,4,2681,0.620429313,0.536836333,4,2293,7.815912008,7.76781875,4,2681,7.82950592,7.78497575,4,2681,SAT,SAT,SAT,SAT,SAT,SAT,SAT,SAT
"randomgame(5000,_10,_1,_20)id=22.dzn",0.710295236,0.701,1,1,0.066997099,0.029588708,1,0.061255026,0.020241583,1,,,,0.068298697,0.028359167,1,,0.06660955,0.032364834,1,,0.067196393,0.028739959,1,,0.067699182,0.022230458,1,,0.063979876,0.019841833,1,,UNSAT,UNSAT,UNSAT,UNSAT,UNSAT,UNSAT,UNSAT,UNSAT
"randomgame(5000,_10,_1,_20)id=23.dzn",0.589680171,0.533,1846,0,1.456938028,1.414486083,1,0.53927021,0.500047042,3,29241,24237,2439,0.571278048,0.495785792,3,2487,23.55880713,23.51235204,3,2486,0.668253875,0.61509075,3,2439,23.67986321,23.62906354,3,2488,23.88629603,23.84510792,3,2488,SAT,SAT,SAT,SAT,SAT,SAT,SAT,SAT
"randomgame(5000,_10,_1,_20)id=24.dzn",0.760316575,0.686,1905,1,1.759572029,1.716576958,3,0.699235821,0.652425584,4,29355,24347,2377,0.755812025,0.676004959,4,2425,4.281582117,4.239319042,2,2432,0.721553302,0.664064083,4,2377,4.388601065,4.332891292,2,2432,4.259157896,4.216199292,2,2432,SAT,SAT,SAT,SAT,SAT,SAT,SAT,SAT
"randomgame(5000,_10,_1,_20)id=3.dzn",0.749980986,0.744,2051,1,1.711807966,1.667376667,1,2.441128969,2.396344459,4,28519,23514,4549,2.045787096,1.998569042,3,3399,21.28240991,21.23080525,2,2403,2.77351594,2.727579417,4,4549,21.26775026,21.22495525,2,2403,21.32258368,21.27243408,2,2403,SAT,SAT,SAT,SAT,SAT,SAT,SAT,SAT
"randomgame(5000,_10,_1,_20)id=4.dzn",0.718440306,0.676,1,1,0.067681742,0.025665333,1,0.062992275,0.023015875,1,,,,0.062322462,0.025190833,1,,0.064145267,0.030948166,1,,0.064518809,0.026311333,1,,0.066301847,0.02918075,1,,0.067563772,0.024979625,1,,UNSAT,UNSAT,UNSAT,UNSAT,UNSAT,UNSAT,UNSAT,UNSAT
"randomgame(5000,_10,_1,_20)id=5.dzn",0.708248544,0.438,1,1,0.06983732,0.032976958,1,0.061117828,0.020935875,1,,,,0.049704683,0.021412667,1,,0.062257838,0.025054792,1,,0.061315894,0.025658084,1,,0.060456347,0.025723042,1,,0.06189152,0.030175042,1,,UNSAT,UNSAT,UNSAT,UNSAT,UNSAT,UNSAT,UNSAT,UNSAT
"randomgame(5000,_10,_1,_20)id=6.dzn",0.729645455,0.679,1,1,0.066958785,0.022837917,1,0.066256797,0.024324125,1,,,,0.064968717,0.026364125,1,,0.066673148,0.027125458,1,,0.064757097,0.023382375,1,,0.067253733,0.02946275,1,,0.066437531,0.030599041,1,,UNSAT,UNSAT,UNSAT,UNSAT,UNSAT,UNSAT,UNSAT,UNSAT
"randomgame(5000,_10,_1,_20)id=7.dzn",0.781643593,0.755,1888,2,1.838114023,1.789947291,5,1.298579216,1.250074,6,28471,23467,2361,1.239788055,1.195637792,6,2404,19.80883479,19.75868683,5,2386,1.2800138,1.235626167,6,2361,19.77738094,19.72749463,5,2386,19.90101099,19.84339338,5,2386,SAT,SAT,SAT,SAT,SAT,SAT,SAT,SAT
"randomgame(5000,_10,_1,_20)id=8.dzn",0.732437277,0.666,1,1,0.071825731,0.030590125,1,0.064117372,0.021582958,1,,,,0.067657173,0.023152083,1,,0.068336737,0.028046875,1,,0.069488418,0.021591458,1,,0.068519723,0.029958834,1,,0.068447697,0.032320417,1,,UNSAT,UNSAT,UNSAT,UNSAT,UNSAT,UNSAT,UNSAT,UNSAT
"randomgame(5000,_10,_1,_20)id=9.dzn",0.781417024,0.739,2020,1,1.850090027,1.807468791,2,0.539062917,0.482147416,3,28772,23755,2365,0.57285645,0.507132834,3,2419,6.052863121,6.000031375,2,2408,0.572592521,0.498833042,3,2365,5.959844112,5.913033625,2,2408,5.960846663,5.918033541,2,2408,SAT,SAT,SAT,SAT,SAT,SAT,SAT,SAT
"randomgame(50000,_10,_1,_20)id=0.dzn",8.277709007,8.18,1,1,0.688407898,0.300424542,1,1.453640223,1.122001708,1,,,,1.310922861,1.040623208,1,,1.298590899,0.995577083,1,,1.329587221,1.043902459,1,,1.229397058,0.960140083,1,,1.089431047,0.867320875,1,,UNSAT,UNSAT,UNSAT,UNSAT,UNSAT,UNSAT,UNSAT,UNSAT
"randomgame(50000,_10,_1,_20)id=1.dzn",9.903625965,9.801,16688,1,180,,,180,,,,,,180,,,,180,,,,180,,,,180,,,,180,,,,SAT,TIMEOUT,TIMEOUT,TIMEOUT,TIMEOUT,TIMEOUT,TIMEOUT,TIMEOUT
"randomgame(50000,_10,_1,_20)id=10.dzn",9.281341076,9.176,16623,1,180,,,180,,,,,,180,,,,180,,,,180,,,,180,,,,180,,,,SAT,TIMEOUT,TIMEOUT,TIMEOUT,TIMEOUT,TIMEOUT,TIMEOUT,TIMEOUT
"randomgame(50000,_10,_1,_20)id=11.dzn",7.57665801,7.478,1,1,0.699598944,0.311238083,1,1.451714039,1.118228125,1,,,,1.201004982,0.960494958,1,,1.531414986,1.178306708,1,,1.51274991,1.165175916,1,,1.515769958,1.156589833,1,,1.56495595,1.183471208,1,,UNSAT,UNSAT,UNSAT,UNSAT,UNSAT,UNSAT,UNSAT,UNSAT
"randomgame(50000,_10,_1,_20)id=12.dzn",9.992668867,9.884,16753,0,180,,,105.78618,105.3053678,6,288534,238530,23531,77.53090501,77.05459375,4,23950,180,,,,110.1934671,109.7312446,6,23531,180,,,,180,,,,SAT,TIMEOUT,SAT,TIMEOUT,TIMEOUT,SAT,TIMEOUT,SAT
"randomgame(50000,_10,_1,_20)id=13.dzn",8.19770503,8.091,1,1,0.707239258,0.284672791,1,1.562542915,1.245156208,1,,,,1.69340992,1.347004166,1,,1.793576002,1.431042542,1,,1.761044979,1.375304292,1,,1.637135744,1.298724958,1,,1.754722118,1.414646666,1,,UNSAT,UNSAT,UNSAT,UNSAT,UNSAT,UNSAT,UNSAT,UNSAT
"randomgame(50000,_10,_1,_20)id=14.dzn",8.047906637,7.955,1,1,0.683607221,0.301974542,1,1.571699858,1.233800709,1,,,,1.572874069,1.23611675,1,,1.647294998,1.292122167,1,,1.611056089,1.278389167,1,,1.61217308,1.262808667,1,,1.689121962,1.329738917,1,,UNSAT,UNSAT,UNSAT,UNSAT,UNSAT,UNSAT,UNSAT,UNSAT
"randomgame(50000,_10,_1,_20)id=15.dzn",7.853065968,7.753,1,1,0.663887024,0.285725667,1,1.323294163,1.010864,1,,,,1.42194581,1.051527,1,,1.398704052,1.03120925,1,,1.274567842,1.012416959,1,,1.412896872,1.046270292,1,,1.428986311,1.067039167,1,,UNSAT,UNSAT,UNSAT,UNSAT,UNSAT,UNSAT,UNSAT,UNSAT
"randomgame(50000,_10,_1,_20)id=16.dzn",10.17630005,10.074,16454,0,180,,,180,,,,,,180,,,,180,,,,180,,,,180,,,,180,,,,SAT,TIMEOUT,TIMEOUT,TIMEOUT,TIMEOUT,TIMEOUT,TIMEOUT,TIMEOUT
"randomgame(50000,_10,_1,_20)id=17.dzn",9.852043152,9.749,16377,0,180,,,112.610815,112.1470229,4,288048,238044,44858,113.8326013,113.3786875,4,33319,180,,,,116.2194841,115.7298852,4,44858,180,,,,180,,,,SAT,TIMEOUT,SAT,TIMEOUT,TIMEOUT,SAT,TIMEOUT,SAT
"randomgame(50000,_10,_1,_20)id=18.dzn",8.27995801,8.169,1,1,0.718914568,0.283803167,1,1.572358131,1.240480875,1,,,,1.541137934,1.212190833,1,,1.037801981,0.808844834,1,,1.559120178,1.205884792,1,,1.569519043,1.225627209,1,,1.532983065,1.191367542,1,,UNSAT,UNSAT,UNSAT,UNSAT,UNSAT,UNSAT,UNSAT,UNSAT
"randomgame(50000,_10,_1,_20)id=19.dzn",8.352475882,8.25,1,1,0.713235199,0.307395625,1,1.372586012,1.045918208,1,,,,1.406940937,1.080174667,1,,1.420282125,1.084369584,1,,1.456737041,1.106714625,1,,1.417899132,1.0685445,1,,1.476145029,1.117399292,1,,UNSAT,UNSAT,UNSAT,UNSAT,UNSAT,UNSAT,UNSAT,UNSAT
"randomgame(50000,_10,_1,_20)id=2.dzn",8.156522274,8.06,1,1,0.691264749,0.296209209,1,1.439874887,1.119249125,1,,,,2.224717855,1.70528775,1,,2.22086215,1.672576583,1,,2.233991861,1.712392,1,,2.213895321,1.676696958,1,,2.252891064,1.722591042,1,,UNSAT,UNSAT,UNSAT,UNSAT,UNSAT,UNSAT,UNSAT,UNSAT
"randomgame(50000,_10,_1,_20)id=20.dzn",9.774730921,9.665,16383,0,180,,,180,,,,,,136.704334,136.3415041,3,24057,180,,,,180,,,,180,,,,180,,,,SAT,TIMEOUT,TIMEOUT,TIMEOUT,TIMEOUT,TIMEOUT,TIMEOUT,SAT
"randomgame(50000,_10,_1,_20)id=21.dzn",9.029577017,8.931,16308,0,180,,,180,,,,,,176.571254,176.2639744,3,48076,180,,,,180,,,,180,,,,180,,,,SAT,TIMEOUT,TIMEOUT,TIMEOUT,TIMEOUT,TIMEOUT,TIMEOUT,SAT
"randomgame(50000,_10,_1,_20)id=22.dzn",8.605424881,8.494,1,1,0.803205621,0.407870833,1,1.328243017,1.000410333,1,,,,1.418448687,1.05839425,1,,1.424751997,1.053134333,1,,1.422076941,1.071585291,1,,1.486217022,1.118699542,1,,1.372450113,1.034702416,1,,UNSAT,UNSAT,UNSAT,UNSAT,UNSAT,UNSAT,UNSAT,UNSAT
"randomgame(50000,_10,_1,_20)id=23.dzn",9.057420015,8.957,16826,0,172.039418,171.6355485,1,180,,,,,,87.01229024,86.53440604,2,24014,180,,,,180,,,,180,,,,180,,,,SAT,TIMEOUT,TIMEOUT,TIMEOUT,TIMEOUT,TIMEOUT,SAT,SAT
"randomgame(50000,_10,_1,_20)id=24.dzn",8.289297819,8.189,1,1,0.727235591,0.341544542,1,1.45557189,1.114984208,1,,,,1.420160055,1.105228167,1,,1.446111202,1.116601291,1,,1.477858067,1.140242583,1,,1.455770969,1.1332555,1,,1.469862223,1.130858125,1,,UNSAT,UNSAT,UNSAT,UNSAT,UNSAT,UNSAT,UNSAT,UNSAT
"randomgame(50000,_10,_1,_20)id=3.dzn",7.938549995,7.836,1,1,0.685745311,0.290136209,1,1.517697811,1.178112041,1,,,,2.24001193,1.742506791,1,,2.241677999,1.744474416,1,,2.239490271,1.755773375,1,,2.236844778,1.74629975,1,,2.262012005,1.770209708,1,,UNSAT,UNSAT,UNSAT,UNSAT,UNSAT,UNSAT,UNSAT,UNSAT
"randomgame(50000,_10,_1,_20)id=4.dzn",9.942838192,9.842,16405,0,180,,,180,,,,,,85.16476202,84.84000588,1,24049,180,,,,180,,,,180,,,,180,,,,SAT,TIMEOUT,TIMEOUT,TIMEOUT,TIMEOUT,TIMEOUT,TIMEOUT,SAT
"randomgame(50000,_10,_1,_20)id=5.dzn",8.446441889,8.34,1,1,0.709695268,0.305360167,1,1.552624941,1.21735875,1,,,,1.570894957,1.246415917,1,,1.541335106,1.180961708,1,,1.557430029,1.215721,1,,1.502972126,1.163596375,1,,1.488442898,1.15458925,1,,UNSAT,UNSAT,UNSAT,UNSAT,UNSAT,UNSAT,UNSAT,UNSAT
"randomgame(50000,_10,_1,_20)id=6.dzn",10.42539024,10.319,17071,2,180,,,180,,,,,,127.9684911,127.6356829,5,54249,180,,,,180,,,,180,,,,180,,,,SAT,TIMEOUT,TIMEOUT,TIMEOUT,TIMEOUT,TIMEOUT,TIMEOUT,SAT
"randomgame(50000,_10,_1,_20)id=7.dzn",8.481368065,8.379,1,1,0.733542836,0.316603083,1,1.536681175,1.197219,1,,,,1.536246061,1.216201959,1,,1.534750938,1.2157095,1,,1.50218606,1.154346916,1,,1.5375669,1.207679666,1,,1.510281801,1.173721791,1,,UNSAT,UNSAT,UNSAT,UNSAT,UNSAT,UNSAT,UNSAT,UNSAT
"randomgame(50000,_10,_1,_20)id=8.dzn",8.150899887,8.05,1,1,0.647492087,0.274394375,1,1.471190929,1.137752,1,,,,1.640220881,1.277325792,1,,1.56737709,1.205480292,1,,1.593477726,1.208586916,1,,1.57467103,1.213450334,1,,1.675679922,1.281828084,1,,UNSAT,UNSAT,UNSAT,UNSAT,UNSAT,UNSAT,UNSAT,UNSAT
"randomgame(50000,_10,_1,_20)id=9.dzn",8.666352272,8.577,16710,0,164.7803247,164.4209044,1,180,,,,,,123.1759219,122.713865,2,23978,180,,,,180,,,,180,,,,180,,,,SAT,TIMEOUT,TIMEOUT,TIMEOUT,TIMEOUT,TIMEOUT,SAT,SAT
recursiveladder(100).dzn,180,,,,0.438666248,0.418646417,224,180,,,,,,180,,,,180,,,,180,,,,180,,,,180,,,,TIMEOUT,TIMEOUT,TIMEOUT,TIMEOUT,TIMEOUT,TIMEOUT,UNSAT,TIMEOUT
recursiveladder(1000).dzn,180,,,,180,,,180,,,,,,180,,,,180,,,,180,,,,180,,,,180,,,,TIMEOUT,TIMEOUT,TIMEOUT,TIMEOUT,TIMEOUT,TIMEOUT,TIMEOUT,TIMEOUT
recursiveladder(10000).dzn,180,,,,180,,,180,,,,,,180,,,,180,,,,180,,,,180,,,,180,,,,TIMEOUT,TIMEOUT,TIMEOUT,TIMEOUT,TIMEOUT,TIMEOUT,TIMEOUT,TIMEOUT
recursiveladder(200).dzn,180,,,,2.543890238,2.52085725,449,180,,,,,,180,,,,180,,,,180,,,,180,,,,180,,,,TIMEOUT,TIMEOUT,TIMEOUT,TIMEOUT,TIMEOUT,TIMEOUT,UNSAT,TIMEOUT
recursiveladder(2000).dzn,180,,,,180,,,180,,,,,,180,,,,180,,,,180,,,,180,,,,180,,,,TIMEOUT,TIMEOUT,TIMEOUT,TIMEOUT,TIMEOUT,TIMEOUT,TIMEOUT,TIMEOUT
recursiveladder(20000).dzn,180,,,,180,,,180,,,,,,180,,,,180,,,,180,,,,180,,,,180,,,,TIMEOUT,TIMEOUT,TIMEOUT,TIMEOUT,TIMEOUT,TIMEOUT,TIMEOUT,TIMEOUT
recursiveladder(500).dzn,180,,,,35.75510192,35.73343458,1124,180,,,,,,180,,,,180,,,,180,,,,180,,,,180,,,,TIMEOUT,TIMEOUT,TIMEOUT,TIMEOUT,TIMEOUT,TIMEOUT,UNSAT,TIMEOUT
recursiveladder(5000).dzn,180,,,,180,,,180,,,,,,180,,,,180,,,,180,,,,180,,,,180,,,,TIMEOUT,TIMEOUT,TIMEOUT,TIMEOUT,TIMEOUT,TIMEOUT,TIMEOUT,TIMEOUT
recursiveladder(50000).dzn,180,,,,180,,,180,,,,,,180,,,,180,,,,180,,,,180,,,,180,,,,TIMEOUT,TIMEOUT,TIMEOUT,TIMEOUT,TIMEOUT,TIMEOUT,TIMEOUT,TIMEOUT
Snakewidth=4_height=4_black_has_winning_strategy.dzn,0.093537891,0.053,1,1,0.021229911,0.003625167,1,0.016929543,0.002681125,1,,,,0.017195737,0.002239,1,,0.016798925,0.002690875,1,,0.016868019,0.002684,1,,0.017013955,0.002697625,1,,0.01682359,0.002721792,1,,UNSAT,UNSAT,UNSAT,UNSAT,UNSAT,UNSAT,UNSAT,UNSAT
Snakewidth=4_height=4_white_has_winning_strategy.dzn,0.158080029,0.088,5202,0,0.194379032,0.112690834,1,0.163804936,0.14765825,1,4847,0,4196,0.173624945,0.154997083,1,4196,90.46110988,90.44235013,1210,364743,0.18222152,0.16248125,1,4196,91.33788323,91.31788783,1210,364743,91.73185515,91.71356896,1210,364743,SAT,SAT,SAT,SAT,SAT,SAT,SAT,SAT
StarNesterk=1_n=1.dzn,0.013772786,0.001,76,0,0.011392009,,,0.011290514,,,,,,0.011067331,,,,0.010984206,,,,0.010841894,,,,0.010979295,,,,0.011045611,,,,SAT,UNKNOWN,UNKNOWN,UNKNOWN,UNKNOWN,UNKNOWN,UNKNOWN,UNKNOWN
StarNesterk=1_n=1_compact.dzn,0.012664151,0.001,9,0,0.011217022,,,0.010867298,,,,,,0.011097157,,,,0.01110388,,,,0.011203921,,,,0.010930097,,,,0.011161351,,,,SAT,UNKNOWN,UNKNOWN,UNKNOWN,UNKNOWN,UNKNOWN,UNKNOWN,UNKNOWN
StarNesterk=1_n=2.dzn,0.018290377,0.004,336,0,0.010943174,,,0.010997164,,,,,,0.011179781,,,,0.011228943,,,,0.010936058,,,,0.01102947,,,,0.010966158,,,,SAT,UNKNOWN,UNKNOWN,UNKNOWN,UNKNOWN,UNKNOWN,UNKNOWN,UNKNOWN
StarNesterk=1_n=2_compact.dzn,0.013147295,0.001,15,0,0.011477995,,,0.011297917,,,,,,0.010906029,,,,0.011007273,,,,0.011003828,,,,0.011125803,,,,0.010846865,,,,SAT,UNKNOWN,UNKNOWN,UNKNOWN,UNKNOWN,UNKNOWN,UNKNOWN,UNKNOWN
StarNesterk=1_n=3.dzn,0.025111139,0.01,912,0,0.010991573,,,0.011392319,,,,,,0.011198997,,,,0.011213088,,,,0.010956562,,,,0.012019062,,,,0.011867917,,,,SAT,UNKNOWN,UNKNOWN,UNKNOWN,UNKNOWN,UNKNOWN,UNKNOWN,UNKNOWN
StarNesterk=1_n=3_compact.dzn,0.01322118,0.001,21,0,0.011364007,,,0.011218154,,,,,,0.010953069,,,,0.010947692,,,,0.011049199,,,,0.010871315,,,,0.011039937,,,,SAT,UNKNOWN,UNKNOWN,UNKNOWN,UNKNOWN,UNKNOWN,UNKNOWN,UNKNOWN
StarNesterk=1_n=4.dzn,0.040833318,0.026,1924,0,0.011918008,,,0.011400247,,,,,,0.011308134,,,,0.011283612,,,,0.010923767,,,,0.01122067,,,,0.011082363,,,,SAT,UNKNOWN,UNKNOWN,UNKNOWN,UNKNOWN,UNKNOWN,UNKNOWN,UNKNOWN
StarNesterk=1_n=4_compact.dzn,0.013885581,0.001,27,0,0.011175227,,,0.01128304,,,,,,0.010819244,,,,0.010852432,,,,0.011657929,,,,0.011335826,,,,0.011062884,,,,SAT,UNKNOWN,UNKNOWN,UNKNOWN,UNKNOWN,UNKNOWN,UNKNOWN,UNKNOWN
StarNesterk=1_n=5.dzn,0.088577652,0.052,3492,0,0.012721717,,,0.011960912,,,,,,0.011451232,,,,0.012262249,,,,0.011243272,,,,0.011183512,,,,0.011045623,,,,SAT,UNKNOWN,UNKNOWN,UNKNOWN,UNKNOWN,UNKNOWN,UNKNOWN,UNKNOWN
StarNesterk=1_n=5_compact.dzn,0.014384258,0.002,33,0,0.011331391,,,0.011331105,,,,,,0.011262202,,,,0.01112628,,,,0.010994828,,,,0.011030602,,,,0.010937798,,,,SAT,UNKNOWN,UNKNOWN,UNKNOWN,UNKNOWN,UNKNOWN,UNKNOWN,UNKNOWN
StarNesterk=1_n=6.dzn,0.175767422,0.103,5736,0,0.013235593,,,0.011599195,,,,,,0.011872518,,,,0.011795175,,,,0.011884785,,,,0.011651623,,,,0.01162529,,,,SAT,UNKNOWN,UNKNOWN,UNKNOWN,UNKNOWN,UNKNOWN,UNKNOWN,UNKNOWN
StarNesterk=1_n=6_compact.dzn,0.014450085,0.002,39,0,0.011257458,,,0.010903037,,,,,,0.0116539,,,,0.011224198,,,,0.010896778,,,,0.011148942,,,,0.010739017,,,,SAT,UNKNOWN,UNKNOWN,UNKNOWN,UNKNOWN,UNKNOWN,UNKNOWN,UNKNOWN
StarNesterk=1_n=7.dzn,0.314026296,0.191,8776,0,0.014108276,,,0.011905587,,,,,,0.011723447,,,,0.012126017,,,,0.01218344,,,,0.012176192,,,,0.011939931,,,,SAT,UNKNOWN,UNKNOWN,UNKNOWN,UNKNOWN,UNKNOWN,UNKNOWN,UNKNOWN
StarNesterk=1_n=7_compact.dzn,0.015202057,0.002,45,0,0.011164749,,,0.011205387,,,,,,0.010901845,,,,0.010989165,,,,0.011260545,,,,0.011027265,,,,0.010960662,,,,SAT,UNKNOWN,UNKNOWN,UNKNOWN,UNKNOWN,UNKNOWN,UNKNOWN,UNKNOWN
StarNesterk=1_n=8.dzn,0.570290017,0.554,12732,0,0.014029908,,,0.012999737,,,,,,0.012485349,,,,0.012461483,,,,0.012556195,,,,0.012482274,,,,0.012625289,,,,SAT,UNKNOWN,UNKNOWN,UNKNOWN,UNKNOWN,UNKNOWN,UNKNOWN,UNKNOWN
StarNesterk=1_n=8_compact.dzn,0.015854621,0.002,51,0,0.010797346,,,0.011369765,,,,,,0.010936415,,,,0.010861421,,,,0.010940838,,,,0.010919273,,,,0.01125685,,,,SAT,UNKNOWN,UNKNOWN,UNKNOWN,UNKNOWN,UNKNOWN,UNKNOWN,UNKNOWN
StarNesterk=2_n=1.dzn,0.01355778,0.001,61,0,0.01152519,,,0.011068833,,,,,,0.011140549,,,,0.011314666,,,,0.011021352,,,,0.011210418,,,,0.011074066,,,,SAT,UNKNOWN,UNKNOWN,UNKNOWN,UNKNOWN,UNKNOWN,UNKNOWN,UNKNOWN
StarNesterk=2_n=1_compact.dzn,0.012498856,0.001,9,0,0.011224425,,,0.011201501,,,,,,0.011919224,,,,0.011139905,,,,0.010886371,,,,0.010895157,,,,0.010810959,,,,SAT,UNKNOWN,UNKNOWN,UNKNOWN,UNKNOWN,UNKNOWN,UNKNOWN,UNKNOWN
StarNesterk=2_n=2.dzn,0.015411782,0.002,160,0,0.011148012,,,0.011322606,,,,,,0.011311662,,,,0.010920286,,,,0.011108422,,,,0.011020386,,,,0.010978794,,,,SAT,UNKNOWN,UNKNOWN,UNKNOWN,UNKNOWN,UNKNOWN,UNKNOWN,UNKNOWN
StarNesterk=2_n=2_compact.dzn,0.013284576,0,9,0,0.011422908,,,0.011200845,,,,,,0.011926317,,,,0.011068439,,,,0.010951078,,,,0.011193395,,,,0.010980439,,,,SAT,UNKNOWN,UNKNOWN,UNKNOWN,UNKNOWN,UNKNOWN,UNKNOWN,UNKNOWN
StarNesterk=2_n=3.dzn,0.0176,0.004,319,0,0.011122656,,,0.0109833,,,,,,0.011974061,,,,0.011195779,,,,0.011062586,,,,0.011013544,,,,0.011056924,,,,SAT,UNKNOWN,UNKNOWN,UNKNOWN,UNKNOWN,UNKNOWN,UNKNOWN,UNKNOWN
StarNesterk=2_n=3_compact.dzn,0.012271237,0,9,0,0.011965871,,,0.011359763,,,,,,0.010798573,,,,0.011042583,,,,0.011201358,,,,0.011166179,,,,0.010971975,,,,SAT,UNKNOWN,UNKNOWN,UNKNOWN,UNKNOWN,UNKNOWN,UNKNOWN,UNKNOWN
StarNesterk=2_n=4.dzn,0.020284212,0.005,538,0,0.011353242,,,0.011260414,,,,,,0.01113075,,,,0.011013997,,,,0.010971487,,,,0.010992169,,,,0.011091614,,,,SAT,UNKNOWN,UNKNOWN,UNKNOWN,UNKNOWN,UNKNOWN,UNKNOWN,UNKNOWN
StarNesterk=2_n=4_compact.dzn,0.01264751,0,9,0,0.011171865,,,0.011049557,,,,,,0.011044478,,,,0.010921204,,,,0.011142898,,,,0.010850322,,,,0.010995066,,,,SAT,UNKNOWN,UNKNOWN,UNKNOWN,UNKNOWN,UNKNOWN,UNKNOWN,UNKNOWN
StarNesterk=2_n=5.dzn,0.026518905,0.009,817,0,0.01129446,,,0.011460066,,,,,,0.013685,,,,0.01123004,,,,0.010989189,,,,0.010849965,,,,0.01101476,,,,SAT,UNKNOWN,UNKNOWN,UNKNOWN,UNKNOWN,UNKNOWN,UNKNOWN,UNKNOWN
StarNesterk=2_n=5_compact.dzn,0.012763584,0.001,9,0,0.010989845,,,0.011399174,,,,,,0.01087687,,,,0.010872352,,,,0.010929549,,,,0.011434507,,,,0.011465645,,,,SAT,UNKNOWN,UNKNOWN,UNKNOWN,UNKNOWN,UNKNOWN,UNKNOWN,UNKNOWN
StarNesterk=2_n=6.dzn,0.028376472,0.013,1156,0,0.011428392,,,0.01128726,,,,,,0.01398977,,,,0.010757339,,,,0.01149013,,,,0.011171865,,,,0.011372423,,,,SAT,UNKNOWN,UNKNOWN,UNKNOWN,UNKNOWN,UNKNOWN,UNKNOWN,UNKNOWN
StarNesterk=2_n=6_compact.dzn,0.012490714,0.001,9,0,0.01113205,,,0.010719287,,,,,,0.010869956,,,,0.010860169,,,,0.010758281,,,,0.010966218,,,,0.011161983,,,,SAT,UNKNOWN,UNKNOWN,UNKNOWN,UNKNOWN,UNKNOWN,UNKNOWN,UNKNOWN
StarNesterk=2_n=7.dzn,0.034123278,0.021,1555,0,0.011373913,,,0.011297393,,,,,,0.011208904,,,,0.011186099,,,,0.011448622,,,,0.011394668,,,,0.011295044,,,,SAT,UNKNOWN,UNKNOWN,UNKNOWN,UNKNOWN,UNKNOWN,UNKNOWN,UNKNOWN
StarNesterk=2_n=7_compact.dzn,0.013131583,0,9,0,0.011238229,,,0.011224198,,,,,,0.011062598,,,,0.011258399,,,,0.01103344,,,,0.010950029,,,,0.010762274,,,,SAT,UNKNOWN,UNKNOWN,UNKNOWN,UNKNOWN,UNKNOWN,UNKNOWN,UNKNOWN
StarNesterk=2_n=8.dzn,0.044517899,0.025,2014,0,0.011563206,,,0.011643231,,,,,,0.011181438,,,,0.011050224,,,,0.011203074,,,,0.011399019,,,,0.011245537,,,,SAT,UNKNOWN,UNKNOWN,UNKNOWN,UNKNOWN,UNKNOWN,UNKNOWN,UNKNOWN
StarNesterk=2_n=8_compact.dzn,0.01265831,0,9,0,0.011329424,,,0.011261129,,,,,,0.011198092,,,,0.010986507,,,,0.011088753,,,,0.011156332,,,,0.011317444,,,,SAT,UNKNOWN,UNKNOWN,UNKNOWN,UNKNOWN,UNKNOWN,UNKNOWN,UNKNOWN
StarNesterk=3_n=1.dzn,0.013030577,0.001,30,0,0.01114552,,,0.011237204,,,,,,0.011153352,,,,0.010833597,,,,0.011065567,,,,0.010978782,,,,0.010958922,,,,SAT,UNKNOWN,UNKNOWN,UNKNOWN,UNKNOWN,UNKNOWN,UNKNOWN,UNKNOWN
StarNesterk=3_n=1_compact.dzn,0.012442839,0.001,9,0,0.011188984,,,0.010914326,,,,,,0.0112082,,,,0.011103821,,,,0.011199701,,,,0.010828257,,,,0.011114919,,,,SAT,UNKNOWN,UNKNOWN,UNKNOWN,UNKNOWN,UNKNOWN,UNKNOWN,UNKNOWN
StarNesterk=3_n=2.dzn,0.01356914,0.002,75,0,0.011116731,,,0.011018944,,,,,,0.010902905,,,,0.011276805,,,,0.011136198,,,,0.011041594,,,,0.011178875,,,,SAT,UNKNOWN,UNKNOWN,UNKNOWN,UNKNOWN,UNKNOWN,UNKNOWN,UNKNOWN
StarNesterk=3_n=2_compact.dzn,0.012911046,0.001,15,0,0.011308932,,,0.011126065,,,,,,0.011044228,,,,0.010835052,,,,0.010835552,,,,0.010995328,,,,0.010867703,,,,SAT,UNKNOWN,UNKNOWN,UNKNOWN,UNKNOWN,UNKNOWN,UNKNOWN,UNKNOWN
StarNesterk=3_n=3.dzn,0.015547085,0.002,140,0,0.011134171,,,0.011060476,,,,,,0.011087525,,,,0.010967958,,,,0.01125803,,,,0.01135819,,,,0.010846353,,,,SAT,UNKNOWN,UNKNOWN,UNKNOWN,UNKNOWN,UNKNOWN,UNKNOWN,UNKNOWN
StarNesterk=3_n=3_compact.dzn,0.013063169,0.001,21,0,0.011768818,,,0.011326396,,,,,,0.010864568,,,,0.011104059,,,,0.010982823,,,,0.010913277,,,,0.011019754,,,,SAT,UNKNOWN,UNKNOWN,UNKNOWN,UNKNOWN,UNKNOWN,UNKNOWN,UNKNOWN
StarNesterk=3_n=4.dzn,0.01709162,0.003,225,0,0.01109103,,,0.011087155,,,,,,0.011053264,,,,0.011409736,,,,0.010592473,,,,0.011275899,,,,0.01116662,,,,SAT,UNKNOWN,UNKNOWN,UNKNOWN,UNKNOWN,UNKNOWN,UNKNOWN,UNKNOWN
StarNesterk=3_n=4_compact.dzn,0.013371587,0.001,27,0,0.011213946,,,0.011380351,,,,,,0.01155827,,,,0.011746252,,,,0.011325037,,,,0.0112378,,,,0.011656678,,,,SAT,UNKNOWN,UNKNOWN,UNKNOWN,UNKNOWN,UNKNOWN,UNKNOWN,UNKNOWN
StarNesterk=3_n=5.dzn,0.018673551,0.004,330,0,0.011343431,,,0.011257529,,,,,,0.011104751,,,,0.010955501,,,,0.011075819,,,,0.011105084,,,,0.010928857,,,,SAT,UNKNOWN,UNKNOWN,UNKNOWN,UNKNOWN,UNKNOWN,UNKNOWN,UNKNOWN
StarNesterk=3_n=5_compact.dzn,0.01421777,0.001,33,0,0.011446941,,,0.011290419,,,,,,0.011306989,,,,0.011446762,,,,0.011079419,,,,0.011109519,,,,0.010915911,,,,SAT,UNKNOWN,UNKNOWN,UNKNOWN,UNKNOWN,UNKNOWN,UNKNOWN,UNKNOWN
StarNesterk=3_n=6.dzn,0.020846713,0.006,455,0,0.010971665,,,0.011182737,,,,,,0.011179268,,,,0.011145556,,,,0.011053681,,,,0.011084569,,,,0.011299419,,,,SAT,UNKNOWN,UNKNOWN,UNKNOWN,UNKNOWN,UNKNOWN,UNKNOWN,UNKNOWN
StarNesterk=3_n=6_compact.dzn,0.014321613,0.002,39,0,0.0115237,,,0.011231637,,,,,,0.011083186,,,,0.011224759,,,,0.010985887,,,,0.01114316,,,,0.011042154,,,,SAT,UNKNOWN,UNKNOWN,UNKNOWN,UNKNOWN,UNKNOWN,UNKNOWN,UNKNOWN
StarNesterk=3_n=7.dzn,0.02260412,0.008,600,0,0.011350727,,,0.011463642,,,,,,0.01121285,,,,0.011226594,,,,0.011036909,,,,0.010946202,,,,0.010888302,,,,SAT,UNKNOWN,UNKNOWN,UNKNOWN,UNKNOWN,UNKNOWN,UNKNOWN,UNKNOWN
StarNesterk=3_n=7_compact.dzn,0.015096927,0.002,45,0,0.011880803,,,0.011204731,,,,,,0.010777164,,,,0.011075568,,,,0.010943162,,,,0.01148926,,,,0.011079907,,,,SAT,UNKNOWN,UNKNOWN,UNKNOWN,UNKNOWN,UNKNOWN,UNKNOWN,UNKNOWN
StarNesterk=3_n=8.dzn,0.02523998,0.011,765,0,0.011434722,,,0.011222982,,,,,,0.011510813,,,,0.011312032,,,,0.011077428,,,,0.011054718,,,,0.011020625,,,,SAT,UNKNOWN,UNKNOWN,UNKNOWN,UNKNOWN,UNKNOWN,UNKNOWN,UNKNOWN
StarNesterk=3_n=8_compact.dzn,0.016027856,0.003,51,0,0.011017931,,,0.011214221,,,,,,0.011321712,,,,0.01089735,,,,0.01089865,,,,0.011002302,,,,0.01121496,,,,SAT,UNKNOWN,UNKNOWN,UNKNOWN,UNKNOWN,UNKNOWN,UNKNOWN,UNKNOWN
"steadygame(1000,_1,_20,_1,_20)id=0.dzn",0.125107491,0.077,430,0,0.104855895,0.057230625,1,0.077647889,0.04176975,54,5099,4095,596,0.058039582,0.034819625,7,487,0.211872351,0.148429167,7,482,0.080066228,0.0603045,54,596,0.211103308,0.181307958,7,482,0.21360153,0.186438292,7,482,SAT,SAT,SAT,SAT,SAT,SAT,SAT,SAT
"steadygame(1000,_1,_20,_1,_20)id=1.dzn",0.099258733,0.067,441,0,0.08223933,0.063091583,1,0.04857626,0.039882458,4,3781,2777,435,0.05762409,0.035578,4,433,0.502923882,0.468532333,4,428,0.056800556,0.037427542,4,435,0.49261626,0.495022792,4,428,0.49581461,0.458264334,4,428,SAT,SAT,SAT,SAT,SAT,SAT,SAT,SAT
"steadygame(1000,_1,_20,_1,_20)id=11.dzn",0.081075168,0.058,1,1,0.019092834,0.003269791,1,0.017987621,0.0038805,1,,,,0.019356465,0.002615709,1,,0.016542923,0.003349542,1,,0.017026484,0.003355625,1,,0.017347336,0.003366709,1,,0.016943014,0.003422041,1,,UNSAT,UNSAT,UNSAT,UNSAT,UNSAT,UNSAT,UNSAT,UNSAT
"steadygame(1000,_1,_20,_1,_20)id=12.dzn",0.091385376,0.068,1,1,0.019247043,0.003253708,1,0.016507614,0.00205875,1,,,,0.017057717,0.001671375,1,,0.016391909,0.002065541,1,,0.016334379,0.001534167,1,,0.016005969,0.002074042,1,,0.015763807,0.002075333,1,,UNSAT,UNSAT,UNSAT,UNSAT,UNSAT,UNSAT,UNSAT,UNSAT
"steadygame(1000,_1,_20,_1,_20)id=13.dzn",0.120612621,0.101,1646,139,0.102065051,0.0764315,38,0.069123101,0.054879375,4,4306,3304,469,0.071384227,0.046738458,4,471,1.285328865,1.264347542,6,471,0.0795802,0.055188791,4,469,1.251088667,0.895977041,6,471,1.293741941,1.267018,6,471,SAT,SAT,SAT,SAT,SAT,SAT,SAT,SAT
"steadygame(1000,_1,_20,_1,_20)id=14.dzn",0.10586518,0.075,1,1,0.019963658,0.003116709,1,0.016762722,0.002311,1,,,,0.018620956,0.001592375,1,,0.01631279,0.001678916,1,,0.016336429,0.002271875,1,,0.016429389,0.002301167,1,,0.016480112,0.002336292,1,,UNSAT,UNSAT,UNSAT,UNSAT,UNSAT,UNSAT,UNSAT,UNSAT
"steadygame(1000,_1,_20,_1,_20)id=15.dzn",0.106262612,0.077,1,1,0.020268011,0.00311225,1,0.016796434,0.002452166,1,,,,0.016936767,0.001752792,1,,0.016639769,0.002446167,1,,0.016183496,0.004837667,1,,0.016490412,0.002428417,1,,0.016298485,0.002432125,1,,UNSAT,UNSAT,UNSAT,UNSAT,UNSAT,UNSAT,UNSAT,UNSAT
"steadygame(1000,_1,_20,_1,_20)id=16.dzn",0.11210016,0.084,1,1,0.020522487,0.003826042,1,0.01771909,0.002644542,1,,,,0.017444837,0.001773625,1,,0.016745818,0.001776958,1,,0.016772676,0.001755208,1,,0.016520512,0.002650041,1,,0.016824985,0.001763208,1,,UNSAT,UNSAT,UNSAT,UNSAT,UNSAT,UNSAT,UNSAT,UNSAT
"steadygame(1000,_1,_20,_1,_20)id=17.dzn",0.127390957,0.087,502,4,0.11101048,0.085735542,5,0.318110764,0.279433292,22,5225,4217,555,0.080628753,0.045225875,12,525,0.173334587,0.150032959,5,513,0.322278392,0.308391833,22,555,0.177018344,0.15861225,5,516,0.182325649,0.155445666,5,516,SAT,SAT,SAT,SAT,SAT,SAT,SAT,SAT
"steadygame(1000,_1,_20,_1,_20)id=18.dzn",0.093165863,0.064,1,1,0.020513141,0.003495709,1,0.016361117,0.00213575,1,,,,0.01609956,0.001605959,1,,0.016031051,0.001726083,1,,0.015797579,0.002115334,1,,0.015996957,0.002132625,1,,0.016106653,0.002127584,1,,UNSAT,UNSAT,UNSAT,UNSAT,UNSAT,UNSAT,UNSAT,UNSAT
"steadygame(1000,_1,_20,_1,_20)id=19.dzn",0.108968329,0.085,390,3,0.096352983,0.077188375,8,0.051928842,0.036449958,4,4308,3306,473,0.05160017,0.034030875,4,476,0.134639966,0.087018542,3,464,0.050803852,0.034675583,4,473,0.138613605,0.086132708,3,464,0.136033869,0.11752425,3,464,SAT,SAT,SAT,SAT,SAT,SAT,SAT,SAT
"steadygame(1000,_1,_20,_1,_20)id=2.dzn",0.105747223,0.077,401,3,0.092500997,0.076171166,2,0.056268215,0.039550958,19,4412,3407,527,0.071044934,0.049296041,43,566,0.556762719,0.522079125,6,500,0.067526865,0.042034,19,527,0.555860376,0.573938458,6,500,0.555062103,0.517230584,6,500,SAT,SAT,SAT,SAT,SAT,SAT,SAT,SAT
"steadygame(1000,_1,_20,_1,_20)id=20.dzn",0.115937424,0.095,365,0,0.095763505,0.067643458,1,0.056477308,0.034305166,2,4738,3735,474,0.057794213,0.033550625,2,481,0.094522262,0.072784375,2,469,0.050872827,0.032309875,2,474,0.092082703,0.072018709,2,469,0.093973935,0.08693275,2,469,SAT,SAT,SAT,SAT,SAT,SAT,SAT,SAT
"steadygame(1000,_1,_20,_1,_20)id=21.dzn",0.13441124,0.079,1,1,0.023788631,0.003569,1,0.019013166,0.003462291,1,,,,0.018788326,0.002502667,1,,0.018468976,0.002800459,1,,0.019149089,0.003561625,1,,0.018696761,0.003512458,1,,0.01846174,0.003543375,1,,UNSAT,UNSAT,UNSAT,UNSAT,UNSAT,UNSAT,UNSAT,UNSAT
"steadygame(1000,_1,_20,_1,_20)id=22.dzn",0.114087903,0.087,1,1,0.02069056,0.004446916,1,0.017508125,0.001902125,1,,,,0.017624116,0.001890959,1,,0.017257392,0.002095292,1,,0.016881716,0.002633458,1,,0.016962802,0.002730834,1,,0.017216647,0.002631083,1,,UNSAT,UNSAT,UNSAT,UNSAT,UNSAT,UNSAT,UNSAT,UNSAT
"steadygame(1000,_1,_20,_1,_20)id=23.dzn",0.100959492,0.073,1,1,0.020276451,0.0032145,1,0.016846371,0.002359583,1,,,,0.019610941,0.00167975,1,,0.016295004,0.001856292,1,,0.016508853,0.0023005,1,,0.016474307,0.002308125,1,,0.01644702,0.002391875,1,,UNSAT,UNSAT,UNSAT,UNSAT,UNSAT,UNSAT,UNSAT,UNSAT
"steadygame(1000,_1,_20,_1,_20)id=24.dzn",0.107281232,0.077,398,1,0.086663759,0.062442792,2,0.072671747,0.045223916,7,4136,3127,470,0.070793545,0.041664375,7,472,1.454734087,1.435448417,32,487,0.076895857,0.063067125,7,470,1.449186087,1.428895834,32,487,1.457652092,1.435412584,32,487,SAT,SAT,SAT,SAT,SAT,SAT,SAT,SAT
"steadygame(1000,_1,_20,_1,_20)id=3.dzn",0.08867557,0.047,567,8,0.090428841,0.051932125,16,0.456171715,0.305641416,104,3707,2697,746,0.13146826,0.083611334,3,497,2.827724934,2.807861417,11,508,0.493493521,0.474216208,104,746,2.801004171,2.778877791,11,508,2.754227161,2.734375667,11,508,SAT,SAT,SAT,SAT,SAT,SAT,SAT,SAT
"steadygame(1000,_1,_20,_1,_20)id=4.dzn",0.093620169,0.052,1,1,0.019603026,0.003741958,1,0.017099369,0.002374666,1,,,,0.018857884,0.001687416,1,,0.016282892,0.002352959,1,,0.016541827,0.002332667,1,,0.016539252,0.002346958,1,,0.01650846,0.002310333,1,,UNSAT,UNSAT,UNSAT,UNSAT,UNSAT,UNSAT,UNSAT,UNSAT
"steadygame(1000,_1,_20,_1,_20)id=7.dzn",0.094031119,0.054,1,1,0.020503259,0.003477291,1,0.016815186,0.002455083,1,,,,0.016696286,0.001981917,1,,0.016790795,0.002489625,1,,0.016327667,0.002459708,1,,0.016710794,0.002121333,1,,0.016556978,0.001840083,1,,UNSAT,UNSAT,UNSAT,UNSAT,UNSAT,UNSAT,UNSAT,UNSAT
"steadygame(1000,_1,_20,_1,_20)id=8.dzn",0.101466906,0.058,1,1,0.020301437,0.00414475,1,0.016931176,0.002576667,1,,,,0.017901218,0.001713667,1,,0.016624904,0.002554917,1,,0.016615486,0.002559125,1,,0.016662061,0.002871542,1,,0.016473591,0.0025495,1,,UNSAT,UNSAT,UNSAT,UNSAT,UNSAT,UNSAT,UNSAT,UNSAT
"steadygame(1000,_1,_20,_1,_20)id=9.dzn",0.170328784,0.098,4820,219,0.125555754,0.070272917,94,0.053284228,0.037655875,3,4299,3298,499,0.05258168,0.028090209,3,499,0.191197741,0.119589,8,487,0.058955729,0.03914025,3,499,0.189395273,0.165227458,8,487,0.195793641,0.168025125,8,487,SAT,SAT,SAT,SAT,SAT,SAT,SAT,SAT
"steadygame(10000,_1,_20,_1,_20)id=0.dzn",1.338025093,1.305,3657,1,6.884980917,6.803705042,2,6.138159275,6.0592685,25,56272,46269,5120,5.087511063,5.009113875,5,4999,110.9484181,110.8440303,4,4946,7.469423056,7.384612208,25,5120,109.5614369,109.471745,4,4946,109.9208968,109.8339567,4,4946,SAT,SAT,SAT,SAT,SAT,SAT,SAT,SAT
"steadygame(10000,_1,_20,_1,_20)id=1.dzn",1.45372715,0.858,1,1,0.124971294,0.055387667,1,0.141405618,0.078769708,1,,,,0.158026683,0.086041416,1,,0.159067714,0.0870835,1,,0.16007303,0.081451833,1,,0.159839094,0.09124425,1,,0.159855831,0.086341625,1,,UNSAT,UNSAT,UNSAT,UNSAT,UNSAT,UNSAT,UNSAT,UNSAT
"steadygame(10000,_1,_20,_1,_20)id=10.dzn",1.457012892,1.425,3566,0,7.330504894,7.242981125,1,5.611905813,5.530146583,33,55032,45025,5004,6.46115303,6.366466208,14,5064,103.1707997,103.097473,4,4819,6.197646856,6.112304666,33,5004,103.1163912,103.015915,4,4819,102.1315758,102.049794,4,4819,SAT,SAT,SAT,SAT,SAT,SAT,SAT,SAT
"steadygame(10000,_1,_20,_1,_20)id=11.dzn",1.029356909,0.678,1,1,0.105651832,0.030750041,1,0.112003231,0.059752459,1,,,,0.130458164,0.05608475,1,,0.13852464,0.068285292,1,,0.139569175,0.08547475,1,,0.13547014,0.069571917,1,,0.138732409,0.070383042,1,,UNSAT,UNSAT,UNSAT,UNSAT,UNSAT,UNSAT,UNSAT,UNSAT
"steadygame(10000,_1,_20,_1,_20)id=12.dzn",1.443423986,1.412,3494,0,7.467686176,7.375001292,1,12.75423622,12.67591363,30,57417,47415,4992,30.04196405,29.95706167,43,5195,180,,,,13.96587491,13.86852767,30,4992,180,,,,180,,,,SAT,TIMEOUT,SAT,TIMEOUT,TIMEOUT,SAT,SAT,SAT
"steadygame(10000,_1,_20,_1,_20)id=13.dzn",1.676265001,1.641,1,1,0.14995501,0.061203542,1,0.166604149,0.1021035,1,,,,0.188184738,0.094245084,1,,0.184577,0.111839958,1,,0.188749301,0.10144125,1,,0.184184182,0.1039655,1,,0.183102739,0.122410708,1,,UNSAT,UNSAT,UNSAT,UNSAT,UNSAT,UNSAT,UNSAT,UNSAT
"steadygame(10000,_1,_20,_1,_20)id=14.dzn",1.70520401,1.671,3923,0,9.410794973,9.306421792,1,4.899600744,4.804716125,3,71818,61815,5039,4.272800922,4.166828083,3,5051,46.79300094,46.6799485,4,5031,3.823185921,3.740373959,3,5039,46.64865708,46.54001454,4,5031,46.83552217,46.74563813,4,5031,SAT,SAT,SAT,SAT,SAT,SAT,SAT,SAT
"steadygame(10000,_1,_20,_1,_20)id=15.dzn",1.576058149,1.538,3771,0,8.176626921,8.085799583,1,6.400709867,6.311301375,17,60001,49997,5003,8.10484004,8.004522958,9,5007,42.48912787,42.39336117,2,4954,6.62898016,6.542326709,17,5003,41.98732495,41.90477642,2,4954,42.47946024,42.39220546,2,4954,SAT,SAT,SAT,SAT,SAT,SAT,SAT,SAT
"steadygame(10000,_1,_20,_1,_20)id=16.dzn",1.550199032,1.523,3913,1,8.233886003,8.134749542,2,4.149712801,4.071972,3,60599,50597,4930,3.268701792,3.184570458,3,4943,180,,,,4.566941023,4.47591925,3,4930,180,,,,180,,,,SAT,TIMEOUT,SAT,TIMEOUT,TIMEOUT,SAT,SAT,SAT
"steadygame(10000,_1,_20,_1,_20)id=17.dzn",1.212353945,1.183,3347,0,6.451251984,6.37326125,1,9.818229914,9.745390292,7,49718,39715,4860,11.90251374,11.81016425,8,4902,180,,,,10.80469728,10.71868221,7,4860,180,,,,180,,,,SAT,TIMEOUT,SAT,TIMEOUT,TIMEOUT,SAT,SAT,SAT
"steadygame(10000,_1,_20,_1,_20)id=18.dzn",1.306464195,1.272,3254,0,6.294744015,6.210738833,1,11.34353805,11.27216496,12,48373,38370,4729,10.19970798,10.09276417,3,4754,180,,,,18.05222917,17.94699388,12,4729,180,,,,180,,,,SAT,TIMEOUT,SAT,TIMEOUT,TIMEOUT,SAT,SAT,SAT
"steadygame(10000,_1,_20,_1,_20)id=19.dzn",1.455510139,1.425,3699,0,7.44879818,7.355613542,1,10.95568633,10.876981,75,55503,45497,5325,6.810381174,6.696915625,6,4952,180,,,,16.25254297,16.13155138,75,5325,180,,,,180,,,,SAT,TIMEOUT,SAT,TIMEOUT,TIMEOUT,SAT,SAT,SAT
"steadygame(10000,_1,_20,_1,_20)id=2.dzn",1.376608849,1.347,3507,0,7.097779989,7.01228625,1,4.03964901,3.956415792,6,53672,43670,4897,4.350487947,4.266934375,6,4932,77.90688992,77.82150679,13,4872,4.566233873,4.472999792,6,4897,77.84680223,77.75677983,13,4872,77.86110425,77.77017746,13,4872,SAT,SAT,SAT,SAT,SAT,SAT,SAT,SAT
"steadygame(10000,_1,_20,_1,_20)id=20.dzn",1.35082221,1.326,1,1,0.191470754,0.118463708,1,0.14311409,0.08161475,1,,,,0.137256074,0.079039291,1,,0.14028132,0.076825208,1,,0.139842248,0.08027925,1,,0.140709305,0.081815709,1,,0.139837039,0.083524083,1,,UNSAT,UNSAT,UNSAT,UNSAT,UNSAT,UNSAT,UNSAT,UNSAT
"steadygame(10000,_1,_20,_1,_20)id=21.dzn",1.507250309,1.466,3471,0,7.57949996,7.485670333,1,7.798757076,7.71487125,8,55111,45111,4835,9.232919931,9.149127625,4,4864,130.684875,130.5987276,12,4817,7.615681171,7.532399834,8,4835,130.0304952,129.9536514,12,4817,130.3907788,130.2959282,12,4817,SAT,SAT,SAT,SAT,SAT,SAT,SAT,SAT
"steadygame(10000,_1,_20,_1,_20)id=22.dzn",1.545378685,1.516,1,1,0.143027556,0.064260833,1,0.157003081,0.09042075,1,,,,0.150533319,0.085950708,1,,0.152506685,0.085642542,1,,0.152226162,0.095282042,1,,0.153885722,0.078908459,1,,0.154922807,0.090321375,1,,UNSAT,UNSAT,UNSAT,UNSAT,UNSAT,UNSAT,UNSAT,UNSAT
"steadygame(10000,_1,_20,_1,_20)id=23.dzn",1.394707918,1.363,1,1,0.138007677,0.065227334,1,0.133914101,0.071185583,1,,,,0.135323119,0.065632166,1,,0.13775444,0.078462334,1,,0.134713328,0.068291584,1,,0.132289207,0.078361083,1,,0.135043621,0.07241975,1,,UNSAT,UNSAT,UNSAT,UNSAT,UNSAT,UNSAT,UNSAT,UNSAT
"steadygame(10000,_1,_20,_1,_20)id=24.dzn",1.583086967,1.55,3899,5,7.538561106,7.451130083,8,6.30637908,6.226840041,38,54958,44951,5081,7.864219904,7.736558417,9,5020,180,,,,9.386152029,9.25922175,38,5081,180,,,,180,,,,SAT,TIMEOUT,SAT,TIMEOUT,TIMEOUT,SAT,SAT,SAT
"steadygame(10000,_1,_20,_1,_20)id=3.dzn",1.368838072,1.339,3430,0,6.758476019,6.682540833,1,4.505676985,4.431037125,5,52886,42884,4889,4.097662926,4.021355666,6,4919,180,,,,5.110193014,5.025873542,5,4889,180,,,,180,,,,SAT,TIMEOUT,SAT,TIMEOUT,TIMEOUT,SAT,SAT,SAT
"steadygame(10000,_1,_20,_1,_20)id=4.dzn",1.251585007,1.222,1,1,0.116003907,0.049146917,1,0.132415974,0.076525292,1,,,,0.194877529,0.113329958,1,,0.19299196,0.093002917,1,,0.201832151,0.114134208,1,,0.19949528,0.09483725,1,,0.192084098,0.09631975,1,,UNSAT,UNSAT,UNSAT,UNSAT,UNSAT,UNSAT,UNSAT,UNSAT
"steadygame(10000,_1,_20,_1,_20)id=5.dzn",1.529115915,1.505,3889,0,7.558961153,7.468908125,1,9.070014,8.9889745,5,57258,47253,4899,4.324008942,4.242223708,3,4923,158.496208,158.4147992,4,4876,9.900755405,9.81314525,5,4899,156.6615622,156.5882775,4,4876,157.7389371,157.6615811,4,4876,SAT,SAT,SAT,SAT,SAT,SAT,SAT,SAT
"steadygame(10000,_1,_20,_1,_20)id=6.dzn",1.543828964,1.515,3959,7,8.13256526,8.032976375,13,3.467548847,3.38925025,3,59201,49195,4819,3.904048204,3.823792917,3,4856,44.83823061,44.74553167,3,4805,3.84326005,3.751205958,3,4819,44.08825374,44.0208655,3,4805,44.15698314,44.07292838,3,4805,SAT,SAT,SAT,SAT,SAT,SAT,SAT,SAT
"steadygame(10000,_1,_20,_1,_20)id=7.dzn",1.730588913,1.701,4013,1,9.269905806,9.164326792,2,3.378936291,3.294150958,3,67236,57235,5044,3.613843203,3.525639875,2,5056,33.0678122,32.96621133,2,5034,3.687687159,3.596387958,3,5044,33.04902196,32.95281229,2,5035,32.8866291,32.77820513,2,5035,SAT,SAT,SAT,SAT,SAT,SAT,SAT,SAT
"steadygame(10000,_1,_20,_1,_20)id=8.dzn",1.261906147,1.233,1,1,0.144534349,0.071392625,1,0.149577367,0.078545,1,,,,0.225336373,0.132145334,1,,0.230563807,0.135499417,1,,0.231966007,0.114155708,1,,0.222706246,0.135696625,1,,0.229316151,0.127062375,1,,UNSAT,UNSAT,UNSAT,UNSAT,UNSAT,UNSAT,UNSAT,UNSAT
"steadygame(10000,_1,_20,_1,_20)id=9.dzn",1.817390203,1.784,3996,0,9.14423871,9.032475,1,3.788336754,3.703621542,2,66860,56850,4994,3.256567717,3.187100542,1,5009,46.65471196,46.58608271,4,4981,3.255491734,3.168615958,2,4994,50.26513886,50.18568121,4,4981,52.33471274,52.26961125,4,4981,SAT,SAT,SAT,SAT,SAT,SAT,SAT,SAT
"steadygame(20000,_1,_20,_1,_20)id=0.dzn",3.477216959,3.43,7829,11,32.37810206,32.18727221,10,17.78784108,17.62009279,11,124972,104961,9957,19.33280206,19.14224463,10,9996,180,,,,20.38831782,20.19871267,11,9957,180,,,,180,,,,SAT,TIMEOUT,SAT,TIMEOUT,TIMEOUT,SAT,SAT,SAT
"steadygame(20000,_1,_20,_1,_20)id=1.dzn",4.096452713,4.035,1,1,0.323912799,0.144260583,1,0.517916083,0.368521792,1,,,,0.54454143,0.377182417,1,,0.532238984,0.370716333,1,,0.538597107,0.375175041,1,,0.533009541,0.38623425,1,,0.534027088,0.368441584,1,,UNSAT,UNSAT,UNSAT,UNSAT,UNSAT,UNSAT,UNSAT,UNSAT
"steadygame(20000,_1,_20,_1,_20)id=10.dzn",2.130351067,2.092,1,1,0.300880027,0.107998875,1,0.424790692,0.301007417,1,,,,0.415293169,0.205998292,1,,0.418855608,0.27294275,1,,0.41099472,0.288242458,1,,0.411552727,0.27679425,1,,0.41666615,0.295984958,1,,UNSAT,UNSAT,UNSAT,UNSAT,UNSAT,UNSAT,UNSAT,UNSAT
"steadygame(20000,_1,_20,_1,_20)id=11.dzn",3.036037207,2.982,1,1,0.260086513,0.103744083,1,0.338689876,0.208274958,1,,,,0.327835059,0.204330167,1,,0.327885783,0.209567417,1,,0.338466585,0.225218167,1,,0.335865366,0.223384041,1,,0.326721692,0.217822583,1,,UNSAT,UNSAT,UNSAT,UNSAT,UNSAT,UNSAT,UNSAT,UNSAT
"steadygame(20000,_1,_20,_1,_20)id=12.dzn",3.396030903,3.35,7003,3,30.98232913,30.80928763,6,31.7933712,31.62881708,7,109104,89100,9916,33.00722623,32.84526033,7,9979,180,,,,31.24422288,31.08820913,7,9916,180,,,,180,,,,SAT,TIMEOUT,SAT,TIMEOUT,TIMEOUT,SAT,SAT,SAT
"steadygame(20000,_1,_20,_1,_20)id=13.dzn",3.706026077,3.658,1,1,0.340757024,0.176437167,1,0.478734779,0.329106083,1,,,,0.45472703,0.321140625,1,,0.453151202,0.306310917,1,,0.454049075,0.316366541,1,,0.452954578,0.316464291,1,,0.445712376,0.315466417,1,,UNSAT,UNSAT,UNSAT,UNSAT,UNSAT,UNSAT,UNSAT,UNSAT
"steadygame(20000,_1,_20,_1,_20)id=14.dzn",4.408877134,4.352,11510,145,37.41499496,37.22912042,25,44.60018492,44.42978925,6,128951,108947,10006,29.82761407,29.59081871,5,10050,180,,,,69.89516902,69.63106471,6,10006,180,,,,180,,,,SAT,TIMEOUT,SAT,TIMEOUT,TIMEOUT,SAT,SAT,SAT
"steadygame(20000,_1,_20,_1,_20)id=15.dzn",3.297039747,3.252,7982,15,27.34607887,27.16366733,8,180,,,,,,180,,,,180,,,,180,,,,180,,,,180,,,,SAT,TIMEOUT,TIMEOUT,TIMEOUT,TIMEOUT,TIMEOUT,SAT,TIMEOUT
"steadygame(20000,_1,_20,_1,_20)id=16.dzn",3.919115782,3.872,1,1,0.332217085,0.146152375,1,0.467549431,0.312601083,1,,,,0.74346807,0.509451917,1,,0.731960893,0.502104709,1,,0.736439347,0.525649208,1,,0.736417615,0.50165625,1,,0.736538994,0.505900541,1,,UNSAT,UNSAT,UNSAT,UNSAT,UNSAT,UNSAT,UNSAT,UNSAT
"steadygame(20000,_1,_20,_1,_20)id=17.dzn",3.324882984,3.282,7305,2,31.41153622,31.24305992,7,18.65578508,18.49293175,4,111860,91853,10005,27.66123486,27.415585,3,10064,180,,,,28.18849897,27.93248971,4,10005,180,,,,180,,,,SAT,TIMEOUT,SAT,TIMEOUT,TIMEOUT,SAT,SAT,SAT
"steadygame(20000,_1,_20,_1,_20)id=18.dzn",3.391635895,3.335,7034,0,30.24306083,30.05538958,1,25.79279184,25.64045458,5,115270,95268,9814,54.3066082,54.14443154,4,9877,180,,,,27.67870998,27.51293025,5,9814,180,,,,180,,,,SAT,TIMEOUT,SAT,TIMEOUT,TIMEOUT,SAT,SAT,SAT
"steadygame(20000,_1,_20,_1,_20)id=19.dzn",4.37350893,4.304,7849,0,39.29407001,39.07494146,1,19.35828805,19.14079796,3,144628,124621,9841,18.64071822,18.47501908,2,9875,180,,,,19.25332499,19.08909283,3,9841,180,,,,180,,,,SAT,TIMEOUT,SAT,TIMEOUT,TIMEOUT,SAT,SAT,SAT
"steadygame(20000,_1,_20,_1,_20)id=2.dzn",3.834262133,3.786,7752,0,35.230299,35.03281854,1,21.11900997,20.94754396,4,123264,103261,9978,21.04058099,20.86045371,4,10024,180,,,,22.29848909,22.11538746,4,9978,180,,,,180,,,,SAT,TIMEOUT,SAT,TIMEOUT,TIMEOUT,SAT,SAT,SAT
"steadygame(20000,_1,_20,_1,_20)id=20.dzn",3.116421938,3.071,1,1,0.299262965,0.148505916,1,0.358596754,0.258456917,1,,,,0.399018383,0.253728583,1,,0.402938974,0.262347542,1,,0.400500917,0.259175791,1,,0.396002913,0.271302875,1,,0.405379236,0.278157125,1,,UNSAT,UNSAT,UNSAT,UNSAT,UNSAT,UNSAT,UNSAT,UNSAT
"steadygame(20000,_1,_20,_1,_20)id=21.dzn",2.90645504,2.864,7689,19,27.99659109,27.84419013,20,32.81861711,32.68097992,3,114515,94513,9904,18.92067194,18.74357204,3,9971,180,,,,39.92832708,39.73349163,3,9904,180,,,,180,,,,SAT,TIMEOUT,SAT,TIMEOUT,TIMEOUT,SAT,SAT,SAT
"steadygame(20000,_1,_20,_1,_20)id=22.dzn",3.360943794,3.316,7072,0,31.23046613,31.05354254,1,21.69871593,21.53068108,5,115876,95874,9941,27.95001411,27.77886229,5,9995,180,,,,23.60581708,23.42830654,5,9941,180,,,,180,,,,SAT,TIMEOUT,SAT,TIMEOUT,TIMEOUT,SAT,SAT,SAT
"steadygame(20000,_1,_20,_1,_20)id=23.dzn",3.276979923,3.226,7415,11,30.85449505,30.66251254,10,33.53940105,33.37731338,4,110581,90574,9859,18.13320398,17.96279546,4,9923,180,,,,36.52556109,36.35522221,4,9859,180,,,,180,,,,SAT,TIMEOUT,SAT,TIMEOUT,TIMEOUT,SAT,SAT,SAT
"steadygame(20000,_1,_20,_1,_20)id=24.dzn",2.73574996,2.693,1,1,0.236244118,0.097259,1,0.304828775,0.193605208,1,,,,0.341249084,0.212603708,1,,0.341410458,0.219977292,1,,0.335677266,0.2134345,1,,0.343192208,0.24460375,1,,0.342056811,0.209921583,1,,UNSAT,UNSAT,UNSAT,UNSAT,UNSAT,UNSAT,UNSAT,UNSAT
"steadygame(20000,_1,_20,_1,_20)id=3.dzn",3.88120389,3.832,7676,1,33.53380895,33.33686988,2,22.61603522,22.45502167,6,121166,101163,9765,23.44844389,23.25996221,6,9822,180,,,,23.92817497,23.74442854,6,9765,180,,,,180,,,,SAT,TIMEOUT,SAT,TIMEOUT,TIMEOUT,SAT,SAT,SAT
"steadygame(20000,_1,_20,_1,_20)id=4.dzn",3.935435057,3.885,7604,2,36.57135916,36.36876654,5,19.56276917,19.380396,5,127942,107934,9987,17.44833899,17.26860054,3,10039,180,,,,18.48108387,18.33489508,5,9987,180,,,,180,,,,SAT,TIMEOUT,SAT,TIMEOUT,TIMEOUT,SAT,SAT,SAT
"steadygame(20000,_1,_20,_1,_20)id=5.dzn",4.107965946,4.054,1,1,0.351551175,0.179549416,1,0.527004087,0.357879958,1,,,,0.536017287,0.374021167,1,,0.537471533,0.378677333,1,,0.533623171,0.395211833,1,,0.526967084,0.365104,1,,0.534414971,0.385001458,1,,UNSAT,UNSAT,UNSAT,UNSAT,UNSAT,UNSAT,UNSAT,UNSAT
"steadygame(20000,_1,_20,_1,_20)id=6.dzn",3.564964056,3.514,1,1,0.299981582,0.138199958,1,0.44728955,0.289154125,1,,,,0.446774936,0.304540875,1,,0.453502083,0.305639833,1,,0.4445678,0.294922667,1,,0.442978871,0.314002209,1,,0.442799771,0.320140208,1,,UNSAT,UNSAT,UNSAT,UNSAT,UNSAT,UNSAT,UNSAT,UNSAT
"steadygame(20000,_1,_20,_1,_20)id=7.dzn",3.373361826,3.32,1,1,0.282459235,0.11441675,1,0.413719511,0.280775792,1,,,,0.41078465,0.27327775,1,,0.4124295,0.300002959,1,,0.408506823,0.260753875,1,,0.407640898,0.283639292,1,,0.405604625,0.279459791,1,,UNSAT,UNSAT,UNSAT,UNSAT,UNSAT,UNSAT,UNSAT,UNSAT
"steadygame(20000,_1,_20,_1,_20)id=8.dzn",3.314199209,3.266,1,1,0.302395368,0.144720209,1,0.381993103,0.249722792,1,,,,0.401706088,0.270728208,1,,0.395789528,0.27236325,1,,0.392143512,0.2703095,1,,0.397180009,0.259913416,1,,0.394911885,0.266451542,1,,UNSAT,UNSAT,UNSAT,UNSAT,UNSAT,UNSAT,UNSAT,UNSAT
"steadygame(20000,_1,_20,_1,_20)id=9.dzn",30.67175126,30.608,107150,3134,47.93045187,47.69855033,659,21.62650704,21.42067738,6,141718,121713,9889,25.43317294,25.22388008,6,9916,180,,,,22.43354988,22.22129258,6,9889,180,,,,180,,,,SAT,TIMEOUT,SAT,TIMEOUT,TIMEOUT,SAT,SAT,SAT
"steadygame(5000,_1,_20,_1,_20)id=0.dzn",0.627710402,0.589,1814,1,1.637193918,1.589866834,2,3.436912298,3.393342791,19,23323,18318,2492,1.212308168,1.182565458,17,2473,25.99475527,25.95406404,2,2407,3.424592972,3.368985167,19,2492,25.79670906,25.75656433,2,2407,25.71708417,25.66159179,2,2407,SAT,SAT,SAT,SAT,SAT,SAT,SAT,SAT
"steadygame(5000,_1,_20,_1,_20)id=1.dzn",0.822287798,0.801,1,1,0.08301692,0.033328208,1,0.069642329,0.026581875,1,,,,0.097905219,0.034050292,1,,0.092073393,0.033912875,1,,0.095771146,0.039504416,1,,0.094241571,0.033271666,1,,0.101245618,0.040537708,1,,UNSAT,UNSAT,UNSAT,UNSAT,UNSAT,UNSAT,UNSAT,UNSAT
"steadygame(5000,_1,_20,_1,_20)id=10.dzn",0.724412858,0.686,1907,1,1.865540981,1.813132292,2,1.663780212,1.601954,50,28155,23152,2677,1.044754028,1.000407667,21,2513,10.64874482,10.58896663,4,2417,1.75436306,1.701896209,50,2677,10.31922007,10.27388663,4,2417,10.49003792,10.44600067,4,2417,SAT,SAT,SAT,SAT,SAT,SAT,SAT,SAT
"steadygame(5000,_1,_20,_1,_20)id=11.dzn",0.755034804,0.79,1,1,0.079906452,0.031527083,1,0.067530227,0.02568475,1,,,,0.09617728,0.041686084,1,,0.096486044,0.046818709,1,,0.099956322,0.06134475,1,,0.090387881,0.036924,1,,0.09427793,0.035187042,1,,UNSAT,UNSAT,UNSAT,UNSAT,UNSAT,UNSAT,UNSAT,UNSAT
"steadygame(5000,_1,_20,_1,_20)id=12.dzn",0.706140125,0.663,2178,11,1.985873222,1.935213,7,1.321207047,1.279308875,3,27612,22609,2503,1.600382328,1.555115958,3,2518,102.3280919,102.2804178,9,2492,1.531229258,1.485534792,3,2503,101.722698,101.6704254,9,2492,102.088675,102.041891,9,2492,SAT,SAT,SAT,SAT,SAT,SAT,SAT,SAT
"steadygame(5000,_1,_20,_1,_20)id=13.dzn",0.607701004,0.573,1,1,0.057990122,0.025267334,1,0.047154975,0.019300417,1,,,,0.04561584,0.016599791,1,,0.057335138,0.017685666,1,,0.056362736,0.025227333,1,,0.058133364,0.026315959,1,,0.060851729,0.023229,1,,UNSAT,UNSAT,UNSAT,UNSAT,UNSAT,UNSAT,UNSAT,UNSAT
"steadygame(5000,_1,_20,_1,_20)id=14.dzn",0.631441832,0.567,1,1,0.068748045,0.024938542,1,0.04940387,0.018845875,1,,,,0.063037312,0.020216208,1,,0.060751843,0.017383708,1,,0.058299959,0.029078542,1,,0.057882154,0.023991875,1,,0.060626841,0.028205875,1,,UNSAT,UNSAT,UNSAT,UNSAT,UNSAT,UNSAT,UNSAT,UNSAT
"steadygame(5000,_1,_20,_1,_20)id=15.dzn",0.680303621,0.533,1,1,0.072566867,0.024229833,1,0.068079889,0.021279875,1,,,,0.069622183,0.027258416,1,,0.070828474,0.0294235,1,,0.074297047,0.023492083,1,,0.070620322,0.029206625,1,,0.069596732,0.035277292,1,,UNSAT,UNSAT,UNSAT,UNSAT,UNSAT,UNSAT,UNSAT,UNSAT
"steadygame(5000,_1,_20,_1,_20)id=16.dzn",0.676893425,0.634,1,1,0.071528196,0.024222125,1,0.057275212,0.023114959,1,,,,0.064264798,0.025744792,1,,0.066119039,0.027995834,1,,0.065769327,0.032061209,1,,0.063646305,0.026332958,1,,0.066105294,0.03255925,1,,UNSAT,UNSAT,UNSAT,UNSAT,UNSAT,UNSAT,UNSAT,UNSAT
"steadygame(5000,_1,_20,_1,_20)id=17.dzn",0.641020346,0.566,1682,0,1.630545139,1.587438792,1,0.845108724,0.77175625,2,24793,19789,2387,0.905443799,0.858053042,2,2398,67.41936183,67.35533163,21,2391,0.937326419,0.89615775,2,2387,68.25793004,68.20112267,21,2395,68.37427187,68.32167721,21,2395,SAT,SAT,SAT,SAT,SAT,SAT,SAT,SAT
"steadygame(5000,_1,_20,_1,_20)id=18.dzn",0.672410858,0.659,1733,0,1.726966143,1.680707208,1,1.230938911,1.179331459,5,25077,20070,2386,1.097110748,1.050460625,7,2419,24.73531389,24.68353492,3,2362,1.255299091,1.2052215,5,2386,25.17827296,25.13170883,3,2362,24.75602722,24.71447229,3,2362,SAT,SAT,SAT,SAT,SAT,SAT,SAT,SAT
"steadygame(5000,_1,_20,_1,_20)id=19.dzn",0.782631958,0.734,2047,3,2.103815079,2.04436375,5,0.899621725,0.827835666,6,28689,23685,2503,0.907457697,0.895336292,4,2520,11.11391997,11.06933258,4,2487,0.891093218,0.833828459,6,2503,11.16530704,11.10882921,4,2487,11.03032327,10.97978529,4,2487,SAT,SAT,SAT,SAT,SAT,SAT,SAT,SAT
"steadygame(5000,_1,_20,_1,_20)id=2.dzn",0.719278622,0.657,1,1,0.075133812,0.031699833,1,0.060624433,0.022885583,1,,,,0.060152876,0.02274125,1,,0.061004698,0.0219365,1,,0.056899953,0.016319041,1,,0.058171403,0.016118084,1,,0.058111548,0.024455834,1,,UNSAT,UNSAT,UNSAT,UNSAT,UNSAT,UNSAT,UNSAT,UNSAT
"steadygame(5000,_1,_20,_1,_20)id=20.dzn",0.911354601,0.866,1,1,0.085762691,0.0414895,1,0.079177344,0.038311167,1,,,,0.060088325,0.026525584,1,,0.05232904,0.018739,1,,0.050398839,0.018695,1,,0.050445533,0.019672042,1,,0.051656282,0.018668209,1,,UNSAT,UNSAT,UNSAT,UNSAT,UNSAT,UNSAT,UNSAT,UNSAT
"steadygame(5000,_1,_20,_1,_20)id=21.dzn",0.745605457,0.681,1878,2,1.889280081,1.83705425,3,1.480242014,1.433635542,6,28402,23397,2452,5.181178093,5.117787375,19,2508,14.68365788,14.610837,6,2433,2.144175053,2.075582833,6,2452,15.30745506,15.22692733,6,2433,14.82218695,14.74804321,6,2433,SAT,SAT,SAT,SAT,SAT,SAT,SAT,SAT
"steadygame(5000,_1,_20,_1,_20)id=22.dzn",0.675375962,0.657,2430,17,1.869581938,1.82034,32,3.012141943,2.970783167,97,23280,18277,2612,2.625452042,2.5729325,110,2634,29.66400194,29.59632771,5,2395,4.488684893,4.425419667,97,2612,29.76973987,29.71347975,5,2395,29.73832703,29.67979008,5,2395,SAT,SAT,SAT,SAT,SAT,SAT,SAT,SAT
"steadygame(5000,_1,_20,_1,_20)id=23.dzn",0.769684696,0.732,1947,0,2.061105013,2.01007675,1,1.176916838,1.125836625,8,30340,25335,2537,1.567418814,1.491776166,5,2550,18.53057718,18.45758942,4,2528,1.886219025,1.814105708,8,2537,17.59050918,17.51722954,4,2531,17.76526213,17.70461621,4,2531,SAT,SAT,SAT,SAT,SAT,SAT,SAT,SAT
"steadygame(5000,_1,_20,_1,_20)id=24.dzn",0.702555001,0.682,1,1,0.068342304,0.025701666,1,0.057140326,0.026637291,1,,,,0.051176131,0.016725042,1,,0.059538496,0.029101167,1,,0.053491867,0.021658417,1,,0.060423672,0.017655083,1,,0.059282935,0.015717666,1,,UNSAT,UNSAT,UNSAT,UNSAT,UNSAT,UNSAT,UNSAT,UNSAT
"steadygame(5000,_1,_20,_1,_20)id=3.dzn",0.665430045,0.65,1960,4,1.685850859,1.640781333,8,1.361691952,1.323613,14,23891,18888,2457,1.045032978,0.99892475,31,2479,57.75956202,57.71452404,6,2367,1.381900072,1.334915167,14,2457,57.60483408,57.56914158,6,2367,56.59149885,56.54712929,6,2367,SAT,SAT,SAT,SAT,SAT,SAT,SAT,SAT
"steadygame(5000,_1,_20,_1,_20)id=4.dzn",0.623915815,0.601,1,1,0.067619574,0.025888458,1,0.053095686,0.020898125,1,,,,0.08235563,0.036514417,1,,0.081463861,0.035670041,1,,0.082505083,0.037404667,1,,0.083965266,0.031999708,1,,0.081001973,0.033953709,1,,UNSAT,UNSAT,UNSAT,UNSAT,UNSAT,UNSAT,UNSAT,UNSAT
"steadygame(5000,_1,_20,_1,_20)id=5.dzn",0.70223645,0.685,1,1,0.06970644,0.0310435,1,0.061868572,0.029174334,1,,,,0.08769623,0.037930625,1,,0.089647198,0.043450125,1,,0.088123417,0.038103209,1,,0.088215423,0.039046959,1,,0.088366747,0.048201625,1,,UNSAT,UNSAT,UNSAT,UNSAT,UNSAT,UNSAT,UNSAT,UNSAT
"steadygame(5000,_1,_20,_1,_20)id=6.dzn",0.625814223,0.566,1,1,6.227781057,6.191852334,1,0.051414347,0.018942375,1,,,,0.081275165,0.027286208,1,,0.082923257,0.0294495,1,,0.082880938,0.02980625,1,,0.079992366,0.036529125,1,,0.077468681,0.038804583,1,,UNSAT,UNSAT,UNSAT,UNSAT,UNSAT,UNSAT,UNSAT,UNSAT
"steadygame(5000,_1,_20,_1,_20)id=7.dzn",0.67249223,0.628,1696,0,1.815165997,1.756929167,1,2.74169898,2.68811825,7,26404,21402,2465,1.002439976,0.95783125,6,2477,7.567698002,7.523489291,6,2431,2.91639185,2.865539541,7,2465,7.579100847,7.529812583,6,2431,7.64299798,7.602411083,6,2431,SAT,SAT,SAT,SAT,SAT,SAT,SAT,SAT
"steadygame(5000,_1,_20,_1,_20)id=8.dzn",0.604353988,0.549,1,1,0.069917452,0.032784708,1,0.047609818,0.02722925,1,,,,0.045169008,0.016288667,1,,0.054352367,0.018136916,1,,0.056925905,0.022755458,1,,0.058889902,0.02589675,1,,0.0543993,0.017130958,1,,UNSAT,UNSAT,UNSAT,UNSAT,UNSAT,UNSAT,UNSAT,UNSAT
"steadygame(5000,_1,_20,_1,_20)id=9.dzn",0.638839459,0.613,1811,1,1.654770851,1.614268375,2,2.659795046,2.619889625,5,24953,19951,2416,4.12808609,4.083710792,5,2438,57.75779104,57.71383588,3,2406,2.934230566,2.883977833,5,2416,57.74496198,57.69683767,3,2406,57.72595191,57.68609167,3,2406,SAT,SAT,SAT,SAT,SAT,SAT,SAT,SAT
"steadygame(50000,_1,_20,_1,_20)id=0.dzn",11.774369,11.656,18777,0,180,,,153.965482,153.4707273,1,332110,282104,24802,157.2621288,156.722197,1,24886,180,,,,152.407882,151.8830543,1,24802,180,,,,180,,,,SAT,TIMEOUT,SAT,TIMEOUT,TIMEOUT,SAT,TIMEOUT,SAT
"steadygame(50000,_1,_20,_1,_20)id=1.dzn",8.90134716,8.803,1,1,0.777249634,0.377001583,1,1.584326267,1.23858225,1,,,,1.683399916,1.329830167,1,,1.650734186,1.287847708,1,,1.625252724,1.280753167,1,,1.754567862,1.421248042,1,,1.708112001,1.354283167,1,,UNSAT,UNSAT,UNSAT,UNSAT,UNSAT,UNSAT,UNSAT,UNSAT
"steadygame(50000,_1,_20,_1,_20)id=10.dzn",11.5214901,11.414,18654,1,180,,,180,,,,,,180,,,,180,,,,180,,,,180,,,,180,,,,SAT,TIMEOUT,TIMEOUT,TIMEOUT,TIMEOUT,TIMEOUT,TIMEOUT,TIMEOUT
"steadygame(50000,_1,_20,_1,_20)id=11.dzn",9.343698025,9.229,1,1,0.778795242,0.387426083,1,1.556470871,1.189793958,1,,,,1.712422371,1.35686775,1,,1.670278072,1.280403917,1,,1.724004984,1.35242825,1,,1.681152821,1.275206083,1,,1.71160388,1.311419209,1,,UNSAT,UNSAT,UNSAT,UNSAT,UNSAT,UNSAT,UNSAT,UNSAT
"steadygame(50000,_1,_20,_1,_20)id=12.dzn",12.07569575,11.968,18875,0,180,,,164.1285691,163.6118525,4,335298,285295,24774,176.9271719,176.424894,4,24852,180,,,,167.0125999,166.5041236,4,24774,180,,,,180,,,,SAT,TIMEOUT,SAT,TIMEOUT,TIMEOUT,SAT,TIMEOUT,SAT
"steadygame(50000,_1,_20,_1,_20)id=13.dzn",11.60751581,11.495,18540,0,180,,,180,,,,,,180,,,,180,,,,180,,,,180,,,,180,,,,SAT,TIMEOUT,TIMEOUT,TIMEOUT,TIMEOUT,TIMEOUT,TIMEOUT,TIMEOUT
"steadygame(50000,_1,_20,_1,_20)id=14.dzn",10.42838001,10.302,1,1,0.859373701,0.388223,1,1.814860821,1.423947208,1,,,,1.989891052,1.577672459,1,,1.918339729,1.502782083,1,,1.974185944,1.552504042,1,,1.957653046,1.512378833,1,,1.966772795,1.5658545,1,,UNSAT,UNSAT,UNSAT,UNSAT,UNSAT,UNSAT,UNSAT,UNSAT
"steadygame(50000,_1,_20,_1,_20)id=15.dzn",9.857624054,9.733,1,1,0.766268444,0.350629125,1,1.780679226,1.39818875,1,,,,2.171843767,1.707766792,1,,2.114406109,1.680508958,1,,2.082155943,1.661838416,1,,2.121329069,1.694504083,1,,2.222510815,1.748061083,1,,UNSAT,UNSAT,UNSAT,UNSAT,UNSAT,UNSAT,UNSAT,UNSAT
"steadygame(50000,_1,_20,_1,_20)id=16.dzn",9.23835063,9.13,1,1,0.789749813,0.366141125,1,1.620609045,1.254021208,1,,,,1.765368938,1.377905875,1,,1.647808075,1.269174541,1,,1.715543032,1.336529917,1,,1.71216321,1.333457917,1,,1.684170008,1.292761583,1,,UNSAT,UNSAT,UNSAT,UNSAT,UNSAT,UNSAT,UNSAT,UNSAT
"steadygame(50000,_1,_20,_1,_20)id=17.dzn",10.41598582,10.296,1,1,0.860609698,0.241636958,1,1.856035709,1.464674,1,,,,1.871968031,1.479752916,1,,1.867174864,1.473174166,1,,1.99743104,1.570792917,1,,1.92702508,1.495847791,1,,1.904829264,1.505705208,1,,UNSAT,UNSAT,UNSAT,UNSAT,UNSAT,UNSAT,UNSAT,UNSAT
"steadygame(50000,_1,_20,_1,_20)id=18.dzn",14.01371503,13.878,19791,2,180,,,136.5113809,135.9544705,3,390134,340124,25021,136.6563351,136.0687891,2,25066,180,,,,133.514581,132.9315374,3,25021,180,,,,180,,,,SAT,TIMEOUT,SAT,TIMEOUT,TIMEOUT,SAT,TIMEOUT,SAT
"steadygame(50000,_1,_20,_1,_20)id=19.dzn",10.542171,10.429,1,1,0.890593493,0.462716042,1,1.745807886,1.355589375,1,,,,1.76222682,1.37051425,1,,1.781466961,1.378369583,1,,1.78823185,1.372075208,1,,1.845196962,1.444993917,1,,1.79974699,1.401658625,1,,UNSAT,UNSAT,UNSAT,UNSAT,UNSAT,UNSAT,UNSAT,UNSAT
"steadygame(50000,_1,_20,_1,_20)id=2.dzn",10.26052999,10.144,1,1,0.821872282,0.364008792,1,1.753576994,1.369065333,1,,,,1.753324032,1.373800625,1,,1.831933975,1.433134083,1,,1.803162813,1.409015792,1,,1.836928129,1.419745709,1,,1.762085915,1.3961315,1,,UNSAT,UNSAT,UNSAT,UNSAT,UNSAT,UNSAT,UNSAT,UNSAT
"steadygame(50000,_1,_20,_1,_20)id=20.dzn",11.33482099,11.224,18325,0,180,,,180,,,,,,169.877856,169.3715643,6,24982,180,,,,180,,,,180,,,,180,,,,SAT,TIMEOUT,TIMEOUT,TIMEOUT,TIMEOUT,TIMEOUT,TIMEOUT,SAT
"steadygame(50000,_1,_20,_1,_20)id=21.dzn",10.4684422,10.365,17989,0,180,,,180,,,,,,180,,,,180,,,,180,,,,180,,,,180,,,,SAT,TIMEOUT,TIMEOUT,TIMEOUT,TIMEOUT,TIMEOUT,TIMEOUT,TIMEOUT
"steadygame(50000,_1,_20,_1,_20)id=22.dzn",8.669437408,8.566,1,1,0.696936679,0.290680292,1,1.500193119,1.146260792,1,,,,1.510137081,1.177103584,1,,1.558705091,1.199756583,1,,1.592440128,1.244293292,1,,1.552459955,1.202433834,1,,1.646835804,1.300910791,1,,UNSAT,UNSAT,UNSAT,UNSAT,UNSAT,UNSAT,UNSAT,UNSAT
"steadygame(50000,_1,_20,_1,_20)id=23.dzn",11.83506203,11.696,1,1,0.951936066,0.447949208,1,2.20879817,1.7458015,1,,,,2.569429159,2.057798041,1,,2.524002075,2.000308459,1,,2.600664854,2.101876792,1,,2.601754904,2.096037375,1,,2.542156935,2.029245959,1,,UNSAT,UNSAT,UNSAT,UNSAT,UNSAT,UNSAT,UNSAT,UNSAT
"steadygame(50000,_1,_20,_1,_20)id=24.dzn",11.41766405,11.303,18609,0,180,,,180,,,,,,180,,,,180,,,,180,,,,180,,,,180,,,,SAT,TIMEOUT,TIMEOUT,TIMEOUT,TIMEOUT,TIMEOUT,TIMEOUT,TIMEOUT
"steadygame(50000,_1,_20,_1,_20)id=3.dzn",14.4029541,14.265,20294,1,180,,,150.2573612,149.6793017,5,384357,334347,24939,155.8265049,155.2472768,5,24971,180,,,,147.6256709,147.0471404,5,24939,180,,,,180,,,,SAT,TIMEOUT,SAT,TIMEOUT,TIMEOUT,SAT,TIMEOUT,SAT
"steadygame(50000,_1,_20,_1,_20)id=4.dzn",8.209453821,8.1,1,1,0.673139691,0.263133583,1,1.406189919,1.044793583,1,,,,1.147935152,0.881264125,1,,1.686669111,1.270164458,1,,1.639648676,1.238457041,1,,1.659682035,1.257717583,1,,1.616742849,1.211041916,1,,UNSAT,UNSAT,UNSAT,UNSAT,UNSAT,UNSAT,UNSAT,UNSAT
"steadygame(50000,_1,_20,_1,_20)id=5.dzn",8.912653923,8.804,1,1,0.734496975,0.347046041,1,1.425342083,1.071860208,1,,,,1.53296423,1.159880625,1,,1.479327917,1.113855417,1,,1.505801916,1.13845575,1,,1.487736225,1.124654708,1,,1.491280079,1.129607208,1,,UNSAT,UNSAT,UNSAT,UNSAT,UNSAT,UNSAT,UNSAT,UNSAT
"steadygame(50000,_1,_20,_1,_20)id=6.dzn",11.40422821,11.287,18647,0,180,,,180,,,,,,180,,,,180,,,,180,,,,180,,,,180,,,,SAT,TIMEOUT,TIMEOUT,TIMEOUT,TIMEOUT,TIMEOUT,TIMEOUT,TIMEOUT
"steadygame(50000,_1,_20,_1,_20)id=7.dzn",13.19415283,13.064,20127,29,180,,,180,,,,,,180,,,,180,,,,180,,,,180,,,,180,,,,SAT,TIMEOUT,TIMEOUT,TIMEOUT,TIMEOUT,TIMEOUT,TIMEOUT,TIMEOUT
"steadygame(50000,_1,_20,_1,_20)id=8.dzn",12.7011857,12.576,19664,3,180,,,159.6523387,159.1446736,6,350358,300347,24905,170.0672488,169.6457309,6,24970,180,,,,166.7292349,166.1990194,6,24905,180,,,,180,,,,SAT,TIMEOUT,SAT,TIMEOUT,TIMEOUT,SAT,TIMEOUT,SAT
"steadygame(50000,_1,_20,_1,_20)id=9.dzn",11.13835597,11.03,18327,1,180,,,170.2880549,169.8022905,4,320355,270350,24748,165.8312712,165.3326022,3,24844,180,,,,178.2929358,178.4388318,4,24748,180,,,,180,,,,SAT,TIMEOUT,SAT,TIMEOUT,TIMEOUT,SAT,TIMEOUT,SAT
SWP_SWP_(datasize=2_capacity=1_windowsize=1)eq=branching-bisim.dzn,3.047354937,2.962,1,1,0.365521288,0.15043225,1,3.141671181,2.912180125,1,,,,2.634902954,2.458635959,1,,3.273743868,3.041624584,1,,3.302628994,3.063208958,1,,3.206274033,2.984713125,1,,3.193310022,2.966464166,1,,UNSAT,UNSAT,UNSAT,UNSAT,UNSAT,UNSAT,UNSAT,UNSAT
SWP_SWP_(datasize=2_capacity=1_windowsize=1)eq=branching-sim.dzn,4.15643692,4.079,1,1,0.371392298,0.152680667,1,3.214379787,2.995586791,1,,,,2.082553864,1.907696,1,,3.257133007,2.995439125,1,,3.213155031,2.962096167,1,,3.236538172,2.991879625,1,,3.180413008,2.935382459,1,,UNSAT,UNSAT,UNSAT,UNSAT,UNSAT,UNSAT,UNSAT,UNSAT
SWP_SWP_(datasize=2_capacity=1_windowsize=1)eq=strong-bisim.dzn,0.618269825,0.599,2499,0,0.430622613,0.418646916,1,0.67592243,0.626130458,1,28207,0,2441,0.698572218,0.673286083,1,2441,108.4839191,108.44447,3,19257,0.704593372,0.43250275,1,2441,107.6547122,107.6124542,3,19257,108.8623581,108.8164113,3,19257,SAT,SAT,SAT,SAT,SAT,SAT,SAT,SAT
SWP_SWP_(datasize=2_capacity=1_windowsize=1)eq=weak-bisim.dzn,4.31534791,4.233,1,1,0.425763822,0.22691075,1,1.615336895,1.39589075,1,,,,1.684910059,1.419213875,1,,1.700683832,1.445932291,1,,1.651262999,1.40916925,1,,1.675786018,1.420787583,1,,1.68480587,1.437833959,1,,UNSAT,UNSAT,UNSAT,UNSAT,UNSAT,UNSAT,UNSAT,UNSAT
SWP_SWP_(datasize=2_capacity=1_windowsize=2)eq=branching-bisim.dzn,180,,,,70.14633393,33.70264,1,180,,,,,,180,,,,180,,,,180,,,,180,,,,180,,,,TIMEOUT,TIMEOUT,TIMEOUT,TIMEOUT,TIMEOUT,TIMEOUT,UNSAT,TIMEOUT
SWP_SWP_(datasize=2_capacity=1_windowsize=2)eq=branching-sim.dzn,180,,,,73.42539287,35.96789542,1,180,,,,,,180,,,,180,,,,180,,,,180,,,,180,,,,TIMEOUT,TIMEOUT,TIMEOUT,TIMEOUT,TIMEOUT,TIMEOUT,UNSAT,TIMEOUT
SWP_SWP_(datasize=2_capacity=1_windowsize=2)eq=strong-bisim.dzn,180,,,,180,,,180,,,,,,180,,,,180,,,,180,,,,180,,,,180,,,,TIMEOUT,TIMEOUT,TIMEOUT,TIMEOUT,TIMEOUT,TIMEOUT,TIMEOUT,TIMEOUT
SWP_SWP_(datasize=2_capacity=1_windowsize=2)eq=weak-bisim.dzn,180,,,,97.35532331,61.34765883,1,180,,,,,,180,,,,180,,,,180,,,,180,,,,180,,,,TIMEOUT,TIMEOUT,TIMEOUT,TIMEOUT,TIMEOUT,TIMEOUT,UNSAT,TIMEOUT
SWP_SWP_(datasize=3_capacity=1_windowsize=1)eq=branching-bisim.dzn,10.3773129,10.236,1,1,0.745641434,0.319952458,1,12.36555982,11.91575596,1,,,,12.4996562,12.02557654,1,,12.41394615,11.90426933,1,,12.35460401,11.85540471,1,,12.305408,11.80919533,1,,12.40867591,11.91298742,1,,UNSAT,UNSAT,UNSAT,UNSAT,UNSAT,UNSAT,UNSAT,UNSAT
SWP_SWP_(datasize=3_capacity=1_windowsize=1)eq=branching-sim.dzn,9.455506086,9.316,1,1,0.735824537,0.307412084,1,12.49186397,12.03721492,1,,,,12.62574792,12.16205213,1,,12.74072886,12.22084363,1,,12.74045205,12.24235842,1,,12.62513995,12.13371904,1,,12.68150187,12.17335208,1,,UNSAT,UNSAT,UNSAT,UNSAT,UNSAT,UNSAT,UNSAT,UNSAT
SWP_SWP_(datasize=3_capacity=1_windowsize=1)eq=strong-bisim.dzn,1.326355934,1.29,4528,0,1.273963928,1.207712709,1,2.258180141,2.187722166,1,54739,0,4469,2.371371984,2.299932416,1,4469,180,,,,2.319713831,2.255558708,1,4469,180,,,,180,,,,SAT,TIMEOUT,SAT,TIMEOUT,TIMEOUT,SAT,SAT,SAT
SWP_SWP_(datasize=3_capacity=1_windowsize=1)eq=weak-bisim.dzn,5.632219076,5.507,1,1,0.873531032,0.439931917,1,6.203383207,5.741219834,1,,,,4.655311108,4.28577475,1,,6.079926968,5.563652709,1,,6.117209196,5.611667208,1,,5.991983891,5.472005209,1,,6.074478865,5.53768875,1,,UNSAT,UNSAT,UNSAT,UNSAT,UNSAT,UNSAT,UNSAT,UNSAT
SWP_SWP_(datasize=3_capacity=1_windowsize=2)eq=strong-bisim.dzn,180,,,,180,,,180,,,,,,180,,,,180,,,,180,,,,180,,,,180,,,,TIMEOUT,TIMEOUT,TIMEOUT,TIMEOUT,TIMEOUT,TIMEOUT,TIMEOUT,TIMEOUT
SWPdatasize=2_windowsize=1_infinitely_often_enabled_then_infinitely_often_taken.dzn,0.090419018,0.059,1754,0,0.108778214,0.077798917,1,0.076013064,0.046663708,1,3448,0,1736,0.101470566,0.06734325,1,1736,0.861072636,0.845171166,1,1508,0.106888413,0.091314291,1,1736,0.867115557,0.831993375,1,1508,0.859825182,0.858703917,1,1508,SAT,SAT,SAT,SAT,SAT,SAT,SAT,SAT
SWPdatasize=2_windowsize=1_infinitely_often_lost.dzn,0.026429355,0.01,1,1,0.012700844,0.0009545,1,0.012407911,0.000404125,1,,,,0.013459802,0.00033075,1,,0.012843585,0.000404375,1,,0.012677479,0.00073875,1,,0.013344669,0.000320542,1,,0.013279891,0.000406667,1,,UNSAT,UNSAT,UNSAT,UNSAT,UNSAT,UNSAT,UNSAT,UNSAT
SWPdatasize=2_windowsize=1_infinitely_often_read_write.dzn,0.025112319,0.011,448,0,0.018899202,0.007778959,1,0.016920233,0.005355917,1,930,0,437,0.025256991,0.006784459,1,437,0.08455857,0.056924875,1,422,0.024165261,0.0065845,1,437,0.082259762,0.058792125,1,422,0.091736722,0.083255625,1,422,SAT,SAT,SAT,SAT,SAT,SAT,SAT,SAT
SWPdatasize=2_windowsize=1_infinitely_often_receive_d1.dzn,0.021102929,0.006,1,1,0.012030423,0.0003195,1,0.012435687,0.000239,1,,,,0.013385379,0.000204,1,,0.012268639,0.000184333,1,,0.011846924,0.000243625,1,,0.011721718,0.000193125,1,,0.011920631,0.00023925,1,,UNSAT,UNSAT,UNSAT,UNSAT,UNSAT,UNSAT,UNSAT,UNSAT
SWPdatasize=2_windowsize=1_infinitely_often_receive_for_all_d.dzn,0.026108181,0.01,1,1,0.012745714,0.000725667,1,0.012585318,0.000418125,1,,,,0.012754762,0.000296375,1,,0.012619376,0.000416458,1,,0.0125103,0.000326875,1,,0.013006938,0.000415292,1,,0.012332535,0.000423917,1,,UNSAT,UNSAT,UNSAT,UNSAT,UNSAT,UNSAT,UNSAT,UNSAT
SWPdatasize=2_windowsize=1_invariantly_infinitely_many_reachable_taus.dzn,0.031097472,0.017,544,0,0.022947276,0.009606709,1,0.019125926,0.007036958,1,1293,0,529,0.021050787,0.005829083,1,529,0.046577489,0.030300708,20,914,0.020706367,0.007123167,1,529,0.044659877,0.028064458,20,914,0.054628801,0.036877542,20,914,SAT,SAT,SAT,SAT,SAT,SAT,SAT,SAT
SWPdatasize=2_windowsize=1_no_duplication_of_messages.dzn,0.029469085,0.014,183,0,0.017615795,0.004338584,1,0.016224253,0.003882041,1,1366,0,168,0.01610719,0.00310275,1,168,0.203032768,0.135327,3,1673,0.016438341,0.003812,1,168,0.199003553,0.134958125,3,1673,0.206254482,0.198230125,3,1673,SAT,SAT,SAT,SAT,SAT,SAT,SAT,SAT
SWPdatasize=2_windowsize=1_no_generation_of_messages.dzn,0.017340004,0.004,43,0,0.012175143,0.00073725,1,0.012119448,0.00066825,1,321,0,38,0.013648045,0.00074525,1,38,0.022283721,0.009732167,1,292,0.013445044,0.000728209,1,38,0.022356474,0.00915725,1,292,0.022567272,0.009407709,1,292,SAT,SAT,SAT,SAT,SAT,SAT,SAT,SAT
SWPdatasize=2_windowsize=1_nodeadlock.dzn,0.022195625,0.005,71,0,0.01266191,0.001393583,1,0.012292075,0.000785458,1,429,0,56,0.016368008,0.000901875,1,56,0.030830967,0.016939542,1,393,0.015939021,0.000959959,1,56,0.028643191,0.015488167,1,393,0.027456105,0.01459875,1,393,SAT,SAT,SAT,SAT,SAT,SAT,SAT,SAT
SWPdatasize=2_windowsize=1_read_then_eventually_send.dzn,0.031948268,0.017,1,1,0.012877238,0.000523292,1,0.01227392,0.000588625,1,,,,0.012847102,0.000423667,1,,0.01241951,0.000580084,1,,0.012453163,0.000581375,1,,0.012672913,0.00059325,1,,0.012630904,0.000579042,1,,UNSAT,UNSAT,UNSAT,UNSAT,UNSAT,UNSAT,UNSAT,UNSAT
SWPdatasize=2_windowsize=1_read_then_eventually_send_if_fair.dzn,0.022703171,0.008,320,0,0.016240025,0.004587375,1,0.014833534,0.003040917,1,766,0,305,0.015037191,0.003052375,1,305,0.040212429,0.027926625,1,571,0.014720941,0.00304325,1,305,0.041007149,0.029549875,1,571,0.049111009,0.027614917,1,571,SAT,SAT,SAT,SAT,SAT,SAT,SAT,SAT
SWPdatasize=2_windowsize=2_infinitely_often_enabled_then_infinitely_often_taken.dzn,11.42208219,11.36,49041,0,72.10397911,71.97766758,1,45.37959409,45.28357225,1,112501,0,49012,47.65077209,47.51351875,1,49012,180,,,,49.78279495,49.66898533,1,49012,180,,,,180,,,,SAT,TIMEOUT,SAT,TIMEOUT,TIMEOUT,SAT,SAT,SAT
SWPdatasize=2_windowsize=2_infinitely_often_lost.dzn,0.852180648,0.526,1,1,0.094743252,0.049821583,1,0.133800137,0.073655708,1,,,,0.133479989,0.052168958,1,,0.13783083,0.081515209,1,,0.137258065,0.08018,1,,0.135950112,0.074459708,1,,0.136232519,0.079722209,1,,UNSAT,UNSAT,UNSAT,UNSAT,UNSAT,UNSAT,UNSAT,UNSAT
SWPdatasize=2_windowsize=2_infinitely_often_read_write.dzn,1.142548478,0.695,12990,0,4.686210155,4.64516475,1,3.585206985,3.54116825,1,34664,0,12971,3.126111984,3.080839833,1,12971,55.96806502,55.91187813,1,9821,3.748873949,3.696430083,1,12971,57.34814095,57.30107371,1,9821,56.40800214,56.35373367,1,9821,SAT,SAT,SAT,SAT,SAT,SAT,SAT,SAT
SWPdatasize=2_windowsize=2_infinitely_often_receive_d1.dzn,0.351856542,0.216,1,1,0.037057114,0.009541416,1,0.040582454,0.01553875,1,,,,0.053352809,0.020660334,1,,0.044573498,0.028911417,1,,0.046937478,0.016046541,1,,0.049874485,0.023189,1,,0.05089407,0.025149542,1,,UNSAT,UNSAT,UNSAT,UNSAT,UNSAT,UNSAT,UNSAT,UNSAT
SWPdatasize=2_windowsize=2_infinitely_often_receive_for_all_d.dzn,0.693072617,0.635,1,1,0.067050767,0.02954675,1,0.112871861,0.063716375,1,,,,0.113759422,0.068124834,1,,0.113143682,0.066336708,1,,0.115196455,0.067605916,1,,0.114897001,0.072613625,1,,0.111922657,0.068715,1,,UNSAT,UNSAT,UNSAT,UNSAT,UNSAT,UNSAT,UNSAT,UNSAT
SWPdatasize=2_windowsize=2_invariantly_infinitely_many_reachable_taus.dzn,1.158237219,1.136,16071,0,8.50383687,8.447217708,1,4.472700834,4.424049209,1,42188,0,16038,4.631738186,4.574354375,1,16038,25.93790293,25.87679304,257,14624,4.646803379,4.596661958,1,16038,26.14443493,26.09994867,257,14624,26.25939012,26.20915104,257,14624,SAT,SAT,SAT,SAT,SAT,SAT,SAT,SAT
SWPdatasize=2_windowsize=2_no_duplication_of_messages.dzn,1.921127081,1.893,7803,0,2.013684034,1.954303708,1,3.181463003,3.135190292,1,54317,0,7770,4.587873936,4.501944417,1,7770,180,,,,4.991589308,4.910074333,1,7770,180,,,,180,,,,SAT,TIMEOUT,SAT,TIMEOUT,TIMEOUT,SAT,SAT,SAT
SWPdatasize=2_windowsize=2_no_generation_of_messages.dzn,0.071895003,0.046,355,0,0.036906683,0.018142,1,0.026602268,0.013608834,1,3943,0,322,0.02715646,0.0118835,1,322,1.072684765,1.05766025,1,3710,0.028741646,0.015132542,1,322,1.420972109,1.406927375,1,3710,1.499120951,1.481923708,1,3710,SAT,SAT,SAT,SAT,SAT,SAT,SAT,SAT
SWPdatasize=2_windowsize=2_nodeadlock.dzn,0.297678149,0.277,1038,0,0.212115574,0.190687708,1,0.153665352,0.163944958,1,14060,0,1005,0.157586849,0.144376125,1,1005,18.47013187,18.44204179,1,13264,0.156610525,0.128023791,1,1005,18.67868805,18.64889013,1,13264,18.27191114,18.25155317,1,13264,SAT,SAT,SAT,SAT,SAT,SAT,SAT,SAT
SWPdatasize=2_windowsize=2_read_then_eventually_send.dzn,1.184071064,1.151,1,1,0.085529089,0.037186458,1,0.155870366,0.105125291,1,,,,0.151731288,0.113366625,1,,0.150975311,0.102628708,1,,0.148691714,0.103288042,1,,0.149768889,0.119028792,1,,0.150550067,0.096128,1,,UNSAT,UNSAT,UNSAT,UNSAT,UNSAT,UNSAT,UNSAT,UNSAT
SWPdatasize=2_windowsize=2_read_then_eventually_send_if_fair.dzn,1.645455122,1.622,14403,0,5.310836077,5.263986334,1,3.157875061,3.123470333,1,32397,0,14370,3.275354862,3.237935292,1,14370,70.60897994,70.56679042,1,22849,3.324877024,3.287769459,1,14370,71.19131112,71.15125488,1,22849,71.67747808,71.6383805,1,22849,SAT,SAT,SAT,SAT,SAT,SAT,SAT,SAT
SWPdatasize=2_windowsize=3_infinitely_often_enabled_then_infinitely_often_taken.dzn,180,,,,180,,,180,,,,,,180,,,,180,,,,180,,,,180,,,,180,,,,TIMEOUT,TIMEOUT,TIMEOUT,TIMEOUT,TIMEOUT,TIMEOUT,TIMEOUT,TIMEOUT
SWPdatasize=2_windowsize=3_infinitely_often_lost.dzn,15.62459898,15.422,1,1,1.752751827,1.1266535,1,19.16828918,18.28226083,1,,,,17.15731692,16.55745633,1,,18.87308025,18.01402025,1,,18.90660977,18.09006275,1,,18.88655686,18.08046763,1,,19.1064961,18.24984342,1,,UNSAT,UNSAT,UNSAT,UNSAT,UNSAT,UNSAT,UNSAT,UNSAT
SWPdatasize=2_windowsize=3_infinitely_often_read_write.dzn,109.8410029,109.669,208135,0,180,,,180,,,,,,180,,,,180,,,,180,,,,180,,,,180,,,,SAT,TIMEOUT,TIMEOUT,TIMEOUT,TIMEOUT,TIMEOUT,TIMEOUT,TIMEOUT
SWPdatasize=2_windowsize=3_infinitely_often_receive_d1.dzn,6.719158888,6.61,1,1,0.570757067,0.266114083,1,3.982903957,3.63717875,1,,,,3.941442013,3.618418958,1,,4.026757002,3.685003208,1,,3.561651945,3.307985583,1,,4.094655037,3.734883208,1,,4.083662271,3.728015,1,,UNSAT,UNSAT,UNSAT,UNSAT,UNSAT,UNSAT,UNSAT,UNSAT
SWPdatasize=2_windowsize=3_infinitely_often_receive_for_all_d.dzn,12.04612303,11.872,1,1,1.000402451,0.450981917,1,14.95820904,14.32799525,1,,,,14.22243094,13.72957713,1,,15.62349582,14.90413933,1,,15.30417895,14.5927065,1,,15.23397517,14.54018117,1,,14.9483304,14.30930763,1,,UNSAT,UNSAT,UNSAT,UNSAT,UNSAT,UNSAT,UNSAT,UNSAT
SWPdatasize=2_windowsize=3_invariantly_infinitely_many_reachable_taus.dzn,180,,,,180,,,180,,,,,,180,,,,180,,,,180,,,,180,,,,180,,,,TIMEOUT,TIMEOUT,TIMEOUT,TIMEOUT,TIMEOUT,TIMEOUT,TIMEOUT,TIMEOUT
SWPdatasize=2_windowsize=3_no_duplication_of_messages.dzn,180,,,,180,,,180,,,,,,180,,,,180,,,,180,,,,180,,,,180,,,,TIMEOUT,TIMEOUT,TIMEOUT,TIMEOUT,TIMEOUT,TIMEOUT,TIMEOUT,TIMEOUT
SWPdatasize=2_windowsize=3_no_generation_of_messages.dzn,0.502195287,0.508,1389,0,0.404721665,0.391387333,1,0.306362343,0.284704375,1,22866,0,1373,0.305057418,0.294923083,1,1373,51.97082615,51.94423804,1,21823,0.306418514,0.261339542,1,1373,52.6109271,52.58514013,1,21823,53.11062193,53.07874054,1,21823,SAT,SAT,SAT,SAT,SAT,SAT,SAT,SAT
SWPdatasize=2_windowsize=3_nodeadlock.dzn,9.732028246,9.64,13575,0,30.12307,29.88656238,1,24.50039911,24.31974517,1,223387,0,13518,24.29639316,24.09336242,1,13518,180,,,,26.11595988,25.89119608,1,13518,180,,,,180,,,,SAT,TIMEOUT,SAT,TIMEOUT,TIMEOUT,SAT,SAT,SAT
SWPdatasize=2_windowsize=3_read_then_eventually_send.dzn,17.64215279,17.383,1,1,1.302602053,0.567146875,1,44.61262417,43.99670008,1,,,,43.09512877,42.60115054,1,,45.18395591,44.48967808,1,,45.08210897,44.41491088,1,,45.38079524,44.69582967,1,,45.38639283,44.69434783,1,,UNSAT,UNSAT,UNSAT,UNSAT,UNSAT,UNSAT,UNSAT,UNSAT
SWPdatasize=2_windowsize=3_read_then_eventually_send_if_fair.dzn,180,,,,180,,,180,,,,,,180,,,,180,,,,180,,,,180,,,,180,,,,TIMEOUT,TIMEOUT,TIMEOUT,TIMEOUT,TIMEOUT,TIMEOUT,TIMEOUT,TIMEOUT
SWPdatasize=2_windowsize=4_infinitely_often_enabled_then_infinitely_often_taken.dzn,180,,,,180,,,180,,,,,,180,,,,180,,,,180,,,,180,,,,180,,,,TIMEOUT,TIMEOUT,TIMEOUT,TIMEOUT,TIMEOUT,TIMEOUT,TIMEOUT,TIMEOUT
SWPdatasize=2_windowsize=4_infinitely_often_lost.dzn,180,,,,22.93357897,14.87150629,1,180,,,,,,180,,,,180,,,,180,,,,180,,,,180,,,,TIMEOUT,TIMEOUT,TIMEOUT,TIMEOUT,TIMEOUT,TIMEOUT,UNSAT,TIMEOUT
SWPdatasize=2_windowsize=4_infinitely_often_read_write.dzn,180,,,,180,,,180,,,,,,180,,,,180,,,,180,,,,180,,,,180,,,,TIMEOUT,TIMEOUT,TIMEOUT,TIMEOUT,TIMEOUT,TIMEOUT,TIMEOUT,TIMEOUT
SWPdatasize=2_windowsize=4_infinitely_often_receive_d1.dzn,85.74602079,84.766,1,1,6.753929138,3.279380584,1,180,,,,,,180,,,,180,,,,180,,,,180,,,,180,,,,UNSAT,TIMEOUT,TIMEOUT,TIMEOUT,TIMEOUT,TIMEOUT,UNSAT,TIMEOUT
SWPdatasize=2_windowsize=4_infinitely_often_receive_for_all_d.dzn,170.8562202,168.886,1,1,12.52064085,6.098125,1,180,,,,,,180,,,,180,,,,180,,,,180,,,,180,,,,UNSAT,TIMEOUT,TIMEOUT,TIMEOUT,TIMEOUT,TIMEOUT,UNSAT,TIMEOUT
SWPdatasize=2_windowsize=4_invariantly_infinitely_many_reachable_taus.dzn,180,,,,180,,,180,,,,,,180,,,,180,,,,180,,,,180,,,,180,,,,TIMEOUT,TIMEOUT,TIMEOUT,TIMEOUT,TIMEOUT,TIMEOUT,TIMEOUT,TIMEOUT
SWPdatasize=2_windowsize=4_no_duplication_of_messages.dzn,180,,,,180,,,180,,,,,,180,,,,180,,,,180,,,,180,,,,180,,,,TIMEOUT,TIMEOUT,TIMEOUT,TIMEOUT,TIMEOUT,TIMEOUT,TIMEOUT,TIMEOUT
SWPdatasize=2_windowsize=4_no_generation_of_messages.dzn,2.799439669,2.752,5075,0,5.17150116,5.060381625,1,4.022134066,3.934136333,1,94702,0,5052,3.744955301,3.645252583,1,5052,180,,,,3.863949776,3.77591675,1,5052,180,,,,180,,,,SAT,TIMEOUT,SAT,TIMEOUT,TIMEOUT,SAT,SAT,SAT
SWPdatasize=2_windowsize=4_nodeadlock.dzn,180,,,,180,,,180,,,,,,180,,,,180,,,,180,,,,180,,,,180,,,,TIMEOUT,TIMEOUT,TIMEOUT,TIMEOUT,TIMEOUT,TIMEOUT,TIMEOUT,TIMEOUT
SWPdatasize=2_windowsize=4_read_then_eventually_send.dzn,180,,,,15.34724617,6.414595834,1,180,,,,,,180,,,,180,,,,180,,,,180,,,,180,,,,TIMEOUT,TIMEOUT,TIMEOUT,TIMEOUT,TIMEOUT,TIMEOUT,UNSAT,TIMEOUT
SWPdatasize=2_windowsize=4_read_then_eventually_send_if_fair.dzn,180,,,,180,,,180,,,,,,180,,,,180,,,,180,,,,180,,,,180,,,,TIMEOUT,TIMEOUT,TIMEOUT,TIMEOUT,TIMEOUT,TIMEOUT,TIMEOUT,TIMEOUT
SWPdatasize=4_windowsize=1_infinitely_often_enabled_then_infinitely_often_taken.dzn,0.832017934,0.802,11112,0,2.673452854,2.644923917,1,1.648905039,1.62199775,1,21496,0,11094,1.681796074,1.634419,1,11094,20.63929272,20.60950821,1,9736,1.697102785,1.66058075,1,11094,21.69603205,21.66087679,1,9736,19.87054586,19.83486483,1,9736,SAT,SAT,SAT,SAT,SAT,SAT,SAT,SAT
SWPdatasize=4_windowsize=1_infinitely_often_lost.dzn,0.057363069,0.037,1,1,0.017385352,0.004481625,1,0.015664196,0.00136675,1,,,,0.017372501,0.001122333,1,,0.016219127,0.001387042,1,,0.015747964,0.001380291,1,,0.015856433,0.001344125,1,,0.015479231,0.001386541,1,,UNSAT,UNSAT,UNSAT,UNSAT,UNSAT,UNSAT,UNSAT,UNSAT
SWPdatasize=4_windowsize=1_infinitely_often_read_write.dzn,0.0547737,0.033,1306,0,0.069197226,0.037986541,1,0.051608837,0.025276458,1,2970,0,1295,0.040986574,0.0274365,1,1295,0.475739551,0.385546375,1,1324,0.052611065,0.036460709,1,1295,0.470827568,0.459530292,1,1324,0.478182185,0.428367917,1,1324,SAT,SAT,SAT,SAT,SAT,SAT,SAT,SAT
SWPdatasize=4_windowsize=1_infinitely_often_receive_d1.dzn,0.031400299,0.017,1,1,0.013490558,0.001102334,1,0.013177752,0.000573959,1,,,,0.01314168,0.000408167,1,,0.012932885,0.000577583,1,,0.012777066,0.000582167,1,,0.013136411,0.000583542,1,,0.012781274,0.00058425,1,,UNSAT,UNSAT,UNSAT,UNSAT,UNSAT,UNSAT,UNSAT,UNSAT
SWPdatasize=4_windowsize=1_infinitely_often_receive_for_all_d.dzn,0.109730017,0.068,1,1,0.021929383,0.004072333,1,0.019847775,0.002914709,1,,,,0.022144628,0.002052375,1,,0.019155765,0.00294775,1,,0.019437432,0.002919459,1,,0.018865657,0.002064792,1,,0.019228911,0.003032208,1,,UNSAT,UNSAT,UNSAT,UNSAT,UNSAT,UNSAT,UNSAT,UNSAT
SWPdatasize=4_windowsize=1_invariantly_infinitely_many_reachable_taus.dzn,0.092907381,0.054,1624,0,0.110549641,0.064024,1,0.067237926,0.038105375,1,4029,0,1609,0.06525346,0.041951458,1,1609,0.271976936,0.193203792,56,1883,0.069921267,0.060814042,1,1609,0.264412904,0.240252667,56,1883,0.27037524,0.239431958,56,1883,SAT,SAT,SAT,SAT,SAT,SAT,SAT,SAT
SWPdatasize=4_windowsize=1_no_duplication_of_messages.dzn,0.141513216,0.087,721,0,0.083462024,0.049070708,1,0.066866052,0.034254167,1,6862,0,706,0.047289681,0.03253525,1,706,3.961641312,3.946889833,3,7671,0.063404763,0.042166416,1,706,4.03617692,4.015371709,3,7671,3.949656248,3.92934775,3,7671,SAT,SAT,SAT,SAT,SAT,SAT,SAT,SAT
SWPdatasize=4_windowsize=1_no_generation_of_messages.dzn,0.079168475,0.052,352,0,0.033215618,0.017436333,1,0.024878776,0.013566542,1,3339,0,337,0.026984012,0.012365458,1,337,0.948853242,0.794836333,1,3050,0.027179468,0.011854125,1,337,0.966097283,0.636422459,1,3050,0.938513625,0.947985542,1,3050,SAT,SAT,SAT,SAT,SAT,SAT,SAT,SAT
SWPdatasize=4_windowsize=1_nodeadlock.dzn,0.034651279,0.017,155,0,0.017318165,0.0050755,1,0.015524113,0.003448667,1,1341,0,140,0.016283834,0.002497541,1,140,0.16298188,0.107190291,1,1233,0.016374362,0.003485583,1,140,0.162450111,0.105234458,1,1233,0.165913939,0.161612708,1,1233,SAT,SAT,SAT,SAT,SAT,SAT,SAT,SAT
SWPdatasize=4_windowsize=1_read_then_eventually_send.dzn,0.148426926,0.09,1,1,0.022722507,0.003360208,1,0.019845784,0.005132542,1,,,,0.02070086,0.003591,1,,0.020721209,0.005035166,1,,0.019957268,0.005072417,1,,0.02050432,0.005096,1,,0.020051956,0.005115208,1,,UNSAT,UNSAT,UNSAT,UNSAT,UNSAT,UNSAT,UNSAT,UNSAT
SWPdatasize=4_windowsize=1_read_then_eventually_send_if_fair.dzn,0.060119045,0.035,1132,0,0.056882524,0.029418125,1,0.033335853,0.02057125,1,2686,0,1117,0.033357847,0.01829875,1,1117,0.448549366,0.304719958,1,1941,0.038454044,0.024674708,1,1117,0.440663695,0.299934083,1,1941,0.45750792,0.460945458,1,1941,SAT,SAT,SAT,SAT,SAT,SAT,SAT,SAT
SWPdatasize=4_windowsize=2_infinitely_often_enabled_then_infinitely_often_taken.dzn,180,,,,180,,,180,,,,,,180,,,,180,,,,180,,,,180,,,,180,,,,TIMEOUT,TIMEOUT,TIMEOUT,TIMEOUT,TIMEOUT,TIMEOUT,TIMEOUT,TIMEOUT
SWPdatasize=4_windowsize=2_infinitely_often_lost.dzn,8.325183868,8.186,1,1,1.027974844,0.612610708,1,13.00212216,12.449749,1,,,,13.04581189,12.57799908,1,,13.27561808,12.66033054,1,,13.07433701,12.49046492,1,,13.13059926,12.53331404,1,,13.06306005,12.45326838,1,,UNSAT,UNSAT,UNSAT,UNSAT,UNSAT,UNSAT,UNSAT,UNSAT
SWPdatasize=4_windowsize=2_infinitely_often_read_write.dzn,54.51237488,54.39,130375,0,180,,,180,,,,,,180,,,,180,,,,180,,,,180,,,,180,,,,SAT,TIMEOUT,TIMEOUT,TIMEOUT,TIMEOUT,TIMEOUT,TIMEOUT,TIMEOUT
SWPdatasize=4_windowsize=2_infinitely_often_receive_d1.dzn,2.275394917,2.224,1,1,0.309617686,0.133781625,1,1.210330248,1.019038042,1,,,,1.001984119,0.853017833,1,,1.261851072,1.048878167,1,,1.272505999,1.071211,1,,1.237949133,1.037727333,1,,1.244305849,1.035633375,1,,UNSAT,UNSAT,UNSAT,UNSAT,UNSAT,UNSAT,UNSAT,UNSAT
SWPdatasize=4_windowsize=2_infinitely_often_receive_for_all_d.dzn,13.19197607,13.001,1,1,1.100434065,0.51478375,1,16.52932906,15.83816233,1,,,,15.78911114,15.2530925,1,,16.74063492,15.97886725,1,,16.77618003,16.02182983,1,,16.8639791,16.10819796,1,,16.71458197,15.97592254,1,,UNSAT,UNSAT,UNSAT,UNSAT,UNSAT,UNSAT,UNSAT,UNSAT
SWPdatasize=4_windowsize=2_invariantly_infinitely_many_reachable_taus.dzn,115.2478998,115.11,159779,0,180,,,180,,,,,,180,,,,180,,,,180,,,,180,,,,180,,,,SAT,TIMEOUT,TIMEOUT,TIMEOUT,TIMEOUT,TIMEOUT,TIMEOUT,TIMEOUT
SWPdatasize=4_windowsize=2_no_duplication_of_messages.dzn,180,,,,180,,,180,,,,,,180,,,,180,,,,180,,,,180,,,,180,,,,TIMEOUT,TIMEOUT,TIMEOUT,TIMEOUT,TIMEOUT,TIMEOUT,TIMEOUT,TIMEOUT
SWPdatasize=4_windowsize=2_no_generation_of_messages.dzn,7.55359292,7.485,14929,0,32.48399091,32.24934658,1,25.90443611,25.71215829,1,211949,0,14896,25.56779504,25.39515446,1,14896,180,,,,24.74754119,24.56936092,1,14896,180,,,,180,,,,SAT,TIMEOUT,SAT,TIMEOUT,TIMEOUT,SAT,SAT,SAT
SWPdatasize=4_windowsize=2_nodeadlock.dzn,5.233098984,5.174,9748,0,14.21487498,14.05684388,1,11.7504611,11.63372492,1,140348,0,9715,11.05622673,10.92770413,1,9715,180,,,,11.25508595,11.12704113,1,9715,180,,,,180,,,,SAT,TIMEOUT,SAT,TIMEOUT,TIMEOUT,SAT,SAT,SAT
SWPdatasize=4_windowsize=2_read_then_eventually_send.dzn,18.70885301,18.466,1,1,1.134664059,0.450022792,1,21.63640499,21.07720025,1,,,,21.92613387,21.36039525,1,,21.96482086,21.35437504,1,,21.91693115,21.32326992,1,,21.73220301,21.154989,1,,21.87193394,21.28853488,1,,UNSAT,UNSAT,UNSAT,UNSAT,UNSAT,UNSAT,UNSAT,UNSAT
SWPdatasize=4_windowsize=2_read_then_eventually_send_if_fair.dzn,167.2804332,167.153,180797,0,180,,,180,,,,,,180,,,,180,,,,180,,,,180,,,,180,,,,SAT,TIMEOUT,TIMEOUT,TIMEOUT,TIMEOUT,TIMEOUT,TIMEOUT,TIMEOUT
SWPdatasize=4_windowsize=3_infinitely_often_read_write.dzn,180,,,,180,,,180,,,,,,180,,,,180,,,,180,,,,180,,,,180,,,,TIMEOUT,TIMEOUT,TIMEOUT,TIMEOUT,TIMEOUT,TIMEOUT,TIMEOUT,TIMEOUT
SWPdatasize=4_windowsize=3_infinitely_often_receive_d1.dzn,180,,,,16.79454398,7.936551625,1,180,,,,,,180,,,,180,,,,180,,,,180,,,,180,,,,TIMEOUT,TIMEOUT,TIMEOUT,TIMEOUT,TIMEOUT,TIMEOUT,UNSAT,TIMEOUT
SWPdatasize=4_windowsize=3_invariantly_infinitely_many_reachable_taus.dzn,180,,,,180,,,180,,,,,,180,,,,180,,,,180,,,,180,,,,180,,,,TIMEOUT,TIMEOUT,TIMEOUT,TIMEOUT,TIMEOUT,TIMEOUT,TIMEOUT,TIMEOUT
SWPdatasize=4_windowsize=3_no_generation_of_messages.dzn,180,,,,180,,,180,,,,,,180,,,,180,,,,180,,,,180,,,,180,,,,TIMEOUT,TIMEOUT,TIMEOUT,TIMEOUT,TIMEOUT,TIMEOUT,TIMEOUT,TIMEOUT
SWPdatasize=4_windowsize=3_nodeadlock.dzn,180,,,,180,,,180,,,,,,180,,,,180,,,,180,,,,180,,,,180,,,,TIMEOUT,TIMEOUT,TIMEOUT,TIMEOUT,TIMEOUT,TIMEOUT,TIMEOUT,TIMEOUT
SWPdatasize=4_windowsize=3_read_then_eventually_send_if_fair.dzn,180,,,,180,,,180,,,,,,180,,,,180,,,,180,,,,180,,,,180,,,,TIMEOUT,TIMEOUT,TIMEOUT,TIMEOUT,TIMEOUT,TIMEOUT,TIMEOUT,TIMEOUT
SWPdatasize=8_windowsize=1_infinitely_often_enabled_then_infinitely_often_taken.dzn,21.81917787,21.764,77732,0,126.4619331,126.295837,1,84.52136993,84.37978667,1,147448,0,77714,86.94925404,86.81609667,1,77714,180,,,,81.94105315,81.87153475,1,77714,180,,,,180,,,,SAT,TIMEOUT,SAT,TIMEOUT,TIMEOUT,SAT,SAT,SAT
SWPdatasize=8_windowsize=1_infinitely_often_lost.dzn,0.254753029,0.227,1,1,0.030507863,0.011652375,1,0.028256118,0.005979917,1,,,,0.030465209,0.007513792,1,,0.028614843,0.006107375,1,,0.028691578,0.006414958,1,,0.028622699,0.005928917,1,,0.028488898,0.007355542,1,,UNSAT,UNSAT,UNSAT,UNSAT,UNSAT,UNSAT,UNSAT,UNSAT
SWPdatasize=8_windowsize=1_infinitely_often_read_write.dzn,0.261840212,0.15,4294,0,0.553015804,0.364506333,1,0.37833277,0.350075917,1,10362,0,4283,0.385289907,0.255778875,1,4283,5.324304819,5.297102833,1,4568,0.374532199,0.327670958,1,4283,5.439409256,5.415472709,1,4568,5.45420599,5.430633458,1,4568,SAT,SAT,SAT,SAT,SAT,SAT,SAT,SAT
SWPdatasize=8_windowsize=1_infinitely_often_receive_d1.dzn,0.100181139,0.07,1,1,0.019451344,0.003409959,1,0.018756068,0.002382125,1,,,,0.025494409,0.003013042,1,,0.023510003,0.003099375,1,,0.026987839,0.002990625,1,,0.022919059,0.003032542,1,,0.02320466,0.003011708,1,,UNSAT,UNSAT,UNSAT,UNSAT,UNSAT,UNSAT,UNSAT,UNSAT
SWPdatasize=8_windowsize=1_infinitely_often_receive_for_all_d.dzn,0.778576148,0.487,1,1,0.079739928,0.030863334,1,0.13040489,0.070825334,1,,,,0.120278704,0.05481075,1,,0.129088485,0.073665,1,,0.129813123,0.079994375,1,,0.124155283,0.066927,1,,0.127732515,0.070517083,1,,UNSAT,UNSAT,UNSAT,UNSAT,UNSAT,UNSAT,UNSAT,UNSAT
SWPdatasize=8_windowsize=1_invariantly_infinitely_many_reachable_taus.dzn,0.387524974,0.231,5464,0,0.935068357,0.607604083,1,0.547216809,0.5516255,1,13821,0,5449,0.542820275,0.3480175,1,5449,2.600487947,2.572297167,176,5682,0.551394272,0.5120915,1,5449,2.670832872,2.645271209,176,5682,2.635802984,2.600564417,176,5682,SAT,SAT,SAT,SAT,SAT,SAT,SAT,SAT
SWPdatasize=8_windowsize=1_no_duplication_of_messages.dzn,1.102715015,1.068,3909,0,1.680238008,1.629301416,1,1.197458982,1.159269083,1,41758,0,3894,1.335970879,1.2801375,1,3894,156.0359969,155.9772426,3,43399,1.305747986,1.254498625,1,3894,155.748879,155.702588,3,43399,157.960444,157.9201147,3,43399,SAT,SAT,SAT,SAT,SAT,SAT,SAT,SAT
SWPdatasize=8_windowsize=1_no_generation_of_messages.dzn,0.614147019,0.421,2656,0,0.838619483,0.564552125,1,0.623314011,0.581916667,1,28959,0,2641,0.647336733,0.448412833,1,2641,69.61399508,69.58034925,1,26714,0.654511392,0.618422417,1,2641,69.67707682,69.63117583,1,26714,70.0728569,70.03040813,1,26714,SAT,SAT,SAT,SAT,SAT,SAT,SAT,SAT
SWPdatasize=8_windowsize=1_nodeadlock.dzn,0.101579797,0.066,443,0,0.05039252,0.033798083,1,0.030886841,0.018494959,1,4605,0,428,0.035251319,0.021075042,1,428,1.688851118,1.670235959,1,4257,0.03749547,0.022114458,1,428,1.675116777,1.660563459,1,4257,1.786200047,1.768689542,1,4257,SAT,SAT,SAT,SAT,SAT,SAT,SAT,SAT
SWPdatasize=8_windowsize=1_read_then_eventually_send.dzn,0.91381284,0.882,1,1,0.067875409,0.022636917,1,0.118149948,0.073707167,1,,,,0.122854352,0.079365583,1,,0.121753573,0.087081833,1,,0.122862589,0.086140875,1,,0.119777739,0.079785083,1,,0.12150532,0.086848959,1,,UNSAT,UNSAT,UNSAT,UNSAT,UNSAT,UNSAT,UNSAT,UNSAT
SWPdatasize=8_windowsize=1_read_then_eventually_send_if_fair.dzn,0.288024449,0.241,4316,0,0.491286123,0.471558292,1,0.329859471,0.308040625,1,9982,0,4301,0.335312963,0.312597458,1,4301,5.627417088,5.6080395,1,7081,0.334532464,0.310899042,1,4301,5.682606936,5.661663042,1,7081,5.627182961,5.60069525,1,7081,SAT,SAT,SAT,SAT,SAT,SAT,SAT,SAT
towersofhanoi(10).dzn,180,,,,180,,,180,,,,,,180,,,,180,,,,180,,,,180,,,,180,,,,TIMEOUT,TIMEOUT,TIMEOUT,TIMEOUT,TIMEOUT,TIMEOUT,TIMEOUT,TIMEOUT
towersofhanoi(11).dzn,180,,,,180,,,180,,,,,,180,,,,180,,,,180,,,,180,,,,180,,,,TIMEOUT,TIMEOUT,TIMEOUT,TIMEOUT,TIMEOUT,TIMEOUT,TIMEOUT,TIMEOUT
towersofhanoi(5).dzn,0.316443372,0.295,815,1,1.109526873,1.092961083,3,1.00569973,0.973866583,112,1696,723,881,1.035298109,1.018340125,112,881,31.23644185,31.21746,630,27274,1.126822233,1.111915667,112,881,31.71627975,31.70078179,630,27274,31.17182279,31.15343963,630,27274,SAT,SAT,SAT,SAT,SAT,SAT,SAT,SAT
towersofhanoi(6).dzn,6.475385189,6.458,2435,1,31.3322649,31.31176175,3,29.72487307,29.70706396,340,5098,2181,2648,32.83715892,32.812746,340,2648,180,,,,32.51965308,32.49745546,340,2648,180,,,,180,,,,SAT,TIMEOUT,SAT,TIMEOUT,TIMEOUT,SAT,SAT,SAT
towersofhanoi(7).dzn,169.3314209,169.306,7295,1,180,,,180,,,,,,180,,,,180,,,,180,,,,180,,,,180,,,,SAT,TIMEOUT,TIMEOUT,TIMEOUT,TIMEOUT,TIMEOUT,TIMEOUT,TIMEOUT
towersofhanoi(8).dzn,180,,,,180,,,180,,,,,,180,,,,180,,,,180,,,,180,,,,180,,,,TIMEOUT,TIMEOUT,TIMEOUT,TIMEOUT,TIMEOUT,TIMEOUT,TIMEOUT,TIMEOUT
towersofhanoi(9).dzn,180,,,,180,,,180,,,,,,180,,,,180,,,,180,,,,180,,,,180,,,,TIMEOUT,TIMEOUT,TIMEOUT,TIMEOUT,TIMEOUT,TIMEOUT,TIMEOUT,TIMEOUT
